# Blender 4.0.2
# www.blender.org
mtllib Antenna.mtl
o Antenna_Mesh
v -5.395260 31.140469 50.350227
v -5.395252 31.140469 56.224705
v -5.433892 31.084061 56.224705
v -5.433896 31.084061 50.350227
v -5.449548 31.017508 56.224705
v -5.449548 31.017508 50.350227
v -5.440100 30.949787 56.224705
v -5.440100 30.949787 50.350227
v -5.406832 30.890053 56.224705
v -5.406832 30.890057 50.350227
v -5.354232 30.846376 56.224705
v -5.354232 30.846376 50.350227
v -5.289400 30.824648 56.224705
v -5.289404 30.824648 50.350227
v -5.221100 30.827805 56.224705
v -5.221100 30.827808 50.350227
v -5.158552 30.855425 56.224705
v -5.158556 30.855419 50.350227
v -5.110208 30.903772 56.224705
v -5.110208 30.903772 50.350227
v -5.082588 30.966316 56.224705
v -5.082592 30.966316 50.350227
v -5.079432 31.034616 56.224705
v -5.079436 31.034616 50.350227
v -5.101160 31.099445 56.224705
v -5.101164 31.099443 50.350227
v -5.144840 31.152044 56.224705
v -5.144844 31.152048 50.350227
v -5.204572 31.185312 56.224705
v -5.204576 31.185316 50.350227
v -5.272288 31.194765 56.224705
v -5.272296 31.194763 50.350227
v -5.338848 31.179104 56.224705
v -5.338848 31.179108 50.350227
v -4.774936 31.234287 35.481159
v -3.414888 32.594334 35.481159
v -3.675700 32.855148 35.481159
v -5.035744 31.495098 35.481159
v -4.774936 31.234287 35.649387
v -5.035744 31.495098 35.649387
v -3.675700 32.855148 35.649387
v -3.414888 32.594337 35.649387
v -4.902700 31.361891 35.480251
v -4.902700 31.361891 35.651020
v -4.960016 31.411219 35.651020
v -4.960016 31.411219 35.480251
v -5.024048 31.451447 35.651020
v -5.024048 31.451447 35.480251
v -5.093360 31.481691 35.651020
v -5.093360 31.481691 35.480251
v -5.166404 31.501263 35.651020
v -5.166404 31.501263 35.480251
v -5.241548 31.509727 35.651020
v -5.241548 31.509727 35.480251
v -5.317112 31.506895 35.651020
v -5.317112 31.506895 35.480251
v -5.391420 31.492838 35.651020
v -5.391420 31.492838 35.480251
v -5.462792 31.467859 35.651020
v -5.462792 31.467859 35.480251
v -5.529652 31.432526 35.651020
v -5.529652 31.432526 35.480251
v -5.590492 31.387623 35.651020
v -5.590492 31.387623 35.480251
v -5.643964 31.334150 35.651020
v -5.643964 31.334150 35.480251
v -5.688868 31.273312 35.651020
v -5.688868 31.273312 35.480251
v -5.724200 31.206448 35.651020
v -5.724200 31.206448 35.480251
v -5.749180 31.135078 35.651020
v -5.749180 31.135078 35.480251
v -5.763236 31.060774 35.651020
v -5.763236 31.060774 35.480251
v -5.766064 30.985207 35.651020
v -5.766064 30.985207 35.480251
v -5.757600 30.910063 35.651020
v -5.757600 30.910063 35.480251
v -5.738028 30.837023 35.651020
v -5.738024 30.837023 35.480251
v -5.707784 30.767708 35.651020
v -5.707784 30.767708 35.480251
v -5.667556 30.703678 35.651020
v -5.667556 30.703678 35.480251
v -5.618232 30.646362 35.651020
v -5.618232 30.646362 35.480251
v -5.560912 30.597034 35.651020
v -5.560912 30.597034 35.480251
v -5.496880 30.556803 35.651020
v -5.496880 30.556803 35.480251
v -5.427572 30.526562 35.651020
v -5.427572 30.526562 35.480251
v -5.354528 30.506987 35.651020
v -5.354528 30.506987 35.480251
v -5.279384 30.498524 35.651020
v -5.279384 30.498524 35.480251
v -5.203816 30.501350 35.651020
v -5.203816 30.501350 35.480251
v -5.129516 30.515408 35.651020
v -5.129516 30.515408 35.480251
v -5.058136 30.540382 35.651020
v -5.058136 30.540382 35.480251
v -4.991276 30.575718 35.651020
v -4.991276 30.575718 35.480251
v -4.930436 30.620623 35.651020
v -4.930436 30.620623 35.480251
v -4.876964 30.674095 35.651020
v -4.876964 30.674095 35.480251
v -4.832060 30.734940 35.651020
v -4.832060 30.734940 35.480251
v -4.796724 30.801796 35.651020
v -4.796724 30.801796 35.480251
v -4.771748 30.873171 35.651020
v -4.771748 30.873171 35.480251
v -4.757692 30.947475 35.651020
v -4.757692 30.947475 35.480251
v -4.754860 31.023039 35.651020
v -4.754860 31.023039 35.480251
v -4.763328 31.098186 35.651020
v -4.763328 31.098186 35.480251
v -4.782896 31.171230 35.651020
v -4.782896 31.171230 35.480251
v -4.813140 31.240540 35.651020
v -4.813140 31.240540 35.480251
v -4.853376 31.304571 35.651020
v -4.853376 31.304571 35.480251
v -5.051616 31.212967 51.368275
v -5.051616 31.212967 51.462185
v -5.085080 31.241764 51.462185
v -5.085080 31.241764 51.368275
v -5.122456 31.265251 51.462185
v -5.122456 31.265251 51.368275
v -5.162920 31.282900 51.462185
v -5.162920 31.282900 51.368275
v -5.205556 31.294333 51.462185
v -5.205556 31.294333 51.368275
v -5.249428 31.299276 51.462185
v -5.249428 31.299276 51.368275
v -5.293540 31.297625 51.462185
v -5.293540 31.297625 51.368275
v -5.336916 31.289415 51.462185
v -5.336912 31.289415 51.368275
v -5.378584 31.274836 51.462185
v -5.378584 31.274836 51.368275
v -5.417612 31.254208 51.462185
v -5.417612 31.254208 51.368275
v -5.453132 31.227991 51.462185
v -5.453132 31.227991 51.368275
v -5.484348 31.196775 51.462185
v -5.484348 31.196775 51.368275
v -5.510564 31.161261 51.462185
v -5.510564 31.161261 51.368275
v -5.531188 31.122229 51.462185
v -5.531188 31.122229 51.368275
v -5.545772 31.080559 51.462185
v -5.545772 31.080559 51.368275
v -5.553976 31.037184 51.462185
v -5.553976 31.037184 51.368275
v -5.555628 30.993073 51.462185
v -5.555628 30.993073 51.368275
v -5.550684 30.949203 51.462185
v -5.550684 30.949203 51.368275
v -5.539260 30.906559 51.462185
v -5.539260 30.906559 51.368275
v -5.521608 30.866100 51.462185
v -5.521608 30.866100 51.368275
v -5.498120 30.828724 51.462185
v -5.498120 30.828724 51.368275
v -5.469324 30.795263 51.462185
v -5.469324 30.795263 51.368275
v -5.435864 30.766468 51.462185
v -5.435864 30.766468 51.368275
v -5.398488 30.742981 51.462185
v -5.398488 30.742981 51.368275
v -5.358028 30.725323 51.462185
v -5.358028 30.725323 51.368275
v -5.315384 30.713900 51.462185
v -5.315384 30.713900 51.368275
v -5.271516 30.708960 51.462185
v -5.271516 30.708960 51.368275
v -5.227400 30.710608 51.462185
v -5.227400 30.710608 51.368275
v -5.184028 30.718815 51.462185
v -5.184028 30.718815 51.368275
v -5.142360 30.733395 51.462185
v -5.142360 30.733395 51.368275
v -5.103328 30.754025 51.462185
v -5.103328 30.754025 51.368275
v -5.067808 30.780235 51.462185
v -5.067808 30.780235 51.368275
v -5.036592 30.811455 51.462185
v -5.036592 30.811455 51.368275
v -5.010384 30.846972 51.462185
v -5.010384 30.846972 51.368275
v -4.989756 30.886000 51.462185
v -4.989756 30.886000 51.368275
v -4.975172 30.927668 51.462185
v -4.975172 30.927668 51.368275
v -4.966968 30.971043 51.462185
v -4.966968 30.971043 51.368275
v -4.965312 31.015160 51.462185
v -4.965312 31.015160 51.368275
v -4.970252 31.059029 51.462185
v -4.970252 31.059029 51.368275
v -4.981684 31.101664 51.462185
v -4.981684 31.101664 51.368275
v -4.999336 31.142128 51.462185
v -4.999336 31.142128 51.368275
v -5.022820 31.179508 51.462185
v -5.022820 31.179508 51.368275
v -5.337040 31.082264 56.128216
v -5.337028 31.082279 81.518478
v -5.358576 31.050827 81.518478
v -5.358584 31.050812 56.128216
v -5.367304 31.013714 81.518478
v -5.367320 31.013700 56.128216
v -5.362032 30.975958 81.518478
v -5.362048 30.975941 56.128216
v -5.343484 30.942646 81.518478
v -5.343496 30.942633 56.128216
v -5.314152 30.918289 81.518478
v -5.314168 30.918276 56.128216
v -5.278004 30.906174 81.518478
v -5.278016 30.906160 56.128216
v -5.239916 30.907938 81.518478
v -5.239932 30.907921 56.128216
v -5.205040 30.923334 81.518478
v -5.205056 30.923321 56.128216
v -5.178080 30.950294 81.518478
v -5.178096 30.950275 56.128216
v -5.162684 30.985170 81.518478
v -5.162696 30.985157 56.128216
v -5.160920 31.023258 81.518478
v -5.160936 31.023241 56.128216
v -5.173040 31.059402 81.518478
v -5.173048 31.059393 56.128216
v -5.197396 31.088734 81.518478
v -5.197408 31.088724 56.128216
v -5.230696 31.107294 81.518478
v -5.230716 31.107273 56.128216
v -5.268460 31.112558 81.518478
v -5.268476 31.112541 56.128216
v -5.305572 31.103830 81.518478
v -5.305588 31.103809 56.128216
v -5.319052 31.106943 33.672527
v -5.319052 31.106943 35.107780
v -5.346524 31.066830 35.107780
v -5.346524 31.066830 33.672527
v -5.357656 31.019510 35.107780
v -5.357656 31.019510 33.672527
v -5.350940 30.971359 35.107780
v -5.350940 30.971359 33.672527
v -5.327284 30.928883 35.107780
v -5.327284 30.928883 33.672527
v -5.289884 30.897823 35.107780
v -5.289880 30.897823 33.672527
v -5.243784 30.882374 35.107780
v -5.243784 30.882374 33.672527
v -5.195216 30.884619 35.107780
v -5.195216 30.884619 33.672527
v -5.150744 30.904259 35.107780
v -5.150744 30.904259 33.672527
v -5.116364 30.938639 35.107780
v -5.116364 30.938639 33.672527
v -5.096724 30.983110 35.107780
v -5.096724 30.983110 33.672527
v -5.094484 31.031675 35.107780
v -5.094484 31.031675 33.672527
v -5.109932 31.077774 35.107780
v -5.109932 31.077774 33.672527
v -5.140992 31.115175 35.107780
v -5.140992 31.115175 33.672527
v -5.183464 31.138834 35.107780
v -5.183468 31.138830 33.672527
v -5.231616 31.145550 35.107780
v -5.231616 31.145550 33.672527
v -5.278944 31.134415 35.107780
v -5.278940 31.134418 33.672527
v -5.262488 31.050402 32.346077
v -5.281092 31.069016 34.902767
v -5.297428 31.045170 34.902767
v -5.273356 31.034534 32.346077
v -5.304040 31.017042 34.902767
v -5.277752 31.015827 32.346077
v -5.300052 30.988419 34.902767
v -5.275100 30.996778 32.346077
v -5.285984 30.963175 34.902767
v -5.265744 30.979982 32.346077
v -5.263756 30.944710 34.902767
v -5.250952 30.967703 32.346077
v -5.236352 30.935528 34.902767
v -5.232724 30.961590 32.346077
v -5.207484 30.936863 34.902767
v -5.213516 30.962479 32.346077
v -5.181052 30.948530 34.902767
v -5.195928 30.970245 32.346077
v -5.160612 30.968971 34.902767
v -5.182332 30.983843 32.346077
v -5.148940 30.995407 34.902767
v -5.174564 31.001431 32.346077
v -5.147608 31.024271 34.902767
v -5.173680 31.020634 32.346077
v -5.156792 31.051674 34.902767
v -5.179788 31.038862 32.346077
v -5.175252 31.073906 34.902767
v -5.192072 31.053658 32.346077
v -5.200504 31.087967 34.902767
v -5.208872 31.063007 32.346077
v -5.229120 31.091963 34.902767
v -5.227912 31.065666 32.346077
v -5.257256 31.085342 34.902767
v -5.246624 31.061266 32.346077
v -4.774940 31.234295 48.457390
v -3.414892 32.594345 48.457390
v -3.675708 32.855156 48.457390
v -5.035748 31.495111 48.457390
v -4.774940 31.234295 48.625614
v -5.035748 31.495111 48.625614
v -3.675708 32.855156 48.625614
v -3.414892 32.594345 48.625614
v -4.902696 31.361887 48.456490
v -4.902696 31.361887 48.627254
v -4.960016 31.411215 48.627254
v -4.960016 31.411215 48.456490
v -5.024040 31.451447 48.627254
v -5.024040 31.451447 48.456490
v -5.093356 31.481688 48.627254
v -5.093356 31.481688 48.456490
v -5.166400 31.501259 48.627254
v -5.166400 31.501259 48.456490
v -5.241540 31.509727 48.627254
v -5.241540 31.509727 48.456490
v -5.317108 31.506899 48.627254
v -5.317108 31.506899 48.456490
v -5.391416 31.492844 48.627254
v -5.391416 31.492844 48.456490
v -5.462788 31.467859 48.627254
v -5.462788 31.467859 48.456490
v -5.529648 31.432528 48.627254
v -5.529648 31.432528 48.456490
v -5.590492 31.387623 48.627254
v -5.590492 31.387623 48.456490
v -5.643964 31.334152 48.627254
v -5.643964 31.334152 48.456490
v -5.688868 31.273308 48.627254
v -5.688868 31.273308 48.456490
v -5.724200 31.206448 48.627254
v -5.724200 31.206448 48.456490
v -5.749180 31.135075 48.627254
v -5.749180 31.135075 48.456490
v -5.763236 31.060772 48.627254
v -5.763236 31.060772 48.456490
v -5.766064 30.985203 48.627254
v -5.766064 30.985203 48.456490
v -5.757596 30.910065 48.627254
v -5.757596 30.910065 48.456490
v -5.738024 30.837021 48.627254
v -5.738024 30.837021 48.456490
v -5.707784 30.767704 48.627254
v -5.707784 30.767704 48.456490
v -5.667552 30.703680 48.627254
v -5.667552 30.703680 48.456490
v -5.618224 30.646364 48.627254
v -5.618224 30.646364 48.456490
v -5.560908 30.597036 48.627254
v -5.560908 30.597036 48.456490
v -5.496876 30.556801 48.627254
v -5.496876 30.556801 48.456490
v -5.427568 30.526564 48.627254
v -5.427568 30.526564 48.456490
v -5.354524 30.506989 48.627254
v -5.354524 30.506989 48.456490
v -5.279380 30.498524 48.627254
v -5.279380 30.498524 48.456490
v -5.203812 30.501352 48.627254
v -5.203812 30.501352 48.456490
v -5.129508 30.515408 48.627254
v -5.129508 30.515408 48.456490
v -5.058132 30.540384 48.627254
v -5.058132 30.540384 48.456490
v -4.991276 30.575720 48.627254
v -4.991276 30.575720 48.456490
v -4.930432 30.620621 48.627254
v -4.930432 30.620621 48.456490
v -4.876960 30.674091 48.627254
v -4.876960 30.674091 48.456490
v -4.832056 30.734940 48.627254
v -4.832056 30.734940 48.456490
v -4.796724 30.801796 48.627254
v -4.796724 30.801796 48.456490
v -4.771748 30.873173 48.627254
v -4.771748 30.873173 48.456490
v -4.757688 30.947472 48.627254
v -4.757688 30.947472 48.456490
v -4.754860 31.023039 48.627254
v -4.754860 31.023039 48.456490
v -4.763324 31.098188 48.627254
v -4.763324 31.098188 48.456490
v -4.782896 31.171232 48.627254
v -4.782896 31.171232 48.456490
v -4.813136 31.240540 48.627254
v -4.813136 31.240540 48.456490
v -4.853368 31.304571 48.627254
v -4.853368 31.304571 48.456490
v -5.002332 31.262251 34.788647
v -5.002336 31.262247 51.014896
v -5.043692 31.297840 51.014896
v -5.043692 31.297838 34.788647
v -5.089888 31.326868 51.014896
v -5.089888 31.326862 34.788647
v -5.139892 31.348684 51.014896
v -5.139892 31.348682 34.788647
v -5.192596 31.362801 51.014896
v -5.192592 31.362803 34.788647
v -5.246808 31.368912 51.014896
v -5.246808 31.368910 34.788647
v -5.301332 31.366867 51.014896
v -5.301332 31.366867 34.788647
v -5.354936 31.356728 51.014896
v -5.354936 31.356728 34.788647
v -5.406436 31.338711 51.014896
v -5.406436 31.338711 34.788647
v -5.454676 31.313215 51.014896
v -5.454672 31.313219 34.788647
v -5.498572 31.280819 51.014896
v -5.498568 31.280819 34.788647
v -5.537156 31.242239 51.014896
v -5.537148 31.242239 34.788647
v -5.569548 31.198343 51.014896
v -5.569548 31.198343 34.788647
v -5.595040 31.150108 51.014896
v -5.595036 31.150110 34.788647
v -5.613056 31.098608 51.014896
v -5.613056 31.098610 34.788647
v -5.623196 31.045004 51.014896
v -5.623196 31.045002 34.788647
v -5.625240 30.990480 51.014896
v -5.625240 30.990479 34.788647
v -5.619136 30.936260 51.014896
v -5.619136 30.936258 34.788647
v -5.605012 30.883560 51.014896
v -5.605012 30.883558 34.788647
v -5.583200 30.833555 51.014896
v -5.583200 30.833555 34.788647
v -5.554168 30.787359 51.014896
v -5.554168 30.787359 34.788647
v -5.518580 30.746008 51.014896
v -5.518580 30.746006 34.788647
v -5.477228 30.710419 51.014896
v -5.477228 30.710419 34.788647
v -5.431032 30.681389 51.014896
v -5.431028 30.681387 34.788647
v -5.381024 30.659573 51.014896
v -5.381024 30.659571 34.788647
v -5.328328 30.645452 51.014896
v -5.328328 30.645451 34.788647
v -5.274108 30.639343 51.014896
v -5.274108 30.639343 34.788647
v -5.219584 30.641384 51.014896
v -5.219588 30.641378 34.788647
v -5.165980 30.651527 51.014896
v -5.165976 30.651531 34.788647
v -5.114480 30.669548 51.014896
v -5.114484 30.669542 34.788647
v -5.066244 30.695040 51.014896
v -5.066244 30.695038 34.788647
v -5.022352 30.727436 51.014896
v -5.022348 30.727440 34.788647
v -4.983768 30.766020 51.014896
v -4.983768 30.766018 34.788647
v -4.951372 30.809912 51.014896
v -4.951372 30.809910 34.788647
v -4.925876 30.858152 51.014896
v -4.925880 30.858147 34.788647
v -4.907856 30.909643 51.014896
v -4.907856 30.909643 34.788647
v -4.897716 30.963251 51.014896
v -4.897716 30.963251 34.788647
v -4.895672 31.017776 51.014896
v -4.895672 31.017775 34.788647
v -4.901784 31.071987 51.014896
v -4.901784 31.071987 34.788647
v -4.915904 31.124691 51.014896
v -4.915900 31.124695 34.788647
v -4.937720 31.174700 51.014896
v -4.937720 31.174698 34.788647
v -4.966748 31.220896 51.014896
v -4.966748 31.220894 34.788647
s 1
usemtl itu_metal
f 318 319 315 316
f 41 40 39 42
f 89 87 88 90
f 367 365 366 368
f 329 327 328 330
f 399 397 398 400
f 81 79 80 82
f 71 69 70 72
f 343 341 342 344
f 325 323 324 326
f 85 83 84 86
f 44 125 126 43
f 59 57 58 60
f 73 71 72 74
f 327 325 326 328
f 45 44 43 46
f 49 47 48 50
f 379 377 378 380
f 40 41 37 38
f 331 329 330 332
f 359 357 358 360
f 347 345 346 348
f 371 369 370 372
f 55 53 54 56
f 397 395 396 398
f 80 78 76 74 72 70 68 66 64 62 60 58 56 54 52 50 48 46 43 126 124 122 120 118 116 114 112 110 108 106 104 102 100 98 96 94 92 90 88 86 84 82
f 57 55 56 58
f 395 393 394 396
f 117 119 121 123 125 44 45 47 49 51 53 55 57 59 61 63 65 67 69 71 73 75 77 79 81 83 85 87 89 91 93 95 97 99 101 103 105 107 109 111 113 115
f 75 73 74 76
f 373 371 372 374
f 95 93 94 96
f 83 81 82 84
f 363 361 362 364
f 47 45 46 48
f 341 339 340 342
f 39 40 38 35
f 337 335 336 338
f 103 101 102 104
f 105 103 104 106
f 351 349 350 352
f 369 367 368 370
f 69 67 68 70
f 375 373 374 376
f 385 383 384 386
f 119 117 118 120
f 63 61 62 64
f 123 121 122 124
f 61 59 60 62
f 65 63 64 66
f 67 65 66 68
f 389 387 388 390
f 377 375 376 378
f 79 77 78 80
f 77 75 76 78
f 315 314 313 316
f 42 39 35 36
f 271 273 275 277 246 247 249 251 253 255 257 259 261 263 265 267 269
f 87 85 86 88
f 93 91 92 94
f 381 379 380 382
f 91 89 90 92
f 37 36 35 38
f 41 42 36 37
f 97 95 96 98
f 317 318 316 313
f 99 97 98 100
f 319 320 314 315
f 320 317 313 314
f 107 105 106 108
f 339 337 338 340
f 101 99 100 102
f 335 333 334 336
f 333 331 332 334
f 355 353 354 356
f 353 351 352 354
f 109 107 108 110
f 357 355 356 358
f 319 318 317 320
f 361 359 360 362
f 349 347 348 350
f 117 115 116 118
f 323 322 321 324
f 383 381 382 384
f 115 113 114 116
f 345 343 344 346
f 387 385 386 388
f 391 389 390 392
f 365 363 364 366
f 350 348 346 344 342 340 338 336 334 332 330 328 326 324 321 404 402 400 398 396 394 392 390 388 386 384 382 380 378 376 374 372 370 368 366 364 362 360 358 356 354 352
f 121 119 120 122
f 53 51 52 54
f 327 329 331 333 335 337 339 341 343 345 347 349 351 353 355 357 359 361 363 365 367 369 371 373 375 377 379 381 383 385 387 389 391 393 395 397 399 401 403 322 323 325
f 51 49 50 52
f 403 401 402 404
f 401 399 400 402
f 125 123 124 126
f 393 391 392 394
f 113 111 112 114
f 111 109 110 112
f 322 403 404 321
f 197 195 196 198
f 419 421 423 425 427 429 431 433 435 437 439 441 443 445 447 449 451 453 455 457 459 461 463 465 467 469 471 473 475 477 479 481 483 485 487 406 407 409 411 413 415 417
f 139 137 138 140
f 207 205 206 208
f 427 425 426 428
f 441 439 440 442
f 429 427 428 430
f 449 447 448 450
f 415 413 414 416
f 483 481 482 484
f 129 128 127 130
f 179 177 178 180
f 205 203 204 206
f 131 129 130 132
f 153 151 152 154
f 161 159 160 162
f 181 179 180 182
f 437 435 436 438
f 465 463 464 466
f 475 473 474 476
f 409 407 408 410
f 173 175 177 179 181 183 185 187 189 191 193 195 197 199 201 203 205 207 209 128 129 131 133 135 137 139 141 143 145 147 149 151 153 155 157 159 161 163 165 167 169 171
f 433 431 432 434
f 477 475 476 478
f 469 467 468 470
f 24 22 20 18 16 14 12 10 8 6 4 1 34 32 30 28 26
f 457 455 456 458
f 145 143 144 146
f 143 141 142 144
f 147 145 146 148
f 167 165 166 168
f 406 487 488 405
f 431 429 430 432
f 423 421 422 424
f 413 411 412 414
f 425 423 424 426
f 407 406 405 408
f 447 445 446 448
f 463 461 462 464
f 455 453 454 456
f 461 459 460 462
f 137 135 136 138
f 435 433 434 436
f 135 133 134 136
f 419 417 418 420
f 471 469 470 472
f 163 161 162 164
f 141 139 140 142
f 151 149 150 152
f 149 147 148 150
f 195 193 194 196
f 155 153 154 156
f 157 155 156 158
f 169 167 168 170
f 165 163 164 166
f 297 299 301 303 305 307 309 311 280 281 283 285 287 289 291 293 295
f 159 157 158 160
f 173 171 172 174
f 185 183 184 186
f 177 175 176 178
f 183 181 182 184
f 175 173 174 176
f 191 189 190 192
f 201 199 200 202
f 187 185 186 188
f 199 197 198 200
f 193 191 192 194
f 128 209 210 127
f 133 131 132 134
f 487 485 486 488
f 156 154 152 150 148 146 144 142 140 138 136 134 132 130 127 210 208 206 204 202 200 198 196 194 192 190 188 186 184 182 180 178 176 174 172 170 168 166 164 162 160 158
f 417 415 416 418
f 203 201 202 204
f 421 419 420 422
f 411 409 410 412
f 443 441 442 444
f 445 443 444 446
f 451 449 450 452
f 209 207 208 210
f 453 451 452 454
f 459 457 458 460
f 439 437 438 440
f 467 465 466 468
f 473 471 472 474
f 171 169 170 172
f 481 479 480 482
f 422 420 418 416 414 412 410 408 405 488 486 484 482 480 478 476 474 472 470 468 466 464 462 460 458 456 454 452 450 448 446 444 442 440 438 436 434 432 430 428 426 424
f 189 187 188 190
f 485 483 484 486
f 479 477 478 480
f 269 267 268 270
f 261 259 260 262
f 21 19 20 22
f 257 255 256 258
f 263 261 262 264
f 249 247 248 250
f 299 297 298 300
f 283 281 282 284
f 243 241 242 244
f 271 269 270 272
f 273 271 272 274
f 23 21 22 24
f 15 13 14 16
f 282 279 312 310 308 306 304 302 300 298 296 294 292 290 288 286 284
f 7 5 6 8
f 267 265 266 268
f 219 217 218 220
f 259 257 258 260
f 239 237 238 240
f 247 246 245 248
f 277 275 276 278
f 17 15 16 18
f 291 289 290 292
f 285 283 284 286
f 295 293 294 296
f 311 309 310 312
f 303 301 302 304
f 31 29 30 32
f 9 7 8 10
f 27 25 26 28
f 212 243 244 211
f 19 17 18 20
f 11 9 10 12
f 213 212 211 214
f 237 235 236 238
f 253 251 252 254
f 293 291 292 294
f 229 227 228 230
f 307 305 306 308
f 217 219 221 223 225 227 229 231 233 235 237 239 241 243 212 213 215
f 2 33 34 1
f 3 2 1 4
f 233 231 232 234
f 251 249 250 252
f 31 33 2 3 5 7 9 11 13 15 17 19 21 23 25 27 29
f 255 253 254 256
f 221 219 220 222
f 5 3 4 6
f 217 215 216 218
f 25 23 24 26
f 281 280 279 282
f 287 285 286 288
f 289 287 288 290
f 309 307 308 310
f 246 277 278 245
f 222 220 218 216 214 211 244 242 240 238 236 234 232 230 228 226 224
f 272 270 268 266 264 262 260 258 256 254 252 250 248 245 278 276 274
f 301 299 300 302
f 280 311 312 279
f 29 27 28 30
f 305 303 304 306
f 275 273 274 276
f 215 213 214 216
f 235 233 234 236
f 33 31 32 34
f 241 239 240 242
f 225 223 224 226
f 223 221 222 224
f 265 263 264 266
f 231 229 230 232
f 227 225 226 228
f 13 11 12 14
f 297 295 296 298
o 02_-_Back_Small_Dish.001_Mesh.862
v -6.707788 36.750648 16.457611
v -6.975512 36.773911 16.271248
v -6.445904 37.308872 16.468504
v -6.297880 37.160774 16.472729
v -6.780252 36.631809 14.831764
v -6.926000 36.780197 14.757968
v -6.265068 37.441475 14.782340
v -6.119324 37.293083 14.856136
v -6.164256 36.052139 13.854884
v -6.310000 36.200531 13.781088
v -5.649068 36.861805 13.805460
v -5.503324 36.713417 13.879256
v -6.146856 36.054348 13.323136
v -6.288028 36.203316 13.109588
v -5.627100 36.864594 13.133960
v -5.485928 36.715630 13.347508
v -5.758540 35.665829 13.334228
v -5.751692 35.666702 13.124908
v -5.090764 36.327976 13.149280
v -5.097612 36.327110 13.358600
v -6.827492 36.625813 16.275476
v -6.855808 36.898750 16.453388
v -6.314584 37.435188 16.295620
v -6.166564 37.287090 16.299849
v -5.507504 35.665813 13.342440
v -5.509268 35.662941 13.303540
v -5.500652 35.666683 13.133120
v -5.090748 36.076809 13.148236
v -5.088984 36.079681 13.187136
v -5.097596 36.075935 13.357556
v -7.973776 38.461716 16.014652
v -7.880868 38.547344 16.018044
v -7.894888 38.535122 16.080715
v -7.929064 38.502247 16.125708
v -7.974240 38.457531 16.140976
v -8.018312 38.412952 16.122416
v -8.049464 38.380463 16.075016
v -8.059356 38.368763 16.011463
v -8.045336 38.380989 15.948796
v -8.011156 38.413860 15.903800
v -7.965980 38.458576 15.888536
v -7.921912 38.503155 15.907092
v -7.890760 38.535645 15.954496
v -7.781260 38.625069 16.021627
v -7.789452 38.618732 16.086519
v -7.809208 38.600700 16.146544
v -7.839184 38.572201 16.197609
v -7.877332 38.535172 16.236233
v -7.921060 38.492142 16.259785
v -7.967380 38.446041 16.266657
v -8.013140 38.400009 16.256388
v -8.055224 38.357189 16.229671
v -8.090756 38.320492 16.188328
v -8.117320 38.292427 16.135180
v -8.133108 38.274899 16.073849
v -8.137040 38.269100 16.008509
v -8.128848 38.275436 15.943616
v -8.109088 38.293468 15.883592
v -8.079116 38.321972 15.832532
v -8.040964 38.359001 15.793908
v -7.997240 38.402031 15.770356
v -7.950916 38.448128 15.763480
v -7.905156 38.494160 15.773752
v -7.863076 38.536980 15.800464
v -7.827540 38.573677 15.841808
v -7.800976 38.601746 15.894956
v -7.785192 38.619278 15.956288
v -7.675620 38.694366 16.025372
v -7.687840 38.684914 16.122164
v -7.717308 38.658016 16.211697
v -7.762020 38.615505 16.287861
v -7.818924 38.560272 16.345472
v -7.884144 38.496090 16.380600
v -7.953236 38.427326 16.390856
v -8.021492 38.358669 16.375536
v -8.084260 38.294796 16.335684
v -8.137264 38.240063 16.274023
v -8.176888 38.198196 16.194748
v -8.200432 38.172050 16.103264
v -8.206296 38.163410 16.005804
v -8.194076 38.172859 15.909012
v -8.164608 38.199753 15.819480
v -8.119900 38.242264 15.743316
v -8.062996 38.297497 15.685704
v -7.997772 38.361683 15.650576
v -7.928680 38.430447 15.640320
v -7.860424 38.499100 15.655640
v -7.797656 38.562973 15.695488
v -7.744656 38.617710 15.757152
v -7.705028 38.659576 15.836428
v -7.681484 38.685722 15.927912
v -7.564660 38.754765 16.029257
v -7.580824 38.742264 16.157295
v -7.619808 38.706684 16.275732
v -7.678952 38.650444 16.376484
v -7.754228 38.577385 16.452696
v -7.840508 38.492481 16.499168
v -7.931908 38.401516 16.512732
v -8.022200 38.310692 16.492468
v -8.105232 38.226196 16.439753
v -8.175348 38.153793 16.358179
v -8.227764 38.098408 16.253311
v -8.258912 38.063820 16.132292
v -8.266668 38.052391 16.003368
v -8.250504 38.064888 15.875324
v -8.211520 38.100471 15.756888
v -8.152376 38.156708 15.656136
v -8.077100 38.229771 15.579924
v -7.990820 38.314678 15.533452
v -7.899420 38.405640 15.519888
v -7.809128 38.496464 15.540152
v -7.726096 38.580956 15.592868
v -7.655984 38.653366 15.674440
v -7.603564 38.708744 15.779308
v -7.572416 38.743332 15.900328
v -7.449128 38.805870 16.033249
v -7.469128 38.790401 16.191675
v -7.517364 38.746376 16.338221
v -7.590544 38.676792 16.462889
v -7.683688 38.586391 16.557188
v -7.790440 38.481335 16.614689
v -7.903532 38.368782 16.631472
v -8.015256 38.256401 16.606396
v -8.117996 38.151852 16.541172
v -8.204748 38.062263 16.440241
v -8.269604 37.993736 16.310484
v -8.308148 37.950943 16.160736
v -8.317744 37.936798 16.001217
v -8.297744 37.952267 15.842784
v -8.249508 37.996288 15.696240
v -8.176328 38.065872 15.571572
v -8.083184 38.156273 15.477276
v -7.976428 38.261333 15.419776
v -7.863340 38.373886 15.402992
v -7.751616 38.486267 15.428064
v -7.648876 38.590809 15.493292
v -7.562124 38.680401 15.594224
v -7.497264 38.748928 15.723980
v -7.458724 38.791721 15.873724
v -7.329796 38.847328 16.037325
v -7.353500 38.828999 16.225080
v -7.410660 38.776825 16.398745
v -7.497388 38.694363 16.546484
v -7.607768 38.587231 16.658236
v -7.734284 38.462727 16.726379
v -7.868308 38.329342 16.746271
v -8.000708 38.196159 16.716557
v -8.122460 38.072266 16.639256
v -8.225272 37.966095 16.519644
v -8.302132 37.884880 16.365868
v -8.347808 37.834164 16.188412
v -8.359180 37.817402 15.999364
v -8.335476 37.835732 15.811608
v -8.278316 37.887905 15.637944
v -8.191588 37.970367 15.490200
v -8.081208 38.077499 15.378452
v -7.954696 38.202003 15.310308
v -7.820672 38.335388 15.290416
v -7.688272 38.468571 15.320132
v -7.566516 38.592464 15.397428
v -7.463704 38.698639 15.517040
v -7.386844 38.779850 15.670816
v -7.341172 38.830566 15.848276
v -7.082972 38.900269 16.045620
v -7.113576 38.876602 16.288044
v -7.187384 38.809238 16.512280
v -7.299364 38.702763 16.703039
v -7.441884 38.564434 16.847332
v -7.605236 38.403679 16.935316
v -7.778284 38.231453 16.961000
v -7.949240 38.059498 16.922632
v -8.106448 37.899521 16.822828
v -8.239192 37.762432 16.668385
v -8.338436 37.657578 16.469831
v -8.397408 37.592094 16.240700
v -8.412096 37.570450 15.996608
v -8.381488 37.594112 15.754180
v -8.307684 37.661480 15.529948
v -8.195704 37.767956 15.339184
v -8.053180 37.906284 15.194892
v -7.889828 38.067036 15.106908
v -7.716780 38.239262 15.081228
v -7.545828 38.411221 15.119596
v -7.388620 38.571198 15.219400
v -7.255872 38.708282 15.373840
v -7.156632 38.813141 15.572392
v -7.097656 38.878624 15.801524
v -6.400012 38.216949 16.065128
v -6.430616 38.193283 16.307552
v -6.504420 38.125916 16.531784
v -6.616400 38.019440 16.722548
v -6.758924 37.881115 16.866840
v -6.922276 37.720356 16.954824
v -7.095324 37.548134 16.980509
v -7.266276 37.376179 16.942141
v -7.423484 37.216202 16.842333
v -7.556232 37.079113 16.687893
v -7.655476 36.974258 16.489340
v -7.714448 36.908772 16.260212
v -7.729132 36.887131 16.016111
v -7.698528 36.910793 15.773688
v -7.624724 36.978161 15.549452
v -7.512744 37.084637 15.358692
v -7.370220 37.222965 15.214400
v -7.206868 37.383717 15.126416
v -7.033820 37.555943 15.100732
v -6.862868 37.727901 15.139100
v -6.705660 37.887878 15.238908
v -6.572912 38.024960 15.393348
v -6.473668 38.129822 15.591900
v -6.414696 38.195305 15.821032
v -6.452924 37.969994 16.062372
v -6.476628 37.951664 16.250124
v -6.533788 37.899490 16.423788
v -6.620516 37.817028 16.571531
v -6.730896 37.709892 16.683285
v -6.857408 37.585392 16.751425
v -6.991432 37.452011 16.771317
v -7.123832 37.318829 16.741600
v -7.245588 37.194935 16.664305
v -7.348400 37.088760 16.544691
v -7.425260 37.007549 16.390917
v -7.470932 36.956833 16.213455
v -7.482308 36.940071 16.024412
v -7.458604 36.958397 15.836656
v -7.401444 37.010574 15.662988
v -7.314716 37.093037 15.515248
v -7.204336 37.200169 15.403496
v -7.077824 37.324669 15.335352
v -6.943800 37.458057 15.315464
v -6.811400 37.591232 15.345176
v -6.689644 37.715134 15.422476
v -6.586832 37.821304 15.542088
v -6.509972 37.902512 15.695864
v -6.464296 37.953228 15.873320
v -6.494364 37.850601 16.060520
v -6.514364 37.835133 16.218948
v -6.562596 37.791107 16.365492
v -6.635780 37.721527 16.490160
v -6.728920 37.631123 16.584455
v -6.835676 37.526066 16.641960
v -6.948768 37.413513 16.658739
v -7.060488 37.301132 16.633669
v -7.163228 37.196587 16.568439
v -7.249984 37.106998 16.467512
v -7.314840 37.038467 16.337751
v -7.353380 36.995674 16.188007
v -7.362976 36.981529 16.028488
v -7.342976 36.996998 15.870056
v -7.294744 37.041019 15.723512
v -7.221560 37.110603 15.598844
v -7.128420 37.201004 15.504548
v -7.021664 37.306065 15.447048
v -6.908572 37.418617 15.430260
v -6.796852 37.530998 15.455336
v -6.694112 37.635540 15.520564
v -6.607356 37.725132 15.621492
v -6.542500 37.793663 15.751252
v -6.503960 37.836456 15.900996
v -6.545436 37.735004 16.058369
v -6.561604 37.722504 16.186407
v -6.600584 37.686924 16.304844
v -6.659728 37.630688 16.405600
v -6.735004 37.557629 16.481808
v -6.821284 37.472721 16.528280
v -6.912684 37.381756 16.541843
v -7.002976 37.290932 16.521580
v -7.086008 37.206440 16.468864
v -7.156124 37.134033 16.387293
v -7.208540 37.078648 16.282425
v -7.239688 37.044064 16.161404
v -7.247444 37.032631 16.032480
v -7.231280 37.045132 15.904436
v -7.192296 37.080711 15.786004
v -7.133152 37.136948 15.685248
v -7.057876 37.210014 15.609036
v -6.971596 37.294918 15.562564
v -6.880200 37.385880 15.549000
v -6.789904 37.476704 15.569264
v -6.706872 37.561195 15.621980
v -6.636760 37.633606 15.703552
v -6.584344 37.688988 15.808420
v -6.553196 37.723572 15.929440
v -6.605808 37.623989 16.055927
v -6.618028 37.614540 16.152723
v -6.647496 37.587643 16.242252
v -6.692204 37.545128 16.318420
v -6.749112 37.489902 16.376028
v -6.814332 37.425716 16.411156
v -6.883424 37.356953 16.421412
v -6.951680 37.288292 16.406092
v -7.014448 37.224422 16.366243
v -7.067452 37.169689 16.304581
v -7.107076 37.127823 16.225304
v -7.130620 37.101677 16.133820
v -7.136484 37.093033 16.036360
v -7.124264 37.102482 15.939568
v -7.094796 37.129379 15.850036
v -7.050088 37.171894 15.773872
v -6.993180 37.227119 15.716260
v -6.927960 37.291306 15.681132
v -6.858868 37.360069 15.670876
v -6.790612 37.428730 15.686196
v -6.727844 37.492599 15.726048
v -6.674840 37.547333 15.787708
v -6.635216 37.589203 15.866984
v -6.611672 37.615345 15.958468
v -6.675068 37.518295 16.053225
v -6.683260 37.511963 16.118116
v -6.703016 37.493931 16.178141
v -6.732992 37.465424 16.229204
v -6.771140 37.428398 16.267828
v -6.814868 37.385368 16.291380
v -6.861188 37.339264 16.298256
v -6.906948 37.293236 16.287985
v -6.949032 37.250416 16.261269
v -6.984564 37.213722 16.219929
v -7.011128 37.185654 16.166780
v -7.026916 37.168121 16.105444
v -7.030848 37.162331 16.040104
v -7.022656 37.168667 15.975212
v -7.002896 37.186699 15.915188
v -6.972924 37.215199 15.864128
v -6.934772 37.252224 15.825504
v -6.891048 37.295258 15.801952
v -6.844724 37.341358 15.795076
v -6.798964 37.387386 15.805348
v -6.756884 37.430210 15.832060
v -6.721348 37.466904 15.873404
v -6.694784 37.494972 15.926552
v -6.678996 37.512501 15.987884
v -6.752748 37.418633 16.050268
v -6.756856 37.415459 16.082825
v -6.766768 37.406410 16.112936
v -6.800948 37.373535 16.157932
v -6.822884 37.351944 16.169748
v -6.846124 37.328815 16.173197
v -6.890192 37.284241 16.154640
v -6.908020 37.265835 16.133900
v -6.921348 37.251755 16.107237
v -6.931236 37.240047 16.043684
v -6.927128 37.243229 16.011131
v -6.917216 37.252277 15.981020
v -6.883040 37.285152 15.936024
v -6.861104 37.306736 15.924208
v -6.837864 37.329868 15.920760
v -6.814904 37.352962 15.925912
v -6.775968 37.392853 15.960056
v -6.754720 37.415730 16.017488
v -6.838332 37.325676 16.047085
v -6.380656 37.215801 16.058508
v -6.405092 37.194725 16.175804
v -6.465076 37.137310 16.264708
v -6.546872 37.056705 16.304859
v -6.631732 36.971382 16.287056
v -6.700224 36.900879 16.215376
v -6.736656 36.861355 16.106243
v -6.732676 36.861858 15.984660
v -6.689200 36.902279 15.878472
v -6.616192 36.973354 15.812012
v -6.530368 37.058800 15.800504
v -6.451396 37.139050 15.846584
v -6.397364 37.195709 15.939696
v -6.708628 37.543949 16.049141
v -6.733064 37.522873 16.166431
v -6.793052 37.465458 16.255341
v -6.874844 37.384853 16.295492
v -6.959708 37.299526 16.277687
v -7.028200 37.229027 16.206013
v -7.064628 37.189499 16.096880
v -7.060648 37.190002 15.975292
v -7.017176 37.230427 15.869104
v -6.944164 37.301498 15.802644
v -6.858340 37.386948 15.791136
v -6.779368 37.467194 15.837216
v -6.725340 37.523853 15.930328
v -5.978120 36.813057 16.070004
v -6.002556 36.791981 16.187300
v -6.330528 37.120125 16.177933
v -6.306092 37.141201 16.060637
v -6.062540 36.734566 16.276203
v -6.390512 37.062710 16.266840
v -6.144336 36.653961 16.316357
v -6.472308 36.982105 16.306988
v -6.229200 36.568634 16.298552
v -6.557172 36.896778 16.289188
v -6.297692 36.498131 16.226875
v -6.625664 36.826279 16.217508
v -6.334120 36.458607 16.117744
v -6.662092 36.786751 16.108376
v -6.330140 36.459110 15.996156
v -6.658112 36.787254 15.986788
v -6.286668 36.499531 15.889972
v -6.614640 36.827675 15.880604
v -6.213656 36.570606 15.823512
v -6.541628 36.898750 15.814144
v -6.127832 36.656052 15.812004
v -6.455804 36.984200 15.802636
v -6.048860 36.736301 15.858080
v -6.376832 37.064445 15.848712
v -5.994832 36.792961 15.951192
v -6.322804 37.121105 15.941824
v -6.037564 36.615345 16.067236
v -6.044256 36.609570 16.099363
v -6.134088 36.699448 16.096800
v -6.127396 36.705223 16.064672
v -6.060688 36.593845 16.123716
v -6.150520 36.683723 16.121153
v -6.083088 36.571766 16.134716
v -6.172920 36.661644 16.132149
v -6.106332 36.548397 16.129835
v -6.196168 36.638275 16.127272
v -6.125092 36.529083 16.110205
v -6.214924 36.618965 16.107639
v -6.135072 36.518257 16.080313
v -6.224904 36.608139 16.077747
v -6.133980 36.518398 16.047012
v -6.223816 36.608276 16.044443
v -6.122076 36.529469 16.017923
v -6.211908 36.619350 16.015360
v -6.102076 36.548939 15.999724
v -6.191908 36.638817 15.997156
v -6.078568 36.572342 15.996572
v -6.168400 36.662220 15.994004
v -6.056940 36.594322 16.009192
v -6.146772 36.684200 16.006628
v -6.042140 36.609840 16.034697
v -6.131972 36.699718 16.032127
s 1
usemtl itu_metal
f 510 491 511 495 494 490
f 507 516 515 506 502 503
f 518 508 504 501 505 513
f 505 514 513
f 507 517 516
f 518 517 507 508
f 489 492 491 510
f 496 493 497 500
f 489 510 490 509
f 515 514 505 506
f 497 493 509 490 494 498 502 506 505 501
f 504 508 507 503 499 495 511 512 496 500
f 491 492 512 511
f 494 495 499 498
f 500 497 501 504
f 498 499 503 502
f 876 874 872 870 867 868 890 888 886 884 882 880 878
f 846 847 848 849 850 851 839 840 841 842 843 844 845
f 516 517 518 513 514 515
f 512 492 489 509 493 496
f 549 550 574 573
f 867 866 865 868
f 791 792 816 815
f 736 737 761 760
f 724 725 749 748
f 650 651 675 674
f 642 643 667 666
f 768 769 793 792
f 649 650 674 673
f 710 711 735 734
f 575 576 600 599
f 774 775 799 798
f 556 557 581 580
f 578 579 603 602
f 782 783 807 806
f 776 777 801 800
f 838 830 831 832 833
f 520 531 519 521
f 531 520 532 555 554
f 634 635 659 658
f 838 824 825 826 827
f 530 529 519 531
f 838 827 828 829 830
f 853 840 839 852
f 638 639 663 662
f 629 630 654 653
f 566 567 591 590
f 852 839 851 864
f 893 892 891 894
f 576 577 601 600
f 651 628 652 675
f 662 663 687 686
f 705 706 730 729
f 593 594 618 617
f 603 580 604 627
f 606 607 631 630
f 537 538 562 561
f 728 729 753 752
f 711 712 736 735
f 722 723 747 746
f 543 544 568 567
f 620 621 645 644
f 732 733 757 756
f 744 745 769 768
f 773 774 798 797
f 546 547 571 570
f 758 759 783 782
f 679 680 704 703
f 775 776 800 799
f 779 780 804 803
f 795 772 796 819
f 792 793 817 816
f 780 781 805 804
f 759 760 784 783
f 658 659 683 682
f 647 648 672 671
f 916 915 913 914
f 529 530 552 551 550
f 701 702 726 725
f 660 661 685 684
f 552 553 577 576
f 661 662 686 685
f 864 851 850 863
f 884 883 881 882
f 855 842 841 854
f 890 889 887 888
f 898 897 895 896
f 902 901 899 900
f 545 544 526 527 546
f 527 528 548 547 546
f 689 690 714 713
f 761 762 786 785
f 534 535 559 558
f 645 646 670 669
f 693 694 718 717
f 585 586 610 609
f 699 676 700 723
f 723 700 724 747
f 599 600 624 623
f 707 708 732 731
f 535 536 560 559
f 613 614 638 637
f 706 707 731 730
f 717 718 742 741
f 709 710 734 733
f 712 713 737 736
f 608 609 633 632
f 721 722 746 745
f 540 541 565 564
f 716 717 741 740
f 602 603 627 626
f 595 596 620 619
f 542 543 567 566
f 742 743 767 766
f 734 735 759 758
f 676 677 701 700
f 619 620 644 643
f 749 750 774 773
f 739 740 764 763
f 740 741 765 764
f 745 746 770 769
f 539 540 564 563
f 750 751 775 774
f 548 549 573 572
f 754 755 779 778
f 633 634 658 657
f 747 724 748 771
f 741 742 766 765
f 764 765 789 788
f 541 542 566 565
f 551 552 576 575
f 777 778 802 801
f 767 768 792 791
f 771 748 772 795
f 641 642 666 665
f 530 531 554 553 552
f 766 767 791 790
f 550 551 575 574
f 785 786 810 809
f 557 558 582 581
f 757 758 782 781
f 800 801 802 825 824 823
f 682 683 707 706
f 696 697 721 720
f 535 534 521 522 536
f 806 807 808 829 828
f 560 561 585 584
f 835 815 816 817 836
f 563 564 588 587
f 565 566 590 589
f 569 570 594 593
f 646 647 671 670
f 559 560 584 583
f 568 569 593 592
f 858 845 844 857
f 567 568 592 591
f 856 843 842 855
f 678 679 703 702
f 859 846 845 858
f 580 581 605 604
f 537 536 522 523 538
f 874 873 871 872
f 748 749 773 772
f 876 875 873 874
f 878 877 875 876
f 855 854 853 852 864 863 862 861 860 859 858 857 856
f 659 660 684 683
f 574 575 599 598
f 836 817 818 819 837
f 577 578 602 601
f 692 693 717 716
f 896 895 892 893
f 669 670 694 693
f 668 669 693 692
f 914 913 911 912
f 528 529 550 549 548
f 581 582 606 605
f 582 583 607 606
f 584 585 609 608
f 636 637 661 660
f 882 881 879 880
f 561 562 586 585
f 621 622 646 645
f 730 731 755 754
f 695 696 720 719
f 769 770 794 793
f 592 593 617 616
f 802 803 804 826 825
f 596 597 621 620
f 628 629 653 652
f 591 592 616 615
f 594 595 619 618
f 523 522 521 519 524
f 597 598 622 621
f 520 521 534 533 532
f 532 533 557 556
f 600 601 625 624
f 601 602 626 625
f 533 534 558 557
f 605 606 630 629
f 700 701 725 724
f 604 605 629 628
f 708 709 733 732
f 631 632 656 655
f 630 631 655 654
f 617 618 642 641
f 611 612 636 635
f 607 608 632 631
f 703 704 728 727
f 524 525 542 541 540
f 598 599 623 622
f 612 613 637 636
f 609 610 634 633
f 704 705 729 728
f 614 615 639 638
f 610 611 635 634
f 616 617 641 640
f 615 616 640 639
f 718 719 743 742
f 715 716 740 739
f 714 715 739 738
f 544 545 569 568
f 589 590 614 613
f 538 539 563 562
f 618 619 643 642
f 729 730 754 753
f 719 720 744 743
f 720 721 745 744
f 536 537 561 560
f 727 728 752 751
f 731 732 756 755
f 726 727 751 750
f 725 726 750 749
f 713 714 738 737
f 622 623 647 646
f 733 734 758 757
f 625 626 650 649
f 735 736 760 759
f 545 546 570 569
f 627 604 628 651
f 624 625 649 648
f 623 624 648 647
f 626 627 651 650
f 738 739 763 762
f 737 738 762 761
f 547 548 572 571
f 756 757 781 780
f 746 747 771 770
f 702 703 727 726
f 743 744 768 767
f 755 756 780 779
f 571 572 596 595
f 753 754 778 777
f 751 752 776 775
f 752 753 777 776
f 765 766 790 789
f 637 638 662 661
f 688 689 713 712
f 558 559 583 582
f 639 640 664 663
f 762 763 787 786
f 697 698 722 721
f 772 773 797 796
f 763 764 788 787
f 770 771 795 794
f 640 641 665 664
f 643 644 668 667
f 781 782 806 805
f 664 665 689 688
f 555 532 556 579
f 539 538 523 524 540
f 681 682 706 705
f 783 784 808 807
f 677 678 702 701
f 778 779 803 802
f 788 789 813 812
f 793 794 818 817
f 784 785 809 808
f 760 761 785 784
f 635 636 660 659
f 648 649 673 672
f 804 805 806 828 827 826
f 790 791 815 814
f 789 790 814 813
f 687 688 712 711
f 812 813 814 834 833 832
f 554 555 579 578
f 794 795 819 818
f 632 633 657 656
f 543 542 525 526 544
f 822 798 799 800 823
f 808 809 810 831 830 829
f 863 850 849 862
f 814 815 835 834
f 564 565 589 588
f 819 796 820 837
f 796 797 798 822 821 820
f 854 841 840 853
f 526 525 524 519 527
f 838 833 834 835 836
f 838 821 822 823 824
f 528 527 519 529
f 837 820 821 838 836
f 860 847 846 859
f 652 653 677 676
f 810 811 812 832 831
f 684 685 709 708
f 861 848 847 860
f 694 695 719 718
f 655 656 680 679
f 573 574 598 597
f 654 655 679 678
f 880 879 877 878
f 562 563 587 586
f 666 667 691 690
f 653 654 678 677
f 910 908 906 904 902 900 898 896 893 894 916 914 912
f 572 573 597 596
f 656 657 681 680
f 570 571 595 594
f 888 887 885 886
f 657 658 682 681
f 872 871 869 870
f 870 869 866 867
f 670 671 695 694
f 667 668 692 691
f 868 865 889 890
f 663 664 688 687
f 665 666 690 689
f 904 903 901 902
f 579 556 580 603
f 875 877 879 881 883 885 887 889 865 866 869 871 873
f 673 674 698 697
f 671 672 696 695
f 672 673 697 696
f 675 652 676 699
f 674 675 699 698
f 908 907 905 906
f 901 903 905 907 909 911 913 915 891 892 895 897 899
f 862 849 848 861
f 894 891 915 916
f 912 911 909 910
f 906 905 903 904
f 685 686 710 709
f 553 554 578 577
f 686 687 711 710
f 690 691 715 714
f 583 584 608 607
f 644 645 669 668
f 787 788 812 811
f 586 587 611 610
f 590 591 615 614
f 588 589 613 612
f 698 699 723 722
f 786 787 811 810
f 910 909 907 908
f 680 681 705 704
f 857 844 843 856
f 683 684 708 707
f 587 588 612 611
f 900 899 897 898
f 691 692 716 715
f 886 885 883 884
o 02_-_Back_Small_Dish.002_Mesh.013
v -4.095788 39.312347 16.457611
v -4.363512 39.335609 16.271248
v -3.833904 39.870567 16.468504
v -3.685884 39.722473 16.472729
v -4.168252 39.193504 14.831764
v -4.314000 39.341892 14.757968
v -3.653072 40.003174 14.782340
v -3.507324 39.854782 14.856136
v -3.552256 38.613838 13.854884
v -3.698000 38.762226 13.781088
v -3.037072 39.423500 13.805460
v -2.891328 39.275112 13.879256
v -3.534860 38.616043 13.323136
v -3.676028 38.765015 13.109588
v -3.015100 39.426292 13.133960
v -2.873928 39.277325 13.347508
v -3.146544 38.227528 13.334228
v -3.139692 38.228397 13.124908
v -2.478764 38.889671 13.149280
v -2.485612 38.888805 13.358600
v -4.215492 39.187508 16.275476
v -4.243812 39.460445 16.453388
v -3.702584 39.996887 16.295620
v -3.554564 39.848785 16.299849
v -2.895504 38.227509 13.342440
v -2.897268 38.224636 13.303540
v -2.888656 38.228382 13.133120
v -2.478748 38.638504 13.148236
v -2.476984 38.641376 13.187136
v -2.485596 38.637634 13.357556
v -5.361776 41.023418 16.014652
v -5.268868 41.109047 16.018044
v -5.282888 41.096817 16.080715
v -5.317068 41.063942 16.125708
v -5.362244 41.019230 16.140976
v -5.406312 40.974655 16.122416
v -5.437468 40.942162 16.075016
v -5.447360 40.930462 16.011463
v -5.433336 40.942684 15.948796
v -5.399160 40.975563 15.903800
v -5.353984 41.020279 15.888536
v -5.309916 41.064854 15.907092
v -5.278760 41.097343 15.954496
v -5.169260 41.186764 16.021627
v -5.177452 41.180428 16.086519
v -5.197208 41.162399 16.146544
v -5.227184 41.133896 16.197609
v -5.265336 41.096870 16.236233
v -5.309060 41.053837 16.259785
v -5.355384 41.007736 16.266657
v -5.401144 40.961708 16.256388
v -5.443224 40.918884 16.229671
v -5.478760 40.882191 16.188328
v -5.505324 40.854122 16.135180
v -5.521108 40.836594 16.073849
v -5.525040 40.830803 16.008509
v -5.516848 40.837135 15.943616
v -5.497092 40.855171 15.883592
v -5.467116 40.883671 15.832532
v -5.428968 40.920696 15.793908
v -5.385240 40.963730 15.770356
v -5.338920 41.009830 15.763480
v -5.293160 41.055859 15.773752
v -5.251076 41.098682 15.800464
v -5.215544 41.135376 15.841808
v -5.188976 41.163445 15.894956
v -5.173192 41.180973 15.956288
v -5.063620 41.256062 16.025372
v -5.075840 41.246613 16.122164
v -5.105308 41.219711 16.211697
v -5.150020 41.177200 16.287861
v -5.206924 41.121975 16.345472
v -5.272144 41.057789 16.380600
v -5.341240 40.989025 16.390856
v -5.409496 40.920364 16.375536
v -5.472264 40.856495 16.335684
v -5.525264 40.801758 16.274023
v -5.564888 40.759895 16.194748
v -5.588436 40.733749 16.103264
v -5.594300 40.725105 16.005804
v -5.582080 40.734554 15.909012
v -5.552612 40.761452 15.819480
v -5.507900 40.803967 15.743316
v -5.450996 40.859192 15.685704
v -5.385776 40.923378 15.650576
v -5.316680 40.992142 15.640320
v -5.248424 41.060802 15.655640
v -5.185656 41.124672 15.695488
v -5.132656 41.179405 15.757152
v -5.093032 41.221275 15.836428
v -5.069484 41.247417 15.927912
v -4.952664 41.316467 16.029257
v -4.968828 41.303963 16.157295
v -5.007808 41.268383 16.275732
v -5.066956 41.212147 16.376484
v -5.142232 41.139080 16.452696
v -5.228508 41.054176 16.499168
v -5.319908 40.963215 16.512732
v -5.410200 40.872391 16.492468
v -5.493232 40.787899 16.439753
v -5.563348 40.715488 16.358179
v -5.615764 40.660107 16.253311
v -5.646912 40.625523 16.132292
v -5.654668 40.614090 16.003368
v -5.638504 40.626587 15.875324
v -5.599520 40.662170 15.756888
v -5.540376 40.718407 15.656136
v -5.465100 40.791466 15.579924
v -5.378824 40.876373 15.533452
v -5.287424 40.967339 15.519888
v -5.197132 41.058159 15.540152
v -5.114096 41.142654 15.592868
v -5.043984 41.215061 15.674440
v -4.991568 41.270447 15.779308
v -4.960420 41.305031 15.900328
v -4.837132 41.367565 16.033249
v -4.857132 41.352100 16.191675
v -4.905364 41.308075 16.338221
v -4.978548 41.238491 16.462889
v -5.071688 41.148090 16.557188
v -5.178444 41.043030 16.614689
v -5.291536 40.930477 16.631472
v -5.403256 40.818096 16.606396
v -5.505996 40.713554 16.541172
v -5.592752 40.623962 16.440241
v -5.657608 40.555435 16.310484
v -5.696148 40.512642 16.160736
v -5.705744 40.498493 16.001217
v -5.685744 40.513962 15.842784
v -5.637508 40.557983 15.696240
v -5.564328 40.627567 15.571572
v -5.471184 40.717972 15.477276
v -5.364432 40.823029 15.419776
v -5.251340 40.935581 15.402992
v -5.139616 41.047962 15.428064
v -5.036880 41.152508 15.493292
v -4.950124 41.242096 15.594224
v -4.885268 41.310623 15.723980
v -4.846728 41.353420 15.873723
v -4.717800 41.409027 16.037325
v -4.741500 41.390697 16.225080
v -4.798664 41.338520 16.398745
v -4.885392 41.256058 16.546484
v -4.995772 41.148926 16.658236
v -5.122284 41.024426 16.726379
v -5.256308 40.891037 16.746271
v -5.388708 40.757862 16.716557
v -5.510464 40.633961 16.639256
v -5.613272 40.527790 16.519644
v -5.690136 40.446583 16.365868
v -5.735808 40.395866 16.188412
v -5.747180 40.379101 15.999364
v -5.723480 40.397430 15.811608
v -5.666316 40.449604 15.637944
v -5.579592 40.532066 15.490200
v -5.469208 40.639202 15.378452
v -5.342696 40.763702 15.310308
v -5.208672 40.897087 15.290416
v -5.076272 41.030266 15.320132
v -4.954520 41.154160 15.397428
v -4.851708 41.260334 15.517040
v -4.774844 41.341545 15.670815
v -4.729172 41.392262 15.848275
v -4.470972 41.461967 16.045620
v -4.501576 41.438301 16.288044
v -4.575384 41.370934 16.512280
v -4.687364 41.264458 16.703039
v -4.829888 41.126129 16.847332
v -4.993240 40.965378 16.935316
v -5.166288 40.793148 16.961000
v -5.337240 40.621193 16.922632
v -5.494448 40.461216 16.822828
v -5.627196 40.324135 16.668385
v -5.726436 40.219273 16.469831
v -5.785408 40.153790 16.240700
v -5.800096 40.132145 15.996608
v -5.769492 40.155811 15.754180
v -5.695684 40.223175 15.529948
v -5.583704 40.329651 15.339184
v -5.441184 40.467979 15.194892
v -5.277832 40.628738 15.106908
v -5.104784 40.800961 15.081228
v -4.933828 40.972916 15.119596
v -4.776620 41.132893 15.219400
v -4.643876 41.269981 15.373840
v -4.544632 41.374836 15.572392
v -4.485660 41.440323 15.801523
v -3.788012 40.778645 16.065128
v -3.818616 40.754982 16.307552
v -3.892424 40.687614 16.531784
v -4.004404 40.581139 16.722548
v -4.146924 40.442810 16.866840
v -4.310276 40.282059 16.954824
v -4.483324 40.109829 16.980509
v -4.654280 39.937874 16.942141
v -4.811488 39.777897 16.842333
v -4.944232 39.640812 16.687893
v -5.043476 39.535954 16.489340
v -5.102448 39.470470 16.260212
v -5.117132 39.448826 16.016111
v -5.086532 39.472492 15.773688
v -5.012724 39.539856 15.549452
v -4.900744 39.646332 15.358692
v -4.758220 39.784660 15.214400
v -4.594868 39.945415 15.126416
v -4.421820 40.117641 15.100732
v -4.250868 40.289597 15.139100
v -4.093660 40.449574 15.238908
v -3.960912 40.586662 15.393348
v -3.861672 40.691517 15.591900
v -3.802696 40.757000 15.821032
v -3.840924 40.531693 16.062372
v -3.864628 40.513363 16.250124
v -3.921792 40.461189 16.423788
v -4.008516 40.378727 16.571531
v -4.118900 40.271595 16.683285
v -4.245412 40.147091 16.751425
v -4.379436 40.013706 16.771317
v -4.511836 39.880524 16.741600
v -4.633588 39.756630 16.664305
v -4.736400 39.650459 16.544691
v -4.813260 39.569244 16.390917
v -4.858936 39.518528 16.213455
v -4.870308 39.501766 16.024412
v -4.846608 39.520092 15.836656
v -4.789444 39.572269 15.662988
v -4.702716 39.654732 15.515248
v -4.592336 39.761864 15.403496
v -4.465824 39.886368 15.335352
v -4.331800 40.019753 15.315464
v -4.199400 40.152931 15.345176
v -4.077644 40.276829 15.422476
v -3.974836 40.382999 15.542088
v -3.897972 40.464214 15.695864
v -3.852300 40.514931 15.873320
v -3.882364 40.412296 16.060520
v -3.902364 40.396835 16.218948
v -3.950600 40.352806 16.365492
v -4.023780 40.283222 16.490160
v -4.116920 40.192822 16.584455
v -4.223676 40.087761 16.641960
v -4.336768 39.975208 16.658739
v -4.448492 39.862831 16.633669
v -4.551228 39.758286 16.568439
v -4.637984 39.668694 16.467512
v -4.702840 39.600166 16.337751
v -4.741380 39.557373 16.188007
v -4.750980 39.543224 16.028488
v -4.730980 39.558693 15.870056
v -4.682744 39.602718 15.723512
v -4.609560 39.672302 15.598844
v -4.516420 39.762703 15.504548
v -4.409664 39.867760 15.447048
v -4.296572 39.980312 15.430260
v -4.184852 40.092693 15.455336
v -4.082112 40.197243 15.520564
v -3.995360 40.286827 15.621492
v -3.930500 40.355358 15.751252
v -3.891960 40.398155 15.900996
v -3.933440 40.296707 16.058369
v -3.949604 40.284206 16.186407
v -3.988588 40.248623 16.304844
v -4.047732 40.192387 16.405600
v -4.123008 40.119324 16.481808
v -4.209284 40.034416 16.528280
v -4.300684 39.943455 16.541843
v -4.390976 39.852631 16.521580
v -4.474008 39.768139 16.468864
v -4.544124 39.695728 16.387293
v -4.596540 39.640350 16.282425
v -4.627688 39.605762 16.161404
v -4.635444 39.594330 16.032480
v -4.619280 39.606831 15.904436
v -4.580296 39.642410 15.786004
v -4.521152 39.698647 15.685248
v -4.445876 39.771709 15.609036
v -4.359600 39.856613 15.562564
v -4.268200 39.947578 15.549000
v -4.177908 40.038403 15.569264
v -4.094876 40.122898 15.621980
v -4.024760 40.195301 15.703552
v -3.972344 40.250687 15.808420
v -3.941196 40.285275 15.929440
v -3.993808 40.185684 16.055927
v -4.006028 40.176239 16.152723
v -4.035496 40.149342 16.242252
v -4.080208 40.106831 16.318420
v -4.137112 40.051598 16.376028
v -4.202332 39.987411 16.411156
v -4.271428 39.918648 16.421412
v -4.339684 39.849995 16.406092
v -4.402452 39.786121 16.366243
v -4.455452 39.731384 16.304581
v -4.495076 39.689518 16.225304
v -4.518624 39.663372 16.133820
v -4.524484 39.654728 16.036360
v -4.512268 39.664181 15.939568
v -4.482800 39.691078 15.850036
v -4.438088 39.733589 15.773872
v -4.381184 39.788818 15.716260
v -4.315960 39.853004 15.681132
v -4.246868 39.921764 15.670876
v -4.178612 39.990425 15.686196
v -4.115844 40.054298 15.726048
v -4.062844 40.109032 15.787708
v -4.023220 40.150898 15.866984
v -3.999672 40.177044 15.958468
v -4.063068 40.079994 16.053225
v -4.071260 40.073658 16.118116
v -4.091016 40.055626 16.178141
v -4.120992 40.027126 16.229204
v -4.159144 39.990097 16.267828
v -4.202868 39.947067 16.291380
v -4.249188 39.900967 16.298256
v -4.294952 39.854935 16.287985
v -4.337032 39.812115 16.261269
v -4.372564 39.775417 16.219929
v -4.399132 39.747349 16.166780
v -4.414916 39.729820 16.105444
v -4.418848 39.724026 16.040104
v -4.410656 39.730362 15.975212
v -4.390900 39.748394 15.915188
v -4.360924 39.776894 15.864128
v -4.322772 39.813923 15.825504
v -4.279048 39.856953 15.801952
v -4.232728 39.903053 15.795076
v -4.186964 39.949085 15.805348
v -4.144884 39.991905 15.832060
v -4.109352 40.028603 15.873404
v -4.082784 40.056671 15.926552
v -4.067000 40.074196 15.987884
v -4.140748 39.980331 16.050268
v -4.144860 39.977154 16.082825
v -4.154772 39.968105 16.112936
v -4.188948 39.935234 16.157932
v -4.210884 39.913647 16.169748
v -4.234124 39.890518 16.173197
v -4.278192 39.845940 16.154640
v -4.296020 39.827530 16.133900
v -4.309348 39.813450 16.107237
v -4.319240 39.801750 16.043684
v -4.315128 39.804924 16.011131
v -4.305216 39.813972 15.981020
v -4.271040 39.846848 15.936024
v -4.249104 39.868439 15.924208
v -4.225864 39.891563 15.920760
v -4.202908 39.914658 15.925912
v -4.163968 39.954548 15.960056
v -4.142720 39.977425 16.017488
v -4.226332 39.887379 16.047085
v -3.768656 39.777500 16.058508
v -3.793092 39.756424 16.175804
v -3.853080 39.699009 16.264708
v -3.934872 39.618404 16.304859
v -4.019736 39.533077 16.287056
v -4.088228 39.462574 16.215376
v -4.124656 39.423050 16.106243
v -4.120676 39.423553 15.984660
v -4.077204 39.463974 15.878472
v -4.004192 39.535049 15.812012
v -3.918368 39.620499 15.800504
v -3.839396 39.700745 15.846584
v -3.785368 39.757404 15.939696
v -4.096628 40.105644 16.049141
v -4.121068 40.084568 16.166431
v -4.181052 40.027153 16.255341
v -4.262844 39.946548 16.295492
v -4.347708 39.861221 16.277687
v -4.416200 39.790722 16.206013
v -4.452628 39.751194 16.096880
v -4.448652 39.751701 15.975292
v -4.405176 39.792122 15.869104
v -4.332164 39.863197 15.802644
v -4.246344 39.948647 15.791136
v -4.167372 40.028889 15.837216
v -4.113340 40.085548 15.930328
v -3.366120 39.374752 16.070004
v -3.390556 39.353676 16.187300
v -3.718528 39.681820 16.177933
v -3.694092 39.702896 16.060637
v -3.450544 39.296261 16.276203
v -3.778516 39.624405 16.266840
v -3.532336 39.215656 16.316357
v -3.860308 39.543800 16.306988
v -3.617200 39.130329 16.298552
v -3.945172 39.458473 16.289188
v -3.685692 39.059830 16.226875
v -4.013664 39.387974 16.217508
v -3.722120 39.020302 16.117744
v -4.050092 39.348446 16.108376
v -3.718144 39.020809 15.996156
v -4.046116 39.348953 15.986788
v -3.674668 39.061230 15.889972
v -4.002640 39.389374 15.880604
v -3.601656 39.132305 15.823512
v -3.929628 39.460449 15.814144
v -3.515836 39.217754 15.812004
v -3.843808 39.545898 15.802636
v -3.436864 39.297997 15.858080
v -3.764836 39.626141 15.848712
v -3.382832 39.354656 15.951192
v -3.710804 39.682800 15.941824
v -3.425564 39.177040 16.067236
v -3.432256 39.171268 16.099363
v -3.522088 39.261150 16.096800
v -3.515396 39.266922 16.064672
v -3.448688 39.155540 16.123716
v -3.538520 39.245422 16.121153
v -3.471092 39.133465 16.134716
v -3.560924 39.223343 16.132149
v -3.494336 39.110092 16.129835
v -3.584168 39.199974 16.127272
v -3.513096 39.090782 16.110205
v -3.602928 39.180660 16.107639
v -3.523072 39.079956 16.080313
v -3.612904 39.169838 16.077747
v -3.521984 39.080093 16.047012
v -3.611816 39.169975 16.044443
v -3.510076 39.091164 16.017923
v -3.599908 39.181046 16.015360
v -3.490076 39.110634 15.999724
v -3.579912 39.200512 15.997156
v -3.466572 39.134037 15.996572
v -3.556404 39.223919 15.994004
v -3.444940 39.156017 16.009192
v -3.534772 39.245895 16.006628
v -3.430140 39.171539 16.034697
v -3.519972 39.261417 16.032127
s 1
usemtl itu_metal
f 938 919 939 923 922 918
f 935 944 943 934 930 931
f 946 936 932 929 933 941
f 933 942 941
f 935 945 944
f 946 945 935 936
f 917 920 919 938
f 924 921 925 928
f 917 938 918 937
f 943 942 933 934
f 925 921 937 918 922 926 930 934 933 929
f 932 936 935 931 927 923 939 940 924 928
f 919 920 940 939
f 922 923 927 926
f 928 925 929 932
f 926 927 931 930
f 1304 1302 1300 1298 1295 1296 1318 1316 1314 1312 1310 1308 1306
f 1274 1275 1276 1277 1278 1279 1267 1268 1269 1270 1271 1272 1273
f 944 945 946 941 942 943
f 940 920 917 937 921 924
f 977 978 1002 1001
f 1295 1294 1293 1296
f 1219 1220 1244 1243
f 1164 1165 1189 1188
f 1152 1153 1177 1176
f 1078 1079 1103 1102
f 1070 1071 1095 1094
f 1196 1197 1221 1220
f 1077 1078 1102 1101
f 1138 1139 1163 1162
f 1003 1004 1028 1027
f 1202 1203 1227 1226
f 984 985 1009 1008
f 1006 1007 1031 1030
f 1210 1211 1235 1234
f 1204 1205 1229 1228
f 1266 1258 1259 1260 1261
f 948 959 947 949
f 959 948 960 983 982
f 1062 1063 1087 1086
f 1266 1252 1253 1254 1255
f 958 957 947 959
f 1266 1255 1256 1257 1258
f 1281 1268 1267 1280
f 1066 1067 1091 1090
f 1057 1058 1082 1081
f 994 995 1019 1018
f 1280 1267 1279 1292
f 1321 1320 1319 1322
f 1004 1005 1029 1028
f 1079 1056 1080 1103
f 1090 1091 1115 1114
f 1133 1134 1158 1157
f 1021 1022 1046 1045
f 1031 1008 1032 1055
f 1034 1035 1059 1058
f 965 966 990 989
f 1156 1157 1181 1180
f 1139 1140 1164 1163
f 1150 1151 1175 1174
f 971 972 996 995
f 1048 1049 1073 1072
f 1160 1161 1185 1184
f 1172 1173 1197 1196
f 1201 1202 1226 1225
f 974 975 999 998
f 1186 1187 1211 1210
f 1107 1108 1132 1131
f 1203 1204 1228 1227
f 1207 1208 1232 1231
f 1223 1200 1224 1247
f 1220 1221 1245 1244
f 1208 1209 1233 1232
f 1187 1188 1212 1211
f 1086 1087 1111 1110
f 1075 1076 1100 1099
f 1344 1343 1341 1342
f 957 958 980 979 978
f 1129 1130 1154 1153
f 1088 1089 1113 1112
f 980 981 1005 1004
f 1089 1090 1114 1113
f 1292 1279 1278 1291
f 1312 1311 1309 1310
f 1283 1270 1269 1282
f 1318 1317 1315 1316
f 1326 1325 1323 1324
f 1330 1329 1327 1328
f 973 972 954 955 974
f 955 956 976 975 974
f 1117 1118 1142 1141
f 1189 1190 1214 1213
f 962 963 987 986
f 1073 1074 1098 1097
f 1121 1122 1146 1145
f 1013 1014 1038 1037
f 1127 1104 1128 1151
f 1151 1128 1152 1175
f 1027 1028 1052 1051
f 1135 1136 1160 1159
f 963 964 988 987
f 1041 1042 1066 1065
f 1134 1135 1159 1158
f 1145 1146 1170 1169
f 1137 1138 1162 1161
f 1140 1141 1165 1164
f 1036 1037 1061 1060
f 1149 1150 1174 1173
f 968 969 993 992
f 1144 1145 1169 1168
f 1030 1031 1055 1054
f 1023 1024 1048 1047
f 970 971 995 994
f 1170 1171 1195 1194
f 1162 1163 1187 1186
f 1104 1105 1129 1128
f 1047 1048 1072 1071
f 1177 1178 1202 1201
f 1167 1168 1192 1191
f 1168 1169 1193 1192
f 1173 1174 1198 1197
f 967 968 992 991
f 1178 1179 1203 1202
f 976 977 1001 1000
f 1182 1183 1207 1206
f 1061 1062 1086 1085
f 1175 1152 1176 1199
f 1169 1170 1194 1193
f 1192 1193 1217 1216
f 969 970 994 993
f 979 980 1004 1003
f 1205 1206 1230 1229
f 1195 1196 1220 1219
f 1199 1176 1200 1223
f 1069 1070 1094 1093
f 958 959 982 981 980
f 1194 1195 1219 1218
f 978 979 1003 1002
f 1213 1214 1238 1237
f 985 986 1010 1009
f 1185 1186 1210 1209
f 1228 1229 1230 1253 1252 1251
f 1110 1111 1135 1134
f 1124 1125 1149 1148
f 963 962 949 950 964
f 1234 1235 1236 1257 1256
f 988 989 1013 1012
f 1263 1243 1244 1245 1264
f 991 992 1016 1015
f 993 994 1018 1017
f 997 998 1022 1021
f 1074 1075 1099 1098
f 987 988 1012 1011
f 996 997 1021 1020
f 1286 1273 1272 1285
f 995 996 1020 1019
f 1284 1271 1270 1283
f 1106 1107 1131 1130
f 1287 1274 1273 1286
f 1008 1009 1033 1032
f 965 964 950 951 966
f 1302 1301 1299 1300
f 1176 1177 1201 1200
f 1304 1303 1301 1302
f 1306 1305 1303 1304
f 1283 1282 1281 1280 1292 1291 1290 1289 1288 1287 1286 1285 1284
f 1087 1088 1112 1111
f 1002 1003 1027 1026
f 1264 1245 1246 1247 1265
f 1005 1006 1030 1029
f 1120 1121 1145 1144
f 1324 1323 1320 1321
f 1097 1098 1122 1121
f 1096 1097 1121 1120
f 1342 1341 1339 1340
f 956 957 978 977 976
f 1009 1010 1034 1033
f 1010 1011 1035 1034
f 1012 1013 1037 1036
f 1064 1065 1089 1088
f 1310 1309 1307 1308
f 989 990 1014 1013
f 1049 1050 1074 1073
f 1158 1159 1183 1182
f 1123 1124 1148 1147
f 1197 1198 1222 1221
f 1020 1021 1045 1044
f 1230 1231 1232 1254 1253
f 1024 1025 1049 1048
f 1056 1057 1081 1080
f 1019 1020 1044 1043
f 1022 1023 1047 1046
f 951 950 949 947 952
f 1025 1026 1050 1049
f 948 949 962 961 960
f 960 961 985 984
f 1028 1029 1053 1052
f 1029 1030 1054 1053
f 961 962 986 985
f 1033 1034 1058 1057
f 1128 1129 1153 1152
f 1032 1033 1057 1056
f 1136 1137 1161 1160
f 1059 1060 1084 1083
f 1058 1059 1083 1082
f 1045 1046 1070 1069
f 1039 1040 1064 1063
f 1035 1036 1060 1059
f 1131 1132 1156 1155
f 952 953 970 969 968
f 1026 1027 1051 1050
f 1040 1041 1065 1064
f 1037 1038 1062 1061
f 1132 1133 1157 1156
f 1042 1043 1067 1066
f 1038 1039 1063 1062
f 1044 1045 1069 1068
f 1043 1044 1068 1067
f 1146 1147 1171 1170
f 1143 1144 1168 1167
f 1142 1143 1167 1166
f 972 973 997 996
f 1017 1018 1042 1041
f 966 967 991 990
f 1046 1047 1071 1070
f 1157 1158 1182 1181
f 1147 1148 1172 1171
f 1148 1149 1173 1172
f 964 965 989 988
f 1155 1156 1180 1179
f 1159 1160 1184 1183
f 1154 1155 1179 1178
f 1153 1154 1178 1177
f 1141 1142 1166 1165
f 1050 1051 1075 1074
f 1161 1162 1186 1185
f 1053 1054 1078 1077
f 1163 1164 1188 1187
f 973 974 998 997
f 1055 1032 1056 1079
f 1052 1053 1077 1076
f 1051 1052 1076 1075
f 1054 1055 1079 1078
f 1166 1167 1191 1190
f 1165 1166 1190 1189
f 975 976 1000 999
f 1184 1185 1209 1208
f 1174 1175 1199 1198
f 1130 1131 1155 1154
f 1171 1172 1196 1195
f 1183 1184 1208 1207
f 999 1000 1024 1023
f 1181 1182 1206 1205
f 1179 1180 1204 1203
f 1180 1181 1205 1204
f 1193 1194 1218 1217
f 1065 1066 1090 1089
f 1116 1117 1141 1140
f 986 987 1011 1010
f 1067 1068 1092 1091
f 1190 1191 1215 1214
f 1125 1126 1150 1149
f 1200 1201 1225 1224
f 1191 1192 1216 1215
f 1198 1199 1223 1222
f 1068 1069 1093 1092
f 1071 1072 1096 1095
f 1209 1210 1234 1233
f 1092 1093 1117 1116
f 983 960 984 1007
f 967 966 951 952 968
f 1109 1110 1134 1133
f 1211 1212 1236 1235
f 1105 1106 1130 1129
f 1206 1207 1231 1230
f 1216 1217 1241 1240
f 1221 1222 1246 1245
f 1212 1213 1237 1236
f 1188 1189 1213 1212
f 1063 1064 1088 1087
f 1076 1077 1101 1100
f 1232 1233 1234 1256 1255 1254
f 1218 1219 1243 1242
f 1217 1218 1242 1241
f 1115 1116 1140 1139
f 1240 1241 1242 1262 1261 1260
f 982 983 1007 1006
f 1222 1223 1247 1246
f 1060 1061 1085 1084
f 971 970 953 954 972
f 1250 1226 1227 1228 1251
f 1236 1237 1238 1259 1258 1257
f 1291 1278 1277 1290
f 1242 1243 1263 1262
f 992 993 1017 1016
f 1247 1224 1248 1265
f 1224 1225 1226 1250 1249 1248
f 1282 1269 1268 1281
f 954 953 952 947 955
f 1266 1261 1262 1263 1264
f 1266 1249 1250 1251 1252
f 956 955 947 957
f 1265 1248 1249 1266 1264
f 1288 1275 1274 1287
f 1080 1081 1105 1104
f 1238 1239 1240 1260 1259
f 1112 1113 1137 1136
f 1289 1276 1275 1288
f 1122 1123 1147 1146
f 1083 1084 1108 1107
f 1001 1002 1026 1025
f 1082 1083 1107 1106
f 1308 1307 1305 1306
f 990 991 1015 1014
f 1094 1095 1119 1118
f 1081 1082 1106 1105
f 1338 1336 1334 1332 1330 1328 1326 1324 1321 1322 1344 1342 1340
f 1000 1001 1025 1024
f 1084 1085 1109 1108
f 998 999 1023 1022
f 1316 1315 1313 1314
f 1085 1086 1110 1109
f 1300 1299 1297 1298
f 1298 1297 1294 1295
f 1098 1099 1123 1122
f 1095 1096 1120 1119
f 1296 1293 1317 1318
f 1091 1092 1116 1115
f 1093 1094 1118 1117
f 1332 1331 1329 1330
f 1007 984 1008 1031
f 1303 1305 1307 1309 1311 1313 1315 1317 1293 1294 1297 1299 1301
f 1101 1102 1126 1125
f 1099 1100 1124 1123
f 1100 1101 1125 1124
f 1103 1080 1104 1127
f 1102 1103 1127 1126
f 1336 1335 1333 1334
f 1329 1331 1333 1335 1337 1339 1341 1343 1319 1320 1323 1325 1327
f 1290 1277 1276 1289
f 1322 1319 1343 1344
f 1340 1339 1337 1338
f 1334 1333 1331 1332
f 1113 1114 1138 1137
f 981 982 1006 1005
f 1114 1115 1139 1138
f 1118 1119 1143 1142
f 1011 1012 1036 1035
f 1072 1073 1097 1096
f 1215 1216 1240 1239
f 1014 1015 1039 1038
f 1018 1019 1043 1042
f 1016 1017 1041 1040
f 1126 1127 1151 1150
f 1214 1215 1239 1238
f 1338 1337 1335 1336
f 1108 1109 1133 1132
f 1285 1272 1271 1284
f 1111 1112 1136 1135
f 1015 1016 1040 1039
f 1328 1327 1325 1326
f 1119 1120 1144 1143
f 1314 1313 1311 1312
o 02_-_Basement_Box_Mesh.866
v -1.077808 28.474329 3.543153
v -1.077808 28.474327 0.274601
v 5.089552 34.641693 0.274600
v 5.089548 34.641693 3.543152
v -8.411156 35.807667 3.543148
v -2.243796 41.975033 3.543148
v -2.243796 41.975033 0.274599
v -8.411156 35.807667 0.274600
v 4.926048 34.805191 3.774376
v -1.560664 41.291901 3.774375
v -7.728024 35.124535 3.774376
v -1.241312 28.637829 3.774376
v 5.089552 34.968697 0.274600
v -1.397164 41.455399 0.274600
v -1.397164 41.455399 3.543148
v 5.089552 34.968697 3.543152
v -1.241308 28.637829 0.043376
v -7.728024 35.124535 0.043372
v -1.560664 41.291901 0.043372
v 4.926048 34.805191 0.043376
v -1.404812 28.474329 3.543153
v -7.891528 34.961037 3.543148
v -7.891528 34.961037 0.274600
v -1.404812 28.474327 0.274601
v -8.247656 35.644165 3.774376
v -8.411156 35.480663 3.543148
v -1.916792 41.975033 3.543148
v -2.080296 41.811527 3.774375
v -8.411156 35.480663 0.274600
v -8.247656 35.644165 0.043372
v -2.080296 41.811527 0.043371
v -1.916792 41.975029 0.274599
v -7.967336 35.036846 3.543148
v -7.803836 35.200344 3.774376
v -1.636476 41.367710 3.774375
v -1.472976 41.531212 3.543148
v -1.472976 41.531212 0.274599
v -1.636476 41.367714 0.043372
v -7.803836 35.200344 0.043372
v -7.967336 35.036842 0.274600
v -7.725248 35.160622 3.708036
v -1.596748 41.289124 3.708035
v -1.460728 41.425144 3.515671
v -1.460728 41.425144 0.302076
v -1.596748 41.289124 0.109712
v -7.725248 35.160622 0.109712
v -7.861268 35.024597 0.302076
v -7.861268 35.024597 3.515672
v -7.767752 35.203125 3.708036
v -7.903776 35.067101 3.515672
v -1.639252 41.331627 3.708035
v -1.503232 41.467648 0.302076
v -1.503232 41.467648 3.515671
v -7.767752 35.203125 0.109712
v -1.639252 41.331627 0.109712
v -7.903776 35.067101 0.302076
v 0.083092 30.418869 3.774376
v 0.474912 30.027048 3.220260
v 3.217024 33.552799 3.774376
v 3.608844 33.160984 3.220260
v -2.465588 41.753242 0.400535
v 4.867760 34.419903 0.400536
v 4.300040 33.852180 0.400536
v 4.759288 34.638432 0.043376
v -1.727424 41.125141 0.043372
v -1.786584 41.184299 0.109712
v -1.744080 41.141796 0.109712
v -1.803236 41.200951 0.043372
v -2.247052 41.644768 0.043371
v -2.410556 41.808273 0.311807
v -2.410556 41.808273 0.274599
v 4.922792 34.474934 0.274600
v 4.922792 34.474934 0.311812
v 4.081508 33.960651 0.043376
v 4.245008 33.797153 0.274600
v 4.245008 33.797153 0.311812
v -0.296800 29.255337 0.400536
v -8.197868 36.020958 0.400536
v -0.864520 28.687616 0.400536
v -0.405268 29.473867 0.043376
v -0.241768 29.310368 0.274600
v -0.241768 29.310368 0.311812
v -1.083052 28.796083 0.043376
v -7.569768 35.282795 0.043372
v -8.252896 35.965923 0.274600
v -8.252896 35.965923 0.311808
v -7.645576 35.358604 0.043372
v -7.586420 35.299446 0.109712
v -7.628924 35.341953 0.109712
v -0.919548 28.632584 0.311812
v -0.919548 28.632584 0.274600
v -8.089396 35.802425 0.043372
v -1.925796 29.952284 0.400536
v -2.061888 29.952284 0.400536
v 3.611592 35.625767 0.400536
v 3.611596 35.489677 0.400536
v -2.130436 41.367786 0.400536
v -7.865440 35.755829 0.400536
v -8.164216 36.054607 0.400536
v -8.096172 36.122650 0.496764
v -2.558780 41.660049 0.496763
v -2.490736 41.728092 0.400535
v -2.191956 41.429314 0.400536
v -7.803916 35.694309 0.400536
v -2.197784 41.327465 0.400536
v -7.798088 35.796150 0.400536
v -2.232284 41.361965 0.400536
v -7.763592 35.761658 0.400536
v 3.137068 35.015152 0.400536
v 3.144776 34.897381 0.311808
v 3.146684 34.895477 0.309116
v -1.459772 30.418308 0.400536
v -1.340096 30.408695 0.309116
v -1.342000 30.410601 0.311808
v -1.340096 30.408695 0.043376
v 3.146684 34.895477 0.043376
v 2.498916 34.247707 0.309116
v 3.543548 35.557724 0.496768
v 2.498916 34.247707 0.148904
v 2.474560 34.223351 0.047072
v -0.601032 31.147760 0.047072
v -0.625388 31.123404 0.148904
v -0.625388 31.123404 0.309116
v -0.758076 31.256096 0.496768
v -1.993840 30.020329 0.496768
v -7.735868 35.762352 0.496764
v -7.733616 35.791634 0.442928
v -7.768112 35.826130 0.442928
v -7.797392 35.823875 0.496764
v -2.260004 41.361267 0.496764
v -2.262260 41.331985 0.442928
v -2.227764 41.297489 0.442928
v -2.198480 41.299744 0.496764
v 2.252936 34.493683 0.496768
v 2.366224 34.380398 0.496768
v 2.156576 34.541336 0.496768
v -0.919016 31.465744 0.496768
v -0.871364 31.369381 0.496768
v -2.426092 41.792736 0.859859
v -2.426092 41.792736 3.512475
v -8.228860 35.989964 3.512476
v -8.228860 35.989964 0.859860
v -2.447784 41.771046 3.543148
v -2.447784 41.549049 3.700128
v -2.558780 41.660049 0.672208
v -8.096172 36.122650 0.672208
v -7.985172 36.011654 3.700128
v -8.207172 36.011654 3.543148
v -6.777348 37.275360 3.660612
v -6.788996 37.335716 3.609700
v -3.713404 40.411308 3.609699
v -3.653048 40.399662 3.660612
v -3.625108 40.371719 3.700128
v -6.749408 37.247421 3.700128
v -2.694116 41.524712 0.672208
v -3.244176 40.974651 0.890060
v -3.199516 41.019318 0.962064
v -2.738776 41.480053 0.962064
v -2.694116 41.524712 0.890060
v -3.244176 40.974651 0.672208
v -7.417676 36.801147 0.672208
v -7.967736 36.251087 0.672208
v -7.923076 36.295750 0.962064
v -7.967736 36.251087 0.890060
v -7.462336 36.756489 0.962064
v -7.417676 36.801147 0.890060
v -2.390372 41.491642 3.700128
v -3.567700 40.314312 3.700128
v -2.257684 41.624329 3.512475
v -2.257684 41.624329 0.859860
v -2.390372 41.491638 0.672208
v -2.525708 41.356304 0.672208
v -2.393020 41.223618 0.859860
v -2.393020 41.223618 0.890060
v -2.437680 41.178955 0.962064
v -2.898416 40.718216 0.962064
v -2.943080 40.673557 0.890060
v -2.943080 40.673557 0.859860
v -3.075768 40.806244 0.672208
v -7.249272 36.632740 0.672208
v -7.116580 36.500053 0.859860
v -7.116580 36.500053 0.890060
v -7.161240 36.455391 0.962064
v -7.621980 35.994652 0.962064
v -7.666640 35.949993 0.890060
v -7.666640 35.949993 0.859860
v -7.799328 36.082680 0.672208
v -7.927764 35.954243 0.672208
v -8.060456 35.821556 0.859860
v -8.060456 35.821556 3.512476
v -7.927764 35.954247 3.700128
v -6.692000 37.190014 3.700128
v -6.559312 37.057323 3.352264
v -6.534956 37.081676 3.250432
v -3.459364 40.157272 3.250432
v -3.435008 40.181625 3.352263
v -3.435008 40.181625 3.512475
v -2.257684 41.358952 3.512475
v -6.559312 37.057323 3.512476
v -7.795076 35.821556 3.512476
v -7.795076 35.821556 0.859860
v -2.257684 41.358952 0.859860
v 4.721176 34.645481 3.774376
v 4.455792 34.645481 3.774376
v -1.081596 28.842705 3.774376
v -1.081596 29.108086 3.774376
v 4.743756 34.622902 3.774376
v 4.907256 34.459396 3.501064
v 4.907256 34.459396 3.543152
v -1.059016 28.820126 3.774376
v -0.895516 28.656620 3.543153
v -0.895516 28.656620 3.501065
v 4.774564 34.326710 3.313412
v -0.762824 28.789312 3.313412
v 4.639232 34.191372 3.313412
v 4.089172 33.641312 3.531264
v 4.096544 33.648689 3.543152
v 4.091320 33.728485 3.603272
v 4.552060 34.189224 3.603272
v 4.631856 34.184002 3.543152
v 4.639232 34.191372 3.531264
v -0.084328 29.467808 3.313412
v 0.452632 30.004768 3.313412
v 0.409044 30.092916 3.313412
v 3.542972 33.226852 3.313412
v 3.631120 33.183262 3.313412
v 4.089172 33.641312 3.313412
v -0.634388 28.917747 3.313412
v -0.627016 28.925121 3.543153
v -0.632236 29.004921 3.603272
v -0.634388 28.917747 3.531265
v -0.171500 29.465656 3.603272
v -0.091704 29.460436 3.543153
v -0.084328 29.467808 3.531265
v 3.314776 33.504459 3.774376
v 0.131432 30.321114 3.774376
v 3.290072 33.479752 3.671072
v 0.156140 30.345821 3.671072
v 4.275800 34.465485 3.603272
v 4.320460 34.510143 3.531264
v 4.320460 34.510143 3.501064
v 4.453148 34.377453 3.313412
v 4.588484 34.512787 3.313412
v 4.721176 34.645481 3.501064
v 4.455792 34.645481 3.501064
v 3.815060 34.004745 3.603272
v 3.770400 33.960083 3.531264
v -0.403100 29.786581 3.531265
v -0.447760 29.741920 3.603272
v -0.908500 29.281181 3.603272
v -0.953160 29.236521 3.531265
v -1.081596 29.108086 3.501065
v -1.081596 28.842705 3.501065
v -0.948904 28.975391 3.313412
v -0.820468 29.103828 3.313412
v -0.953160 29.236521 3.501065
v -0.403100 29.786581 3.501065
v -0.270412 29.653889 3.313412
v 3.903092 33.827393 3.313412
v 3.770400 33.960083 3.501064
s 1
usemtl itu_metal
f 1354 1353 1360 1359
f 1509 1510 1505 1504 1500 1501 1502 1503 1499 1489 1483 1484 1487 1350 1351 1415 1414 1405 1446 1445 1444 1443 1422 1430 1429 1352 1349 1492 1485 1486 1490 1506 1508 1507
f 1356 1365 1345
f 1348 1360 1353
f 1368 1361 1346
f 1347 1364 1357
f 1369 1349 1370
f 1371 1350 1372
f 1373 1352 1374
f 1375 1351 1376
f 1354 1386 1385 1355
f 1400 1391 1392 1394
f 1589 1588 1547 1548
f 1570 1571 1603 1602 1566 1567 1568 1569
f 1380 1397 1396 1381
f 1601 1602 1603 1604
f 1443 1444 1473 1442
f 1522 1523 1524 1525
f 1514 1483 1489 1515
f 1456 1437 1469 1468 1467 1457 1458
f 1471 1472 1475 1476
f 1527 1509 1507 1528
f 1473 1472 1450 1442
f 1423 1434 1430 1422
f 1558 1598 1597 1556
f 1421 1456 1458 1426
f 1472 1471 1452 1450
f 1356 1345 1555 1554
f 1401 1582 1581 1403
f 1445 1474 1473 1444
f 1359 1387 1386 1354
f 1358 1357 1364 1363
f 1598 1558 1572 1599
f 1515 1516 1517 1546
f 1475 1472 1473 1474
f 1462 1440 1453 1454 1455 1461 1479
f 1452 1471 1470 1448
f 1379 1380 1371 1372
f 1363 1389 1388 1358
f 1565 1559 1586 1585 1584
f 1346 1361 1427 1435
f 1377 1394 1393 1378
f 1498 1536 1535 1491
f 1367 1391 1390 1362
f 1541 1512 1511 1542
f 1385 1386 1395 1393
f 1437 1438 1469
f 1378 1393 1395 1379
f 1555 1556 1597 1549 1554
f 1383 1398 1400 1384
f 1370 1349 1352 1373
f 1402 1404 1569 1568
f 1594 1574 1576 1593
f 1573 1574 1594 1595 1575
f 1379 1395 1397 1380
f 1399 1389 1411 1410
f 1481 1465 1466 1482
f 1364 1408 1409 1363
f 1351 1375 1413 1415
f 1383 1384 1373 1374
f 1439 1440 1462
f 1488 1487 1484 1513 1511
f 1538 1494 1495 1539
f 1398 1390 1391 1400
f 1502 1519 1518 1503
f 1358 1388 1387 1359
f 1497 1488 1511 1512
f 1361 1362 1428 1427
f 1530 1529 1508 1506 1531
f 1419 1425 1424 1418
f 1398 1433 1432 1390
f 1398 1383 1431 1433
f 1360 1348 1347 1357
f 1539 1540 1541 1542 1546 1517 1518 1519 1520 1521 1522 1525 1526 1527 1528 1529 1530 1545 1544 1543 1537 1538
f 1498 1493 1537 1543 1536
f 1585 1586 1587 1589
f 1486 1485 1534 1533
f 1499 1516 1515 1489
f 1446 1447 1474 1445
f 1534 1535 1544
f 1378 1379 1372 1369
f 1532 1533 1545
f 1561 1564 1563 1562
f 1545 1530 1531 1532
f 1544 1545 1533 1534
f 1515 1546 1514
f 1544 1535 1536 1543
f 1513 1542 1511
f 1577 1576 1574 1573
f 1540 1539 1495 1496
f 1448 1470 1469 1438
f 1383 1374 1436 1431
f 1390 1432 1428 1362
f 1568 1567 1402
f 1570 1569 1404
f 1549 1597 1596 1550
f 1362 1361 1368 1367
f 1581 1579 1403
f 1580 1582 1401
f 1384 1400 1394 1377
f 1366 1392 1391 1367
f 1588 1587 1557 1552
f 1589 1587 1588
f 1586 1559 1557 1587
f 1476 1475 1451 1449
f 1596 1598 1599 1600
f 1381 1396 1399 1382
f 1353 1551 1553 1348
f 1477 1476 1449 1441
f 1562 1590 1591 1560 1561
f 1596 1597 1598
f 1451 1475 1474 1447
f 1389 1363 1409 1411
f 1355 1385 1392 1366
f 1375 1382 1412 1413
f 1562 1563 1583 1590
f 1397 1387 1388 1396
f 1376 1351 1350 1371
f 1427 1428 1432 1433 1431 1436 1429 1430 1434 1435
f 1395 1386 1387 1397
f 1411 1409 1408 1416 1417 1414 1415 1413 1412 1410
f 1464 1465 1481 1480
f 1461 1463 1478 1479
f 1421 1423 1422 1443 1442 1450 1452 1448 1438 1437 1456
f 1359 1360 1357 1358
f 1466 1467 1468 1482
f 1425 1426 1458 1457 1459 1424
f 1396 1388 1389 1399
f 1399 1410 1412 1382
f 1455 1454 1420 1419 1418 1460
f 1439 1462 1477 1441
f 1477 1470 1471 1476
f 1519 1502 1501 1520
f 1384 1377 1370 1373
f 1466 1465 1464 1463 1461 1455 1460 1459 1457 1467
f 1366 1365 1356 1355
f 1477 1462 1479 1478 1480 1481 1482 1468 1469 1470
f 1478 1463 1464 1480
f 1491 1492 1349 1369 1372 1350 1487 1488 1497 1496 1495 1494 1493 1498
f 1364 1347 1416 1408
f 1380 1381 1376 1371
f 1484 1483 1514 1513
f 1500 1521 1520 1501
f 1508 1529 1528 1507
f 1381 1382 1375 1376
f 1534 1485 1492 1491 1535
f 1522 1521 1500 1504 1523
f 1367 1368 1365 1366
f 1385 1393 1394 1392
f 1524 1523 1504 1505
f 1496 1497 1512 1541 1540
f 1509 1527 1526 1510
f 1525 1524 1505 1510 1526
f 1417 1406 1405 1414
f 1549 1550 1580 1401 1403 1579 1548 1547 1551 1353 1354 1355 1356 1554
f 1368 1346 1345 1365
f 1575 1572 1558 1556 1555 1345 1346 1435 1434 1423 1421 1426 1425 1419 1420 1407 1406 1417 1416 1347 1348 1553 1552 1557 1559 1565 1564 1561 1560 1571 1570 1404 1402 1567 1566 1578 1577 1573
f 1503 1518 1517 1516 1499
f 1531 1506 1490 1532
f 1563 1564 1565 1584 1583
f 1532 1490 1486 1533
f 1494 1538 1537 1493
f 1352 1429 1436 1374
f 1553 1551 1547 1588 1552
f 1578 1566 1602 1601 1592
f 1441 1449 1451 1447 1446 1405 1406 1407 1453 1440 1439
f 1595 1594 1593 1592 1601 1604 1591 1590 1583 1584 1585 1589 1548 1579 1581 1582 1580 1550 1596 1600
f 1592 1593 1576 1577 1578
f 1600 1599 1572 1575 1595
f 1378 1369 1370 1377
f 1424 1459 1460 1418
f 1513 1514 1546 1542
f 1560 1591 1604 1603 1571
f 1407 1420 1454 1453
o 02_-_Big_Dish.001_Mesh.004
v -5.747200 42.389160 28.818516
v -5.699920 42.389164 29.449408
v -5.559140 42.389179 30.066204
v -5.328004 42.389202 30.655128
v -5.011676 42.389236 31.203028
v -4.617220 42.389278 31.697660
v -4.153448 42.389328 32.127975
v -3.630724 42.389381 32.484364
v -3.060716 42.389442 32.758865
v -2.456164 42.389503 32.945343
v -1.830572 42.389572 33.039639
v -1.197916 42.389633 33.039635
v -0.572324 42.389702 32.945343
v 0.032228 42.389763 32.758865
v 0.602232 42.389824 32.484364
v 1.124960 42.389877 32.127975
v 1.588732 42.389927 31.697660
v 1.983188 42.389965 31.203028
v 2.299516 42.389999 30.655132
v 2.530652 42.390022 30.066204
v 2.671432 42.390038 29.449408
v 2.718712 42.390041 28.818520
v 2.671432 42.390038 28.187632
v 2.530652 42.390022 27.570835
v 2.299520 42.389999 26.981913
v 1.983188 42.389965 26.434011
v 1.588736 42.389923 25.939381
v 1.124964 42.389874 25.509064
v 0.602236 42.389824 25.152672
v 0.032232 42.389763 24.878172
v -0.572316 42.389698 24.691692
v -1.197908 42.389633 24.597401
v -1.830568 42.389565 24.597401
v -2.456160 42.389503 24.691692
v -3.060708 42.389439 24.878168
v -3.630716 42.389378 25.152668
v -4.153444 42.389320 25.509056
v -4.617216 42.389275 25.939371
v -5.011672 42.389233 26.434000
v -5.328000 42.389202 26.981899
v -5.559140 42.389179 27.570820
v -5.699920 42.389160 28.187620
v -5.747236 42.738995 28.818516
v -5.699956 42.738998 29.449408
v -5.559176 42.739014 30.066204
v -5.328044 42.739037 30.655128
v -5.011712 42.739071 31.203024
v -4.617256 42.739113 31.697660
v -4.153484 42.739162 32.127975
v -3.630760 42.739220 32.484364
v -3.060752 42.739277 32.758865
v -2.456200 42.739338 32.945343
v -1.830608 42.739407 33.039639
v -1.197952 42.739471 33.039635
v -0.572360 42.739540 32.945343
v 0.032192 42.739597 32.758865
v 0.602196 42.739658 32.484364
v 1.124924 42.739716 32.127975
v 1.588696 42.739761 31.697660
v 1.983152 42.739803 31.203028
v 2.299480 42.739834 30.655132
v 2.530616 42.739857 30.066204
v 2.671396 42.739876 29.449408
v 2.718676 42.739880 28.818520
v 2.671396 42.739876 28.187632
v 2.530616 42.739857 27.570835
v 2.299480 42.739834 26.981913
v 1.983152 42.739803 26.434011
v 1.588696 42.739761 25.939381
v 1.124928 42.739708 25.509064
v 0.602200 42.739658 25.152672
v 0.032196 42.739597 24.878172
v -0.572352 42.739532 24.691692
v -1.197944 42.739471 24.597401
v -1.830604 42.739403 24.597401
v -2.456196 42.739338 24.691692
v -3.060744 42.739273 24.878168
v -3.630752 42.739212 25.152668
v -4.153480 42.739159 25.509056
v -4.617252 42.739109 25.939371
v -5.011708 42.739071 26.434000
v -5.328040 42.739037 26.981895
v -5.559176 42.739014 27.570820
v -5.699956 42.738998 28.187620
v -5.669804 42.693958 28.818516
v -5.623388 42.693962 28.199156
v -5.670080 45.355583 28.818516
v -5.623668 45.355587 29.437868
v -5.485464 45.355602 30.043381
v -5.258556 45.355625 30.621532
v -4.948012 45.355659 31.159409
v -4.560772 45.355698 31.644993
v -4.105484 45.355747 32.067440
v -3.592316 45.355797 32.417309
v -3.032740 45.355858 32.686787
v -2.439244 45.355919 32.869858
v -1.825096 45.355984 32.962425
v -1.204012 45.356049 32.962425
v -0.589864 45.356113 32.869858
v 0.003632 45.356174 32.686787
v 0.563208 45.356236 32.417309
v 1.076372 45.356285 32.067440
v 1.531660 45.356335 31.644993
v 1.918904 45.356373 31.159409
v 2.229444 45.356407 30.621536
v 2.456352 45.356430 30.043381
v 2.594560 45.356445 29.437868
v 2.640972 45.356449 28.818520
v 2.594560 45.356445 28.199171
v 2.456356 45.356430 27.593660
v 2.229448 45.356407 27.015505
v 1.918904 45.356373 26.477633
v 1.531664 45.356335 25.992044
v 1.076376 45.356285 25.569599
v 0.563212 45.356232 25.219728
v 0.003636 45.356174 24.950249
v -0.589856 45.356110 24.767179
v -1.204004 45.356045 24.674612
v -1.825092 45.355980 24.674612
v -2.439240 45.355919 24.767176
v -3.032732 45.355858 24.950245
v -3.592312 45.355797 25.219725
v -4.105476 45.355743 25.569592
v -4.560764 45.355694 25.992037
v -4.948008 45.355652 26.477619
v -5.258548 45.355621 27.015491
v -5.485460 45.355602 27.593643
v -5.623664 45.355587 28.199156
v -5.623388 42.693962 29.437868
v -5.485184 42.693977 30.043381
v -5.258276 42.694000 30.621532
v -4.947732 42.694035 31.159409
v -4.560492 42.694073 31.644993
v -4.105204 42.694122 32.067440
v -3.592040 42.694176 32.417309
v -3.032460 42.694233 32.686787
v -2.438968 42.694294 32.869858
v -1.824820 42.694359 32.962425
v -1.203732 42.694427 32.962425
v -0.589584 42.694489 32.869858
v 0.003908 42.694550 32.686787
v 0.563488 42.694611 32.417309
v 1.076652 42.694664 32.067440
v 1.531940 42.694710 31.644997
v 1.919180 42.694752 31.159412
v 2.229724 42.694782 30.621536
v 2.456632 42.694805 30.043385
v 2.594836 42.694824 29.437868
v 2.641252 42.694828 28.818520
v 2.594836 42.694820 28.199171
v 2.456632 42.694805 27.593660
v 2.229724 42.694782 27.015509
v 1.919184 42.694748 26.477633
v 1.531944 42.694710 25.992048
v 1.076656 42.694664 25.569599
v 0.563492 42.694607 25.219732
v 0.003912 42.694550 24.950253
v -0.589580 42.694485 24.767179
v -1.203728 42.694420 24.674612
v -1.824812 42.694359 24.674612
v -2.438960 42.694294 24.767176
v -3.032452 42.694229 24.950245
v -3.592032 42.694176 25.219725
v -4.105196 42.694118 25.569592
v -4.560488 42.694069 25.992037
v -4.947728 42.694031 26.477619
v -5.258272 42.693996 27.015491
v -5.485180 42.693977 27.593643
v -5.591064 44.612076 29.385044
v -5.579064 44.612076 29.481060
v -5.656112 44.612068 29.490688
v -5.668116 44.612068 29.394676
v -5.591116 45.094154 29.385044
v -5.579112 45.094154 29.481060
v -5.656164 45.094147 29.490688
v -5.668168 45.094147 29.394676
v -5.245388 44.612110 30.560896
v -5.202112 44.612114 30.647440
v -5.271568 44.612106 30.682167
v -5.314840 44.612103 30.595625
v -5.245436 45.094189 30.560896
v -5.202164 45.094193 30.647440
v -5.271616 45.094185 30.682167
v -5.314888 45.094181 30.595625
v -4.567448 44.612183 31.583328
v -4.499028 44.612190 31.651749
v -4.553936 44.612183 31.706656
v -4.622356 44.612179 31.638235
v -4.567500 45.094261 31.583332
v -4.499080 45.094269 31.651752
v -4.553988 45.094261 31.706656
v -4.622408 45.094254 31.638235
v -3.618148 44.612282 32.360947
v -3.531604 44.612289 32.404221
v -3.566328 44.612286 32.473671
v -3.652876 44.612278 32.430397
v -3.618200 45.094364 32.360947
v -3.531652 45.094372 32.404221
v -3.566380 45.094368 32.473671
v -3.652928 45.094360 32.430397
v -2.482360 44.612400 32.825329
v -2.386344 44.612411 32.837330
v -2.395976 44.612411 32.914383
v -2.491992 44.612400 32.902382
v -2.482408 45.094479 32.825329
v -2.386396 45.094490 32.837330
v -2.396028 45.094490 32.914383
v -2.492040 45.094479 32.902382
v -1.254640 44.612526 32.926689
v -1.158068 44.612541 32.920654
v -1.153224 44.612541 32.998158
v -1.249796 44.612526 33.004192
v -1.254692 45.094604 32.926689
v -1.158120 45.094620 32.920654
v -1.153276 45.094620 32.998158
v -1.249848 45.094604 33.004192
v -0.056928 44.612656 32.673698
v 0.029616 44.612663 32.630424
v 0.064344 44.612667 32.699879
v -0.022200 44.612659 32.743149
v -0.056980 45.094734 32.673698
v 0.029568 45.094742 32.630424
v 0.064292 45.094746 32.699879
v -0.022252 45.094738 32.743149
v 1.014788 44.612766 32.074196
v 1.083208 44.612774 32.005775
v 1.138116 44.612778 32.060680
v 1.069696 44.612770 32.129105
v 1.014736 45.094841 32.074196
v 1.083156 45.094849 32.005775
v 1.138064 45.094860 32.060684
v 1.069644 45.094849 32.129105
v 1.862616 44.612854 31.185320
v 1.905888 44.612858 31.098772
v 1.975344 44.612865 31.133499
v 1.932068 44.612858 31.220043
v 1.862568 45.094933 31.185320
v 1.905840 45.094940 31.098772
v 1.975292 45.094948 31.133499
v 1.932020 45.094940 31.220043
v 2.407032 44.612911 30.080900
v 2.430496 44.612915 29.987032
v 2.505832 44.612919 30.005863
v 2.482364 44.612919 30.099731
v 2.406980 45.094990 30.080900
v 2.430448 45.094990 29.987032
v 2.505780 45.094997 30.005863
v 2.482312 45.094997 30.099731
v 2.602224 44.612930 28.866899
v 2.602224 44.612930 28.770140
v 2.679876 44.612938 28.770140
v 2.679876 44.612938 28.866899
v 2.602176 45.095009 28.866899
v 2.602176 45.095009 28.770140
v 2.679824 45.095016 28.770140
v 2.679824 45.095016 28.866899
v 2.430500 44.612911 27.650011
v 2.407032 44.612911 27.556141
v 2.482364 44.612919 27.537304
v 2.505832 44.612919 27.631176
v 2.430448 45.094990 27.650007
v 2.406980 45.094986 27.556141
v 2.482316 45.094994 27.537304
v 2.505780 45.094997 27.631176
v 1.925740 44.612858 26.539295
v 1.857316 44.612850 26.470877
v 1.912224 44.612858 26.415968
v 1.980644 44.612862 26.484388
v 1.925688 45.094940 26.539291
v 1.857268 45.094929 26.470877
v 1.912176 45.094940 26.415968
v 1.980596 45.094940 26.484388
v 1.083212 44.612770 25.631264
v 1.014792 44.612762 25.562843
v 1.069700 44.612770 25.507936
v 1.138120 44.612774 25.576357
v 1.083160 45.094849 25.631264
v 1.014740 45.094841 25.562843
v 1.069648 45.094845 25.507936
v 1.138068 45.094856 25.576357
v 0.041232 44.612663 24.999647
v -0.052640 44.612648 24.976179
v -0.033808 44.612656 24.900852
v 0.060064 44.612663 24.924320
v 0.041184 45.094742 24.999647
v -0.052692 45.094730 24.976179
v -0.033856 45.094734 24.900852
v 0.060016 45.094742 24.924316
v -1.158064 44.612534 24.716379
v -1.254636 44.612526 24.710344
v -1.249792 44.612526 24.632845
v -1.153220 44.612534 24.638880
v -1.158112 45.094612 24.716379
v -1.254684 45.094604 24.710344
v -1.249844 45.094604 24.632845
v -1.153268 45.094612 24.638876
v -2.382808 44.612404 24.793108
v -2.476680 44.612396 24.816576
v -2.495512 44.612396 24.741243
v -2.401640 44.612404 24.717775
v -2.382860 45.094486 24.793108
v -2.476732 45.094479 24.816576
v -2.495564 45.094475 24.741243
v -2.401692 45.094486 24.717775
v -3.530568 44.612286 25.212969
v -3.598988 44.612282 25.281387
v -3.653896 44.612274 25.226480
v -3.585476 44.612282 25.158060
v -3.530620 45.094368 25.212969
v -3.599040 45.094360 25.281387
v -3.653948 45.094353 25.226480
v -3.585528 45.094360 25.158060
v -4.504324 44.612186 25.966124
v -4.547596 44.612183 26.052671
v -4.617048 44.612175 26.017944
v -4.573776 44.612179 25.931400
v -4.504376 45.094265 25.966124
v -4.547648 45.094261 26.052671
v -4.617100 45.094254 26.017944
v -4.573828 45.094257 25.931400
v -5.196808 44.612114 27.008736
v -5.265228 44.612106 27.077156
v -5.320136 44.612103 27.022247
v -5.251716 44.612110 26.953829
v -5.196860 45.094193 27.008736
v -5.265280 45.094185 27.077156
v -5.320188 45.094181 27.022247
v -5.251768 45.094185 26.953829
v -5.584764 44.612076 28.150776
v -5.584764 44.612076 28.247536
v -5.662412 44.612068 28.247536
v -5.662412 44.612068 28.150776
v -5.584812 45.094154 28.150776
v -5.584812 45.094154 28.247536
v -5.662464 45.094147 28.247536
v -5.662464 45.094147 28.150776
v -5.636064 45.356945 29.439735
v -5.682616 45.356941 28.818516
v -5.497444 45.356964 30.047075
v -5.269848 45.356987 30.626972
v -4.958372 45.357018 31.166471
v -4.569960 45.357059 31.653521
v -4.113300 45.357109 32.077240
v -3.598584 45.357162 32.428165
v -3.037320 45.357224 32.698456
v -2.442036 45.357285 32.882076
v -1.826032 45.357346 32.974922
v -1.203076 45.357414 32.974922
v -0.587072 45.357479 32.882076
v 0.008212 45.357540 32.698456
v 0.569476 45.357597 32.428165
v 1.084188 45.357651 32.077240
v 1.540852 45.357697 31.653521
v 1.929260 45.357738 31.166471
v 2.240740 45.357769 30.626972
v 2.468332 45.357796 30.047075
v 2.606952 45.357811 29.439735
v 2.653508 45.357815 28.818520
v 2.606956 45.357811 28.197300
v 2.468332 45.357796 27.589964
v 2.240740 45.357769 27.010069
v 1.929264 45.357738 26.470568
v 1.540856 45.357697 25.983521
v 1.084192 45.357651 25.559795
v 0.569480 45.357594 25.208872
v 0.008216 45.357536 24.938580
v -0.587068 45.357475 24.754959
v -1.203068 45.357410 24.662107
v -1.826028 45.357346 24.662107
v -2.442028 45.357281 24.754955
v -3.037312 45.357216 24.938572
v -3.598580 45.357159 25.208868
v -4.113292 45.357105 25.559788
v -4.569956 45.357056 25.983507
v -4.958364 45.357018 26.470556
v -5.269844 45.356987 27.010052
v -5.497440 45.356964 27.589949
v -5.636060 45.356945 28.197292
v -3.184480 45.766994 29.070211
v -3.203340 45.766994 28.818516
v -3.128316 45.767002 29.316284
v -3.036104 45.767010 29.551235
v -2.909904 45.767021 29.769819
v -2.752536 45.767036 29.967155
v -2.567512 45.767059 30.138832
v -2.358968 45.767082 30.281012
v -2.131564 45.767105 30.390524
v -1.890380 45.767128 30.464920
v -1.640796 45.767155 30.502541
v -1.388396 45.767181 30.502541
v -1.138816 45.767212 30.464920
v -0.897628 45.767235 30.390524
v -0.670224 45.767258 30.281012
v -0.461684 45.767277 30.138832
v -0.276660 45.767296 29.967155
v -0.119292 45.767315 29.769819
v 0.006908 45.767330 29.551235
v 0.099120 45.767338 29.316284
v 0.155284 45.767342 29.070211
v 0.174148 45.767345 28.818516
v 0.155284 45.767342 28.566824
v 0.099120 45.767338 28.320751
v 0.006908 45.767326 28.085800
v -0.119292 45.767315 27.867216
v -0.276660 45.767296 27.669880
v -0.461680 45.767277 27.498203
v -0.670224 45.767258 27.356024
v -0.897628 45.767235 27.246508
v -1.138816 45.767204 27.172112
v -1.388396 45.767181 27.134497
v -1.640796 45.767155 27.134497
v -1.890372 45.767128 27.172112
v -2.131564 45.767105 27.246508
v -2.358968 45.767082 27.356020
v -2.567508 45.767059 27.498199
v -2.752532 45.767036 27.669876
v -2.909900 45.767021 27.867212
v -3.036104 45.767010 28.085796
v -3.128316 45.767002 28.320744
v -3.184480 45.766994 28.566816
v -5.651804 45.024254 29.442112
v -5.698548 45.141647 28.818516
v -5.512664 45.141666 30.051777
v -5.284188 45.024292 30.633892
v -4.971528 45.141724 31.175455
v -4.581620 45.024372 31.664371
v -4.123224 45.141815 32.089718
v -3.606528 45.024471 32.441982
v -3.043124 45.141926 32.713306
v -2.445552 45.024590 32.897629
v -1.827204 45.142056 32.990833
v -1.201848 45.024723 32.990833
v -0.583500 45.142181 32.897629
v 0.014072 45.024849 32.713306
v 0.577476 45.142303 32.441982
v 1.094172 45.024963 32.089718
v 1.552568 45.142406 31.664371
v 1.942476 45.025051 31.175461
v 2.255136 45.142479 30.633896
v 2.483612 45.025105 30.051781
v 2.622752 45.142517 29.442112
v 2.669496 45.025124 28.818520
v 2.622752 45.142517 28.194923
v 2.483612 45.025105 27.585260
v 2.255136 45.142479 27.003143
v 1.942480 45.025051 26.461580
v 1.552572 45.142403 25.972668
v 1.094176 45.024956 25.547323
v 0.577480 45.142303 25.195057
v 0.014080 45.024845 24.923729
v -0.583496 45.142181 24.739405
v -1.201840 45.024719 24.646204
v -1.827196 45.142052 24.646200
v -2.445544 45.024590 24.739405
v -3.043116 45.141922 24.923723
v -3.606520 45.024467 25.195047
v -4.123216 45.141808 25.547316
v -4.581616 45.024368 25.972656
v -4.971524 45.141724 26.461569
v -5.284184 45.024292 27.003132
v -5.512660 45.141666 27.585249
v -5.651804 45.024254 28.194912
v -5.680488 45.317688 29.130713
v -5.587428 45.317703 29.748123
v -5.403384 45.317722 30.344772
v -5.132472 45.317749 30.907324
v -4.780744 45.317787 31.423220
v -4.356052 45.317833 31.880928
v -3.867888 45.317883 32.270226
v -3.327152 45.317940 32.582420
v -2.745924 45.318001 32.810535
v -2.137192 45.318062 32.949474
v -1.514548 45.318130 32.996136
v -0.891908 45.318195 32.949474
v -0.283176 45.318260 32.810535
v 0.298052 45.318321 32.582420
v 0.838784 45.318375 32.270226
v 1.326952 45.318428 31.880928
v 1.751640 45.318470 31.423220
v 2.103372 45.318504 30.907328
v 2.374284 45.318535 30.344776
v 2.558324 45.318554 29.748129
v 2.651384 45.318562 29.130713
v 2.651388 45.318562 28.506329
v 2.558328 45.318554 27.888912
v 2.374284 45.318535 27.292265
v 2.103376 45.318504 26.729712
v 1.751644 45.318466 26.213820
v 1.326956 45.318420 25.756111
v 0.838788 45.318371 25.366808
v 0.298056 45.318314 25.054617
v -0.283172 45.318253 24.826500
v -0.891904 45.318192 24.687559
v -1.514544 45.318127 24.640900
v -2.137184 45.318062 24.687559
v -2.745916 45.317997 24.826500
v -3.327144 45.317940 25.054611
v -3.867880 45.317879 25.366804
v -4.356044 45.317829 25.756100
v -4.780736 45.317787 26.213808
v -5.132468 45.317749 26.729700
v -5.403380 45.317722 27.292252
v -5.587424 45.317703 27.888901
v -5.680484 45.317688 28.506321
v -5.645524 45.317696 29.441164
v -5.692184 45.317688 28.818516
v -5.506584 45.317711 30.049896
v -5.278468 45.317734 30.631124
v -4.966276 45.317764 31.171864
v -4.576972 45.317810 31.660032
v -4.119264 45.317856 32.084724
v -3.603368 45.317909 32.436455
v -3.040812 45.317970 32.707367
v -2.444160 45.318031 32.891411
v -1.826744 45.318096 32.984470
v -1.202356 45.318161 32.984470
v -0.584940 45.318226 32.891411
v 0.011712 45.318287 32.707367
v 0.574268 45.318348 32.436455
v 1.090164 45.318398 32.084724
v 1.547872 45.318447 31.660032
v 1.937172 45.318489 31.171864
v 2.249368 45.318520 30.631128
v 2.477484 45.318546 30.049900
v 2.616424 45.318558 29.441164
v 2.663084 45.318562 28.818520
v 2.616424 45.318558 28.195875
v 2.477484 45.318542 27.587139
v 2.249368 45.318520 27.005913
v 1.937176 45.318485 26.465176
v 1.547876 45.318447 25.977009
v 1.090164 45.318398 25.552317
v 0.574272 45.318344 25.200584
v 0.011716 45.318287 24.929668
v -0.584932 45.318222 24.745628
v -1.202348 45.318157 24.652563
v -1.826740 45.318092 24.652563
v -2.444156 45.318031 24.745625
v -3.040804 45.317966 24.929665
v -3.603360 45.317905 25.200577
v -4.119256 45.317856 25.552303
v -4.576968 45.317806 25.976995
v -4.966268 45.317764 26.465164
v -5.278464 45.317734 27.005899
v -5.506580 45.317711 27.587128
v -5.645524 45.317696 28.195864
v -5.620292 45.385658 29.437357
v -5.666668 45.385654 28.818516
v -5.482200 45.385670 30.042372
v -5.255480 45.385693 30.620052
v -4.945192 45.385727 31.157484
v -4.558268 45.385773 31.642668
v -4.103356 45.385818 32.064762
v -3.590612 45.385872 32.414349
v -3.031492 45.385933 32.683609
v -2.438488 45.385990 32.866524
v -1.824844 45.386055 32.959015
v -1.204268 45.386120 32.959015
v -0.590624 45.386185 32.866524
v 0.002380 45.386246 32.683609
v 0.561496 45.386303 32.414349
v 1.074240 45.386360 32.064762
v 1.529152 45.386406 31.642668
v 1.916076 45.386444 31.157484
v 2.226364 45.386478 30.620052
v 2.453084 45.386501 30.042372
v 2.591176 45.386513 29.437361
v 2.637552 45.386517 28.818520
v 2.591176 45.386513 28.199680
v 2.453088 45.386501 27.594664
v 2.226368 45.386478 27.016989
v 1.916080 45.386444 26.479551
v 1.529156 45.386402 25.994368
v 1.074244 45.386353 25.572268
v 0.561504 45.386303 25.222689
v 0.002384 45.386242 24.953428
v -0.590620 45.386181 24.770512
v -1.204264 45.386116 24.678017
v -1.824840 45.386055 24.678017
v -2.438480 45.385990 24.770508
v -3.031488 45.385925 24.953424
v -3.590604 45.385872 25.222679
v -4.103348 45.385815 25.572260
v -4.558264 45.385765 25.994360
v -4.945188 45.385727 26.479540
v -5.255476 45.385693 27.016975
v -5.482200 45.385670 27.594652
v -5.620292 45.385658 28.199669
v -5.686828 45.082951 29.131187
v -5.593624 45.082962 29.749544
v -5.409300 45.082977 30.347103
v -5.137976 45.083008 30.910517
v -4.785708 45.083046 31.427200
v -4.360368 45.083092 31.885609
v -3.871456 45.083145 32.275501
v -3.329896 45.083199 32.588169
v -2.747780 45.083260 32.816635
v -2.138120 45.083321 32.955784
v -1.514524 45.083385 33.002518
v -0.890932 45.083454 32.955784
v -0.281268 45.083519 32.816635
v 0.300844 45.083580 32.588169
v 0.842404 45.083633 32.275501
v 1.331316 45.083687 31.885609
v 1.756656 45.083729 31.427200
v 2.108924 45.083767 30.910521
v 2.380248 45.083794 30.347103
v 2.564572 45.083813 29.749548
v 2.657772 45.083824 29.131191
v 2.657772 45.083824 28.505848
v 2.564572 45.083809 27.887491
v 2.380252 45.083794 27.289936
v 2.108924 45.083767 26.726521
v 1.756660 45.083725 26.209841
v 1.331320 45.083683 25.751432
v 0.842408 45.083630 25.361536
v 0.300848 45.083572 25.048868
v -0.281264 45.083515 24.820404
v -0.890928 45.083450 24.681252
v -1.514520 45.083385 24.634516
v -2.138112 45.083317 24.681248
v -2.747776 45.083252 24.820400
v -3.329888 45.083195 25.048861
v -3.871452 45.083138 25.361532
v -4.360364 45.083092 25.751425
v -4.785704 45.083042 26.209827
v -5.137972 45.083008 26.726507
v -5.409300 45.082977 27.289921
v -5.593624 45.082958 27.887480
v -5.686828 45.082951 28.505844
v -5.460900 45.026985 29.413336
v -5.505488 45.138958 28.818516
v -5.328180 45.138977 29.994871
v -5.110248 45.027023 30.550129
v -4.812012 45.139034 31.066700
v -4.440096 45.027092 31.533056
v -4.002852 45.139118 31.938772
v -3.509996 45.027191 32.274784
v -2.972592 45.139229 32.533592
v -2.402592 45.027306 32.709408
v -1.812776 45.139347 32.798309
v -1.216276 45.027431 32.798309
v -0.626460 45.139473 32.709408
v -0.056460 45.027550 32.533592
v 0.480944 45.139587 32.274784
v 0.973800 45.027657 31.938772
v 1.411044 45.139683 31.533056
v 1.782960 45.027740 31.066700
v 2.081192 45.139748 30.550129
v 2.299124 45.027794 29.994871
v 2.431848 45.139786 29.413340
v 2.476432 45.027813 28.818520
v 2.431848 45.139786 28.223700
v 2.299128 45.027794 27.642168
v 2.081196 45.139748 27.086912
v 1.782964 45.027740 26.570335
v 1.411048 45.139683 26.103985
v 0.973804 45.027653 25.698269
v 0.480948 45.139580 25.362251
v -0.056456 45.027546 25.103443
v -0.626456 45.139465 24.927628
v -1.216268 45.027428 24.838724
v -1.812768 45.139343 24.838724
v -2.402584 45.027302 24.927624
v -2.972584 45.139221 25.103439
v -3.509992 45.027184 25.362247
v -4.002844 45.139114 25.698259
v -4.440092 45.027092 26.103971
v -4.812008 45.139030 26.570324
v -5.110240 45.027023 27.086901
v -5.328176 45.138977 27.642153
v -5.460900 45.026981 28.223688
v -1.726968 42.389660 33.380501
v -1.726936 42.088646 33.380501
v -1.266560 42.088696 33.380501
v -1.266592 42.389706 33.380501
v -1.726968 42.386497 24.345469
v -1.726936 42.086704 24.376141
v -1.266560 42.086754 24.376141
v -1.266592 42.386547 24.345469
v -1.726964 42.367275 24.217756
v -1.726936 42.072853 24.284128
v -1.266560 42.072903 24.284128
v -1.266592 42.367321 24.217756
v -1.726960 42.329586 24.093355
v -1.726932 42.050571 24.210571
v -1.266556 42.050617 24.210571
v -1.266588 42.329636 24.093355
v -1.726956 42.265495 23.976416
v -1.726928 42.021069 24.156755
v -1.266552 42.021118 24.156755
v -1.266580 42.265545 23.976416
v -1.726944 42.171776 23.879772
v -1.726924 41.980862 24.115295
v -1.266548 41.980911 24.115295
v -1.266568 42.171822 23.879772
v -1.726936 42.071159 23.816484
v -1.726920 41.933258 24.085356
v -1.266544 41.933304 24.085356
v -1.266560 42.071205 23.816484
v -1.726924 41.969032 23.774948
v -1.726916 41.876198 24.062147
v -1.266540 41.876247 24.062147
v -1.266548 41.969082 23.774948
v -1.726912 41.865719 23.749781
v -1.726908 41.811195 24.046316
v -1.266532 41.811241 24.046316
v -1.266536 41.865768 23.749781
v -1.726904 41.763252 23.736944
v -1.726900 41.738037 24.037151
v -1.266524 41.738087 24.037151
v -1.266528 41.763302 23.736944
v -1.726784 40.633240 23.736776
v -1.726784 40.633221 24.037788
v -1.266408 40.633270 24.037788
v -1.266408 40.633286 23.736776
v -2.087952 40.122509 23.690228
v -2.049628 39.917614 23.690228
v -2.049628 39.917614 24.078808
v -2.087952 40.122509 24.078808
v -1.939876 39.740395 23.690228
v -1.939876 39.740395 24.078808
v -1.773516 39.614792 23.690228
v -1.773516 39.614792 24.078808
v -1.573016 39.557770 23.690228
v -1.573016 39.557770 24.078808
v -1.365456 39.577023 23.690228
v -1.365456 39.577023 24.078808
v -1.178868 39.669960 23.690228
v -1.178868 39.669960 24.078808
v -1.038452 39.824017 23.690228
v -1.038452 39.824017 24.078808
v -0.963168 40.018402 23.690228
v -0.963168 40.018402 24.078808
v -0.963192 40.226852 23.690228
v -0.963192 40.226852 24.078808
v -1.038512 40.421219 23.690228
v -1.038512 40.421219 24.078808
v -1.178960 40.575253 23.690228
v -1.178960 40.575253 24.078808
v -1.365568 40.668152 23.690228
v -1.365568 40.668152 24.078808
v -1.573132 40.687359 23.690228
v -1.573132 40.687359 24.078808
v -1.773620 40.630295 23.690228
v -1.773620 40.630295 24.078808
v -1.939956 40.504654 23.690228
v -1.939956 40.504654 24.078808
v -2.049672 40.327415 23.690228
v -2.049672 40.327415 24.078808
v -0.869536 42.263817 26.788908
v -0.879476 42.263817 26.785681
v -0.885624 42.263817 26.777220
v -0.885624 42.263817 26.766764
v -0.879476 42.263817 26.758308
v -0.869536 42.263817 26.755075
v -0.859592 42.263817 26.758308
v -0.853448 42.263821 26.766764
v -0.853448 42.263821 26.777220
v -0.859592 42.263817 26.785681
v -0.869532 42.227390 26.788908
v -0.879472 42.227386 26.785681
v -0.885620 42.227386 26.777220
v -0.885620 42.227386 26.766764
v -0.879472 42.227386 26.758308
v -0.869532 42.227390 26.755075
v -0.859588 42.227390 26.758308
v -0.853444 42.227390 26.766764
v -0.853444 42.227390 26.777220
v -0.859588 42.227390 26.785681
v -0.869540 42.315533 26.838013
v -0.892120 42.315529 26.834028
v -0.911976 42.315529 26.822563
v -0.926712 42.315529 26.805000
v -0.934556 42.315525 26.783457
v -0.934556 42.315525 26.760529
v -0.926712 42.315529 26.738983
v -0.911976 42.315529 26.721420
v -0.892120 42.315529 26.709955
v -0.869540 42.315533 26.705976
v -0.846960 42.315536 26.709955
v -0.827104 42.315536 26.721420
v -0.812368 42.315536 26.738983
v -0.804524 42.315540 26.760529
v -0.804524 42.315540 26.783457
v -0.812368 42.315536 26.805000
v -0.827104 42.315536 26.822563
v -0.846960 42.315536 26.834028
v -0.869540 42.299561 26.838013
v -0.892116 42.299561 26.834028
v -0.911972 42.299557 26.822563
v -0.926712 42.299557 26.805000
v -0.934552 42.299557 26.783457
v -0.934552 42.299557 26.760529
v -0.926712 42.299557 26.738983
v -0.911972 42.299557 26.721420
v -0.892116 42.299561 26.709955
v -0.869540 42.299561 26.705976
v -0.846960 42.299564 26.709955
v -0.827104 42.299564 26.721420
v -0.812364 42.299568 26.738983
v -0.804524 42.299568 26.760529
v -0.804524 42.299568 26.783457
v -0.812364 42.299568 26.805000
v -0.827104 42.299564 26.822563
v -0.846960 42.299564 26.834028
v -0.869540 42.298698 26.815504
v -0.910920 42.298695 26.785440
v -0.895116 42.298695 26.736788
v -0.843964 42.298702 26.736788
v -0.828156 42.298702 26.785440
v -0.869536 42.262268 26.815504
v -0.910916 42.262264 26.785440
v -0.895112 42.262264 26.736788
v -0.843960 42.262268 26.736788
v -0.828152 42.262276 26.785440
v -0.869536 42.263817 26.551876
v -0.879476 42.263817 26.548643
v -0.885624 42.263817 26.540188
v -0.885624 42.263817 26.529732
v -0.879476 42.263817 26.521276
v -0.869536 42.263817 26.518044
v -0.859592 42.263817 26.521276
v -0.853448 42.263821 26.529732
v -0.853448 42.263821 26.540188
v -0.859592 42.263817 26.548643
v -0.869532 42.227390 26.551876
v -0.879472 42.227386 26.548643
v -0.885620 42.227386 26.540188
v -0.885620 42.227386 26.529732
v -0.879472 42.227386 26.521276
v -0.869532 42.227390 26.518044
v -0.859588 42.227390 26.521276
v -0.853444 42.227390 26.529732
v -0.853444 42.227390 26.540188
v -0.859588 42.227390 26.548643
v -0.869540 42.315533 26.600977
v -0.892120 42.315529 26.596996
v -0.911976 42.315529 26.585531
v -0.926712 42.315529 26.567968
v -0.934556 42.315525 26.546425
v -0.934556 42.315525 26.523497
v -0.926712 42.315529 26.501951
v -0.911976 42.315529 26.484388
v -0.892120 42.315529 26.472923
v -0.869540 42.315533 26.468945
v -0.846960 42.315536 26.472923
v -0.827104 42.315536 26.484388
v -0.812368 42.315536 26.501951
v -0.804524 42.315540 26.523497
v -0.804524 42.315540 26.546425
v -0.812368 42.315536 26.567968
v -0.827104 42.315536 26.585531
v -0.846960 42.315536 26.596996
v -0.869540 42.299561 26.600977
v -0.892116 42.299561 26.596996
v -0.911972 42.299557 26.585531
v -0.926712 42.299557 26.567968
v -0.934552 42.299557 26.546425
v -0.934552 42.299557 26.523497
v -0.926712 42.299557 26.501951
v -0.911972 42.299557 26.484388
v -0.892116 42.299561 26.472923
v -0.869540 42.299561 26.468945
v -0.846960 42.299564 26.472923
v -0.827104 42.299564 26.484388
v -0.812364 42.299568 26.501951
v -0.804524 42.299568 26.523497
v -0.804524 42.299568 26.546425
v -0.812364 42.299568 26.567968
v -0.827104 42.299564 26.585531
v -0.846960 42.299564 26.596996
v -0.869540 42.298698 26.578472
v -0.910920 42.298695 26.548409
v -0.895116 42.298695 26.499756
v -0.843964 42.298702 26.499756
v -0.828156 42.298702 26.548409
v -0.869536 42.262268 26.578472
v -0.910916 42.262264 26.548409
v -0.895112 42.262264 26.499756
v -0.843960 42.262268 26.499756
v -0.828152 42.262276 26.548409
v -2.112208 42.263691 26.788908
v -2.122152 42.263691 26.785681
v -2.128296 42.263687 26.777220
v -2.128296 42.263687 26.766764
v -2.122152 42.263691 26.758308
v -2.112208 42.263691 26.755075
v -2.102268 42.263691 26.758308
v -2.096120 42.263691 26.766764
v -2.096120 42.263691 26.777220
v -2.102268 42.263691 26.785681
v -2.112204 42.227257 26.788908
v -2.122148 42.227257 26.785681
v -2.128292 42.227257 26.777220
v -2.128292 42.227257 26.766764
v -2.122148 42.227257 26.758308
v -2.112204 42.227257 26.755075
v -2.102264 42.227261 26.758308
v -2.096116 42.227261 26.766764
v -2.096116 42.227261 26.777220
v -2.102264 42.227261 26.785681
v -2.112216 42.315407 26.838013
v -2.134792 42.315403 26.834028
v -2.154648 42.315399 26.822563
v -2.169388 42.315399 26.805000
v -2.177228 42.315399 26.783457
v -2.177228 42.315399 26.760529
v -2.169388 42.315399 26.738983
v -2.154648 42.315399 26.721420
v -2.134792 42.315403 26.709955
v -2.112216 42.315407 26.705976
v -2.089636 42.315407 26.709955
v -2.069780 42.315411 26.721420
v -2.055044 42.315411 26.738983
v -2.047200 42.315411 26.760529
v -2.047200 42.315411 26.783457
v -2.055044 42.315411 26.805000
v -2.069780 42.315411 26.822563
v -2.089636 42.315407 26.834028
v -2.112212 42.299435 26.838013
v -2.134792 42.299431 26.834028
v -2.154648 42.299431 26.822563
v -2.169384 42.299427 26.805000
v -2.177228 42.299427 26.783457
v -2.177228 42.299427 26.760529
v -2.169384 42.299427 26.738983
v -2.154648 42.299431 26.721420
v -2.134792 42.299431 26.709955
v -2.112212 42.299435 26.705976
v -2.089632 42.299435 26.709955
v -2.069776 42.299438 26.721420
v -2.055040 42.299438 26.738983
v -2.047200 42.299438 26.760529
v -2.047200 42.299438 26.783457
v -2.055040 42.299438 26.805000
v -2.069776 42.299438 26.822563
v -2.089632 42.299435 26.834028
v -2.112212 42.298569 26.815504
v -2.153596 42.298565 26.785440
v -2.137788 42.298565 26.736788
v -2.086636 42.298569 26.736788
v -2.070828 42.298573 26.785440
v -2.112208 42.262138 26.815504
v -2.153592 42.262135 26.785440
v -2.137784 42.262138 26.736788
v -2.086632 42.262142 26.736788
v -2.070828 42.262142 26.785440
v -2.112208 42.263691 26.551876
v -2.122152 42.263691 26.548643
v -2.128296 42.263687 26.540188
v -2.128296 42.263687 26.529732
v -2.122152 42.263691 26.521276
v -2.112208 42.263691 26.518044
v -2.102268 42.263691 26.521276
v -2.096120 42.263691 26.529732
v -2.096120 42.263691 26.540188
v -2.102268 42.263691 26.548643
v -2.112204 42.227257 26.551876
v -2.122148 42.227257 26.548643
v -2.128292 42.227257 26.540188
v -2.128292 42.227257 26.529732
v -2.122148 42.227257 26.521276
v -2.112204 42.227257 26.518044
v -2.102264 42.227261 26.521276
v -2.096116 42.227261 26.529732
v -2.096116 42.227261 26.540188
v -2.102264 42.227261 26.548643
v -2.112216 42.315407 26.600977
v -2.134792 42.315403 26.596996
v -2.154648 42.315399 26.585531
v -2.169388 42.315399 26.567968
v -2.177228 42.315399 26.546425
v -2.177228 42.315399 26.523497
v -2.169388 42.315399 26.501951
v -2.154648 42.315399 26.484388
v -2.134792 42.315403 26.472923
v -2.112216 42.315407 26.468945
v -2.089636 42.315407 26.472923
v -2.069780 42.315411 26.484388
v -2.055044 42.315411 26.501951
v -2.047200 42.315411 26.523497
v -2.047200 42.315411 26.546425
v -2.055044 42.315411 26.567968
v -2.069780 42.315411 26.585531
v -2.089636 42.315407 26.596996
v -2.112212 42.299435 26.600977
v -2.134792 42.299431 26.596996
v -2.154648 42.299431 26.585531
v -2.169384 42.299427 26.567968
v -2.177228 42.299427 26.546425
v -2.177228 42.299427 26.523497
v -2.169384 42.299427 26.501951
v -2.154648 42.299431 26.484388
v -2.134792 42.299431 26.472923
v -2.112212 42.299435 26.468945
v -2.089632 42.299435 26.472923
v -2.069776 42.299438 26.484388
v -2.055040 42.299438 26.501951
v -2.047200 42.299438 26.523497
v -2.047200 42.299438 26.546425
v -2.055040 42.299438 26.567968
v -2.069776 42.299438 26.585531
v -2.089632 42.299435 26.596996
v -2.112212 42.298569 26.578472
v -2.153596 42.298565 26.548409
v -2.137788 42.298565 26.499756
v -2.086636 42.298569 26.499756
v -2.070828 42.298573 26.548409
v -2.112208 42.262138 26.578472
v -2.153592 42.262135 26.548409
v -2.137784 42.262135 26.499756
v -2.086632 42.262142 26.499756
v -2.070828 42.262142 26.548409
v -2.372240 42.312054 26.893995
v -2.372248 42.391460 26.893995
v -2.372248 42.391460 26.409391
v -2.372240 42.312054 26.409391
v -1.921796 42.309975 26.893995
v -1.914028 42.389042 26.893995
v -1.914028 42.389042 26.409391
v -1.921796 42.309975 26.409391
v -1.902452 42.307423 26.893995
v -1.887964 42.385605 26.893995
v -1.887964 42.385605 26.409391
v -1.902452 42.307423 26.409391
v -1.885552 42.303368 26.893995
v -1.861420 42.379238 26.893995
v -1.861420 42.379238 26.409391
v -1.885552 42.303368 26.409391
v -1.871188 42.297623 26.893995
v -1.834948 42.368649 26.893995
v -1.834948 42.368649 26.409391
v -1.871188 42.297623 26.409391
v -1.858956 42.289898 26.893995
v -1.809616 42.352654 26.893995
v -1.809616 42.352654 26.409391
v -1.858956 42.289898 26.409391
v -1.847640 42.278942 26.893995
v -1.787276 42.331020 26.893995
v -1.787276 42.331020 26.409391
v -1.847640 42.278942 26.409391
v -1.838520 42.266232 26.893995
v -1.770252 42.307293 26.893995
v -1.770252 42.307293 26.409391
v -1.838520 42.266232 26.409391
v -1.832380 42.253857 26.893995
v -1.758420 42.283463 26.893995
v -1.758420 42.283463 26.409391
v -1.832380 42.253857 26.409391
v -1.828580 42.241600 26.893995
v -1.751056 42.259705 26.893995
v -1.751056 42.259705 26.409391
v -1.828580 42.241600 26.409391
v -1.826516 42.228683 26.893995
v -1.747396 42.236774 26.893995
v -1.747396 42.236774 26.409391
v -1.826516 42.228683 26.409391
v -1.825872 42.214561 26.893995
v -1.746408 42.215164 26.893995
v -1.746408 42.215160 26.409391
v -1.825872 42.214561 26.409391
v -1.827612 42.180626 26.893995
v -1.748208 42.177834 26.893995
v -1.748208 42.177834 26.409391
v -1.827612 42.180626 26.409391
v -1.827644 42.161385 26.893995
v -1.748232 42.162914 26.893995
v -1.748232 42.162914 26.409391
v -1.827644 42.161385 26.409391
v -1.826860 42.141937 26.893995
v -1.747656 42.148510 26.893995
v -1.747656 42.148510 26.409391
v -1.826860 42.141937 26.409391
v -1.824232 42.121082 26.893995
v -1.746096 42.136139 26.893995
v -1.746096 42.136139 26.409391
v -1.824232 42.121082 26.409391
v -1.818508 42.099152 26.893995
v -1.743388 42.125771 26.893995
v -1.743388 42.125771 26.409391
v -1.818508 42.099144 26.409391
v -1.808448 42.076969 26.893995
v -1.739364 42.116890 26.893995
v -1.739364 42.116890 26.409391
v -1.808448 42.076969 26.409391
v -1.793292 42.055832 26.893995
v -1.733360 42.108517 26.893995
v -1.733360 42.108517 26.409391
v -1.793292 42.055832 26.409391
v -1.773372 42.037254 26.893995
v -1.723636 42.099449 26.893995
v -1.723636 42.099449 26.409391
v -1.773372 42.037254 26.409391
v -1.750552 42.021694 26.893995
v -1.710176 42.090275 26.893995
v -1.710176 42.090275 26.409391
v -1.750552 42.021694 26.409391
v -1.728440 42.010582 26.893995
v -1.697720 42.084015 26.893995
v -1.697720 42.084011 26.409391
v -1.728440 42.010582 26.409391
v -1.706772 42.003239 26.893995
v -1.686244 42.080124 26.893995
v -1.686244 42.080124 26.409391
v -1.706772 42.003235 26.409391
v -1.686044 41.999142 26.893995
v -1.674960 42.077892 26.893995
v -1.674960 42.077892 26.409391
v -1.686044 41.999142 26.409391
v -0.625420 42.312237 26.893995
v -0.625428 42.391644 26.893995
v -0.625428 42.391644 26.409391
v -0.625420 42.312237 26.409391
v -1.075864 42.310062 26.893995
v -1.083648 42.389130 26.893995
v -1.083648 42.389130 26.409391
v -1.075864 42.310062 26.409391
v -1.095208 42.307507 26.893995
v -1.109712 42.385685 26.893995
v -1.109712 42.385685 26.409391
v -1.095208 42.307507 26.409391
v -1.112108 42.303452 26.893995
v -1.136256 42.379314 26.893995
v -1.136256 42.379314 26.409391
v -1.112108 42.303452 26.409391
v -1.126468 42.297703 26.893995
v -1.162724 42.368721 26.893995
v -1.162724 42.368721 26.409391
v -1.126468 42.297703 26.409391
v -1.138704 42.289974 26.893995
v -1.188056 42.352718 26.893995
v -1.188056 42.352718 26.409391
v -1.138704 42.289974 26.409391
v -1.150012 42.279015 26.893995
v -1.210388 42.331081 26.893995
v -1.210388 42.331081 26.409391
v -1.150012 42.279015 26.409391
v -1.159132 42.266296 26.893995
v -1.227408 42.307350 26.893995
v -1.227408 42.307350 26.409391
v -1.159132 42.266296 26.409391
v -1.165272 42.253925 26.893995
v -1.239232 42.283516 26.893995
v -1.239232 42.283516 26.409391
v -1.165272 42.253925 26.409391
v -1.169068 42.241669 26.893995
v -1.246596 42.259758 26.893995
v -1.246596 42.259758 26.409391
v -1.169068 42.241669 26.409391
v -1.171128 42.228748 26.893995
v -1.250248 42.236824 26.893995
v -1.250248 42.236824 26.409391
v -1.171128 42.228748 26.409391
v -1.171768 42.214630 26.893995
v -1.251232 42.215214 26.893995
v -1.251232 42.215214 26.409391
v -1.171768 42.214630 26.409391
v -1.250612 42.195118 26.893995
v -1.250612 42.195118 26.409391
v -1.170020 42.180695 26.893995
v -1.249424 42.177887 26.893995
v -1.249424 42.177887 26.409391
v -1.170020 42.180695 26.409391
v -1.249396 42.162964 26.893995
v -1.249396 42.162964 26.409391
v -1.170764 42.142006 26.893995
v -1.249972 42.148563 26.893995
v -1.249972 42.148563 26.409391
v -1.170764 42.142006 26.409391
v -1.173388 42.121151 26.893995
v -1.251528 42.136189 26.893995
v -1.251528 42.136189 26.409391
v -1.173388 42.121151 26.409391
v -1.179108 42.099213 26.893995
v -1.254232 42.125824 26.893995
v -1.254232 42.125824 26.409391
v -1.179108 42.099213 26.409391
v -1.189164 42.077034 26.893995
v -1.258260 42.116940 26.893995
v -1.258260 42.116940 26.409391
v -1.189164 42.077034 26.409391
v -1.204316 42.055893 26.893995
v -1.264260 42.108570 26.893995
v -1.264260 42.108566 26.409391
v -1.204316 42.055893 26.409391
v -1.224232 42.037312 26.893995
v -1.273980 42.099499 26.893995
v -1.273980 42.099499 26.409391
v -1.224232 42.037312 26.409391
v -1.247048 42.021744 26.893995
v -1.287436 42.090313 26.893995
v -1.287436 42.090313 26.409391
v -1.247048 42.021744 26.409391
v -1.269156 42.010632 26.893995
v -1.299892 42.084053 26.893995
v -1.299892 42.084053 26.409391
v -1.269156 42.010632 26.409391
v -1.290828 42.003277 26.893995
v -1.311368 42.080162 26.893995
v -1.311368 42.080162 26.409391
v -1.290828 42.003277 26.409391
v -1.311552 41.999184 26.893995
v -1.322652 42.077930 26.893995
v -1.322652 42.077930 26.409391
v -1.311552 41.999184 26.409391
v -1.330872 41.997540 26.893995
v -1.334488 42.076927 26.893995
v -1.334488 42.076927 26.409391
v -1.330872 41.997540 26.409391
v -0.869536 42.263817 31.242624
v -0.879476 42.263817 31.239391
v -0.885624 42.263817 31.230936
v -0.885624 42.263817 31.220480
v -0.879476 42.263817 31.212025
v -0.869536 42.263817 31.208792
v -0.859592 42.263824 31.212025
v -0.853448 42.263824 31.220480
v -0.853448 42.263824 31.230936
v -0.859592 42.263824 31.239391
v -0.869532 42.227390 31.242624
v -0.879472 42.227390 31.239391
v -0.885620 42.227390 31.230936
v -0.885620 42.227390 31.220480
v -0.879472 42.227390 31.212025
v -0.869532 42.227390 31.208792
v -0.859588 42.227390 31.212025
v -0.853444 42.227390 31.220480
v -0.853444 42.227390 31.230936
v -0.859588 42.227390 31.239391
v -0.869540 42.315536 31.291723
v -0.892120 42.315536 31.287745
v -0.911976 42.315529 31.276279
v -0.926712 42.315529 31.258717
v -0.934556 42.315529 31.237171
v -0.934556 42.315529 31.214245
v -0.926712 42.315529 31.192699
v -0.911976 42.315529 31.175137
v -0.892120 42.315536 31.163671
v -0.869540 42.315536 31.159693
v -0.846960 42.315536 31.163671
v -0.827104 42.315536 31.175137
v -0.812368 42.315544 31.192699
v -0.804524 42.315544 31.214245
v -0.804524 42.315544 31.237171
v -0.812368 42.315544 31.258717
v -0.827104 42.315536 31.276279
v -0.846960 42.315536 31.287745
v -0.869540 42.299561 31.291723
v -0.892116 42.299561 31.287745
v -0.911972 42.299557 31.276279
v -0.926712 42.299557 31.258717
v -0.934552 42.299557 31.237171
v -0.934552 42.299557 31.214245
v -0.926712 42.299557 31.192699
v -0.911972 42.299557 31.175137
v -0.892116 42.299561 31.163671
v -0.869540 42.299561 31.159693
v -0.846960 42.299568 31.163671
v -0.827104 42.299572 31.175137
v -0.812364 42.299572 31.192699
v -0.804524 42.299572 31.214245
v -0.804524 42.299572 31.237171
v -0.812364 42.299572 31.258717
v -0.827104 42.299572 31.276279
v -0.846960 42.299568 31.287745
v -0.869540 42.298698 31.269220
v -0.910920 42.298695 31.239157
v -0.895116 42.298698 31.190504
v -0.843964 42.298702 31.190504
v -0.828156 42.298702 31.239157
v -0.869536 42.262272 31.269220
v -0.910916 42.262268 31.239157
v -0.895112 42.262268 31.190504
v -0.843960 42.262272 31.190504
v -0.828152 42.262276 31.239157
v -0.869536 42.263817 31.005592
v -0.879476 42.263817 31.002359
v -0.885624 42.263817 30.993904
v -0.885624 42.263817 30.983448
v -0.879476 42.263817 30.974993
v -0.869536 42.263817 30.971760
v -0.859592 42.263824 30.974993
v -0.853448 42.263824 30.983448
v -0.853448 42.263824 30.993904
v -0.859592 42.263824 31.002359
v -0.869532 42.227390 31.005592
v -0.879472 42.227390 31.002359
v -0.885620 42.227390 30.993904
v -0.885620 42.227390 30.983448
v -0.879472 42.227390 30.974993
v -0.869532 42.227390 30.971760
v -0.859588 42.227390 30.974993
v -0.853444 42.227390 30.983448
v -0.853444 42.227390 30.993904
v -0.859588 42.227390 31.002359
v -0.869540 42.315536 31.054691
v -0.892120 42.315536 31.050713
v -0.911976 42.315529 31.039248
v -0.926712 42.315529 31.021685
v -0.934556 42.315529 31.000139
v -0.934556 42.315529 30.977213
v -0.926712 42.315529 30.955667
v -0.911976 42.315529 30.938105
v -0.892120 42.315536 30.926640
v -0.869540 42.315536 30.922655
v -0.846960 42.315536 30.926640
v -0.827104 42.315536 30.938105
v -0.812368 42.315544 30.955667
v -0.804524 42.315544 30.977213
v -0.804524 42.315544 31.000139
v -0.812368 42.315544 31.021685
v -0.827104 42.315536 31.039248
v -0.846960 42.315536 31.050713
v -0.869540 42.299561 31.054691
v -0.892116 42.299561 31.050713
v -0.911972 42.299557 31.039248
v -0.926712 42.299557 31.021685
v -0.934552 42.299557 31.000139
v -0.934552 42.299557 30.977213
v -0.926712 42.299557 30.955667
v -0.911972 42.299557 30.938105
v -0.892116 42.299561 30.926640
v -0.869540 42.299561 30.922655
v -0.846960 42.299568 30.926640
v -0.827104 42.299572 30.938105
v -0.812364 42.299572 30.955667
v -0.804524 42.299572 30.977213
v -0.804524 42.299572 31.000139
v -0.812364 42.299572 31.021685
v -0.827104 42.299572 31.039248
v -0.846960 42.299568 31.050713
v -0.869540 42.298698 31.032188
v -0.910920 42.298695 31.002119
v -0.895116 42.298698 30.953472
v -0.843964 42.298702 30.953472
v -0.828156 42.298702 31.002119
v -0.869536 42.262272 31.032188
v -0.910916 42.262268 31.002119
v -0.895112 42.262268 30.953472
v -0.843960 42.262272 30.953472
v -0.828152 42.262276 31.002119
v -2.112208 42.263691 31.242624
v -2.122152 42.263691 31.239391
v -2.128296 42.263691 31.230936
v -2.128296 42.263691 31.220480
v -2.122152 42.263691 31.212025
v -2.112208 42.263691 31.208792
v -2.102264 42.263691 31.212025
v -2.096120 42.263691 31.220480
v -2.096120 42.263691 31.230936
v -2.102264 42.263691 31.239391
v -2.112204 42.227264 31.242624
v -2.122148 42.227257 31.239391
v -2.128292 42.227257 31.230936
v -2.128292 42.227257 31.220480
v -2.122148 42.227257 31.212025
v -2.112204 42.227264 31.208792
v -2.102264 42.227264 31.212025
v -2.096116 42.227264 31.220480
v -2.096116 42.227264 31.230936
v -2.102264 42.227264 31.239391
v -2.112216 42.315407 31.291723
v -2.134792 42.315403 31.287745
v -2.154648 42.315403 31.276279
v -2.169388 42.315399 31.258717
v -2.177228 42.315399 31.237171
v -2.177228 42.315399 31.214245
v -2.169388 42.315399 31.192699
v -2.154648 42.315403 31.175137
v -2.134792 42.315403 31.163671
v -2.112216 42.315407 31.159693
v -2.089636 42.315407 31.163671
v -2.069780 42.315411 31.175137
v -2.055040 42.315411 31.192699
v -2.047200 42.315411 31.214245
v -2.047200 42.315411 31.237171
v -2.055040 42.315411 31.258717
v -2.069780 42.315411 31.276279
v -2.089636 42.315407 31.287745
v -2.112212 42.299435 31.291723
v -2.134792 42.299431 31.287745
v -2.154648 42.299431 31.276279
v -2.169384 42.299431 31.258717
v -2.177228 42.299427 31.237171
v -2.177228 42.299427 31.214245
v -2.169384 42.299431 31.192699
v -2.154648 42.299431 31.175137
v -2.134792 42.299431 31.163671
v -2.112212 42.299435 31.159693
v -2.089632 42.299438 31.163671
v -2.069776 42.299438 31.175137
v -2.055040 42.299438 31.192699
v -2.047200 42.299442 31.214245
v -2.047200 42.299442 31.237171
v -2.055040 42.299438 31.258717
v -2.069776 42.299438 31.276279
v -2.089632 42.299438 31.287745
v -2.112212 42.298569 31.269220
v -2.153596 42.298565 31.239157
v -2.137788 42.298565 31.190504
v -2.086636 42.298576 31.190504
v -2.070828 42.298576 31.239157
v -2.112208 42.262138 31.269220
v -2.153592 42.262135 31.239157
v -2.137784 42.262138 31.190504
v -2.086632 42.262142 31.190504
v -2.070828 42.262142 31.239157
v -2.112208 42.263691 31.005592
v -2.122152 42.263691 31.002359
v -2.128296 42.263691 30.993904
v -2.128296 42.263691 30.983448
v -2.122152 42.263691 30.974993
v -2.112208 42.263691 30.971760
v -2.102264 42.263691 30.974993
v -2.096120 42.263691 30.983448
v -2.096120 42.263691 30.993904
v -2.102264 42.263691 31.002359
v -2.112204 42.227257 31.005592
v -2.122148 42.227257 31.002359
v -2.128292 42.227257 30.993904
v -2.128292 42.227257 30.983448
v -2.122148 42.227257 30.974993
v -2.112204 42.227257 30.971760
v -2.102264 42.227264 30.974993
v -2.096116 42.227264 30.983448
v -2.096116 42.227264 30.993904
v -2.102264 42.227264 31.002359
v -2.112216 42.315407 31.054691
v -2.134792 42.315403 31.050713
v -2.154648 42.315403 31.039248
v -2.169388 42.315399 31.021685
v -2.177228 42.315399 31.000139
v -2.177228 42.315399 30.977213
v -2.169388 42.315399 30.955667
v -2.154648 42.315403 30.938105
v -2.134792 42.315403 30.926640
v -2.112216 42.315407 30.922655
v -2.089636 42.315407 30.926640
v -2.069780 42.315411 30.938105
v -2.055040 42.315411 30.955667
v -2.047200 42.315411 30.977213
v -2.047200 42.315411 31.000139
v -2.055040 42.315411 31.021685
v -2.069780 42.315411 31.039248
v -2.089636 42.315407 31.050713
v -2.112212 42.299435 31.054691
v -2.134792 42.299431 31.050713
v -2.154648 42.299431 31.039248
v -2.169384 42.299431 31.021685
v -2.177228 42.299427 31.000139
v -2.177228 42.299427 30.977213
v -2.169384 42.299431 30.955667
v -2.154648 42.299431 30.938105
v -2.134792 42.299431 30.926640
v -2.112212 42.299435 30.922655
v -2.089632 42.299438 30.926640
v -2.069776 42.299438 30.938105
v -2.055040 42.299438 30.955667
v -2.047200 42.299442 30.977213
v -2.047200 42.299442 31.000139
v -2.055040 42.299438 31.021685
v -2.069776 42.299438 31.039248
v -2.089632 42.299438 31.050713
v -2.112212 42.298569 31.032188
v -2.153596 42.298565 31.002119
v -2.137788 42.298565 30.953472
v -2.086636 42.298569 30.953472
v -2.070828 42.298576 31.002119
v -2.112208 42.262138 31.032188
v -2.153592 42.262135 31.002119
v -2.137784 42.262138 30.953472
v -2.086632 42.262142 30.953472
v -2.070828 42.262142 31.002119
v -2.372240 42.312054 31.347712
v -2.372248 42.391464 31.347712
v -2.372248 42.391464 30.863104
v -2.372240 42.312054 30.863104
v -1.921796 42.309975 31.347712
v -1.914028 42.389042 31.347712
v -1.914028 42.389042 30.863104
v -1.921796 42.309975 30.863104
v -1.902452 42.307423 31.347712
v -1.887964 42.385605 31.347712
v -1.887964 42.385605 30.863104
v -1.902452 42.307423 30.863104
v -1.885552 42.303371 31.347712
v -1.861420 42.379238 31.347712
v -1.861420 42.379238 30.863104
v -1.885552 42.303371 30.863104
v -1.871188 42.297626 31.347712
v -1.834948 42.368652 31.347712
v -1.834948 42.368652 30.863104
v -1.871188 42.297626 30.863104
v -1.858956 42.289898 31.347712
v -1.809616 42.352654 31.347712
v -1.809612 42.352654 30.863104
v -1.858956 42.289898 30.863104
v -1.847640 42.278942 31.347712
v -1.787276 42.331028 31.347712
v -1.787276 42.331028 30.863104
v -1.847640 42.278942 30.863104
v -1.838520 42.266232 31.347712
v -1.770252 42.307293 31.347712
v -1.770252 42.307293 30.863104
v -1.838520 42.266232 30.863104
v -1.832380 42.253860 31.347712
v -1.758420 42.283463 31.347712
v -1.758420 42.283463 30.863104
v -1.832380 42.253860 30.863104
v -1.828580 42.241604 31.347712
v -1.751056 42.259712 31.347712
v -1.751056 42.259712 30.863104
v -1.828580 42.241604 30.863104
v -1.826516 42.228683 31.347712
v -1.747396 42.236778 31.347712
v -1.747396 42.236778 30.863104
v -1.826516 42.228683 30.863104
v -1.825872 42.214561 31.347712
v -1.746408 42.215168 31.347712
v -1.746408 42.215168 30.863104
v -1.825872 42.214561 30.863104
v -1.747024 42.195068 31.347712
v -1.747024 42.195068 30.863104
v -1.827612 42.180626 31.347712
v -1.748208 42.177834 31.347712
v -1.748208 42.177834 30.863104
v -1.827612 42.180626 30.863104
v -1.827644 42.161385 31.347712
v -1.748232 42.162914 31.347712
v -1.748232 42.162914 30.863104
v -1.827644 42.161385 30.863104
v -1.826860 42.141937 31.347712
v -1.747656 42.148510 31.347712
v -1.747656 42.148510 30.863104
v -1.826860 42.141937 30.863104
v -1.824232 42.121082 31.347712
v -1.746096 42.136139 31.347712
v -1.746096 42.136139 30.863104
v -1.824232 42.121082 30.863104
v -1.818508 42.099152 31.347712
v -1.743388 42.125771 31.347712
v -1.743388 42.125771 30.863104
v -1.818508 42.099152 30.863104
v -1.808448 42.076969 31.347712
v -1.739364 42.116890 31.347712
v -1.739364 42.116890 30.863104
v -1.808448 42.076969 30.863104
v -1.793292 42.055836 31.347712
v -1.733360 42.108521 31.347712
v -1.733360 42.108521 30.863104
v -1.793292 42.055836 30.863104
v -1.773372 42.037254 31.347712
v -1.723636 42.099449 31.347712
v -1.723636 42.099449 30.863104
v -1.773372 42.037254 30.863104
v -1.750552 42.021694 31.347712
v -1.710176 42.090275 31.347712
v -1.710176 42.090275 30.863104
v -1.750552 42.021694 30.863104
v -1.728440 42.010582 31.347712
v -1.697720 42.084015 31.347712
v -1.697720 42.084015 30.863104
v -1.728440 42.010582 30.863104
v -1.706772 42.003239 31.347712
v -1.686244 42.080124 31.347712
v -1.686244 42.080124 30.863104
v -1.706772 42.003239 30.863104
v -1.686044 41.999142 31.347712
v -1.674960 42.077896 31.347712
v -1.674960 42.077896 30.863104
v -1.686044 41.999142 30.863104
v -0.625420 42.312237 31.347712
v -0.625428 42.391647 31.347712
v -0.625428 42.391647 30.863104
v -0.625420 42.312237 30.863104
v -1.075864 42.310062 31.347712
v -1.083648 42.389130 31.347712
v -1.083648 42.389130 30.863104
v -1.075864 42.310062 30.863104
v -1.095208 42.307507 31.347712
v -1.109712 42.385685 31.347712
v -1.109712 42.385685 30.863104
v -1.095208 42.307507 30.863104
v -1.112108 42.303452 31.347712
v -1.136256 42.379314 31.347712
v -1.136256 42.379314 30.863104
v -1.112108 42.303452 30.863104
v -1.126468 42.297703 31.347712
v -1.162724 42.368721 31.347712
v -1.162724 42.368721 30.863104
v -1.126468 42.297703 30.863104
v -1.138704 42.289974 31.347712
v -1.188056 42.352722 31.347712
v -1.188056 42.352722 30.863104
v -1.138704 42.289974 30.863104
v -1.150012 42.279015 31.347712
v -1.210388 42.331085 31.347712
v -1.210388 42.331085 30.863104
v -1.150012 42.279015 30.863104
v -1.159132 42.266304 31.347712
v -1.227408 42.307354 31.347712
v -1.227408 42.307354 30.863104
v -1.159132 42.266304 30.863104
v -1.165272 42.253925 31.347712
v -1.239232 42.283520 31.347712
v -1.239232 42.283516 30.863104
v -1.165272 42.253925 30.863104
v -1.169068 42.241669 31.347712
v -1.246596 42.259762 31.347712
v -1.246596 42.259762 30.863104
v -1.169068 42.241669 30.863104
v -1.171128 42.228752 31.347712
v -1.250248 42.236832 31.347712
v -1.250248 42.236832 30.863104
v -1.171128 42.228752 30.863104
v -1.171768 42.214630 31.347712
v -1.251232 42.215218 31.347712
v -1.251232 42.215218 30.863104
v -1.171768 42.214630 30.863104
v -1.250612 42.195118 31.347712
v -1.250612 42.195118 30.863104
v -1.170020 42.180698 31.347712
v -1.249424 42.177887 31.347712
v -1.249424 42.177887 30.863104
v -1.170020 42.180695 30.863104
v -1.169988 42.161453 31.347712
v -1.249396 42.162968 31.347712
v -1.249396 42.162968 30.863104
v -1.169988 42.161453 30.863104
v -1.170764 42.142010 31.347712
v -1.249972 42.148563 31.347712
v -1.249972 42.148563 30.863104
v -1.170764 42.142010 30.863104
v -1.173388 42.121151 31.347712
v -1.251528 42.136192 31.347712
v -1.251528 42.136192 30.863104
v -1.173388 42.121151 30.863104
v -1.179108 42.099220 31.347712
v -1.254232 42.125824 31.347712
v -1.254232 42.125824 30.863104
v -1.179108 42.099213 30.863104
v -1.189164 42.077034 31.347712
v -1.258260 42.116943 31.347712
v -1.258260 42.116943 30.863104
v -1.189164 42.077034 30.863104
v -1.204316 42.055893 31.347712
v -1.264260 42.108570 31.347712
v -1.264260 42.108570 30.863104
v -1.204316 42.055893 30.863104
v -1.224232 42.037312 31.347712
v -1.273980 42.099499 31.347712
v -1.273980 42.099499 30.863104
v -1.224232 42.037312 30.863104
v -1.247048 42.021748 31.347712
v -1.287436 42.090317 31.347712
v -1.287436 42.090317 30.863104
v -1.247048 42.021748 30.863104
v -1.269156 42.010632 31.347712
v -1.299892 42.084053 31.347712
v -1.299892 42.084053 30.863104
v -1.269156 42.010632 30.863104
v -1.290828 42.003281 31.347712
v -1.311368 42.080162 31.347712
v -1.311368 42.080162 30.863104
v -1.290828 42.003281 30.863104
v -1.311552 41.999184 31.347712
v -1.322652 42.077930 31.347712
v -1.322652 42.077930 30.863104
v -1.311552 41.999184 30.863104
v -1.330872 41.997543 31.347712
v -1.334488 42.076927 31.347712
v -1.334488 42.076927 30.863104
v -1.330872 41.997543 30.863104
v -5.598212 45.408028 29.434029
v -5.644336 45.408028 28.818516
v -5.460860 45.408043 30.035788
v -5.235360 45.408066 30.610359
v -4.926740 45.408104 31.144903
v -4.541900 45.408142 31.627480
v -4.089432 45.408188 32.047310
v -3.579448 45.408241 32.395008
v -3.023336 45.408298 32.662819
v -2.433520 45.408363 32.844749
v -1.823180 45.408428 32.936745
v -1.205940 45.408493 32.936745
v -0.595596 45.408554 32.844749
v -0.005784 45.408615 32.662819
v 0.550328 45.408676 32.395008
v 1.060312 45.408726 32.047310
v 1.512780 45.408775 31.627480
v 1.897620 45.408813 31.144903
v 2.206240 45.408844 30.610359
v 2.431740 45.408871 30.035791
v 2.569088 45.408882 29.434032
v 2.615216 45.408886 28.818520
v 2.569092 45.408882 28.203009
v 2.431744 45.408867 27.601248
v 2.206240 45.408844 27.026680
v 1.897624 45.408810 26.492136
v 1.512784 45.408768 26.009560
v 1.060316 45.408722 25.589731
v 0.550332 45.408669 25.242027
v -0.005780 45.408615 24.974220
v -0.595592 45.408550 24.792284
v -1.205936 45.408485 24.700289
v -1.823172 45.408421 24.700289
v -2.433516 45.408356 24.792284
v -3.023328 45.408298 24.974216
v -3.579440 45.408237 25.242020
v -4.089428 45.408188 25.589720
v -4.541896 45.408138 26.009552
v -4.926736 45.408096 26.492125
v -5.235356 45.408066 27.026665
v -5.460860 45.408043 27.601236
v -5.598208 45.408028 28.202995
v -4.389508 45.721954 29.251844
v -4.421984 45.721951 28.818516
v -4.292816 45.721962 29.675484
v -4.134060 45.721981 30.079988
v -3.916792 45.722000 30.456308
v -3.645860 45.722031 30.796043
v -3.327320 45.722065 31.091608
v -2.968288 45.722103 31.336391
v -2.576780 45.722141 31.524933
v -2.161548 45.722187 31.653011
v -1.731864 45.722229 31.717775
v -1.297324 45.722279 31.717775
v -0.867636 45.722321 31.653011
v -0.452404 45.722366 31.524933
v -0.060896 45.722404 31.336391
v 0.298136 45.722443 31.091608
v 0.616676 45.722477 30.796043
v 0.887604 45.722504 30.456308
v 1.104876 45.722527 30.079988
v 1.263628 45.722542 29.675488
v 1.360324 45.722553 29.251844
v 1.392796 45.722557 28.818516
v 1.360324 45.722553 28.385197
v 1.263632 45.722542 27.961552
v 1.104876 45.722527 27.557053
v 0.887608 45.722504 27.180729
v 0.616676 45.722473 26.840992
v 0.298136 45.722443 26.545431
v -0.060896 45.722404 26.300644
v -0.452400 45.722363 26.112108
v -0.867632 45.722317 25.984024
v -1.297320 45.722275 25.919260
v -1.731856 45.722229 25.919256
v -2.161540 45.722187 25.984020
v -2.576776 45.722141 26.112104
v -2.968284 45.722103 26.300640
v -3.327316 45.722061 26.545424
v -3.645856 45.722031 26.840984
v -3.916788 45.722000 27.180719
v -4.134056 45.721977 27.557039
v -4.292812 45.721962 27.961544
v -4.389508 45.721954 28.385183
s 1
usemtl itu_metal
f 1653 1652 1610 1611
f 2272 2273 2063 2230 2062
f 2239 2240 2030 2197 2029
f 2624 2628 2629 2625
f 1780 1779 1778 1777
f 2274 2275 2065 2232 2064
f 2248 2249 2039 2206 2038
f 1665 1664 1622 1623
f 1697 1696 1737 1738
f 1797 1798 1799 1800
f 1682 1681 1639 1640
f 2240 2241 2031 2198 2030
f 1861 1862 1863 1864
f 1710 1709 1750 1751
f 1648 1647 1605 1606
f 1877 1878 1879 1880
f 1703 1702 1743 1744
f 1687 1686 1644 1645
f 1688 1687 1645 1646
f 1925 1926 1927 1928
f 1658 1657 1615 1616
f 1647 1688 1646 1605
f 1813 1814 1815 1816
f 1649 1648 1606 1607
f 1681 1680 1638 1639
f 1701 1700 1741 1742
f 1700 1699 1740 1741
f 2268 2269 2059 2226 2058
f 1706 1705 1746 1747
f 1680 1679 1637 1638
f 1668 1667 1625 1626
f 1722 1721 1762 1763
f 1669 1668 1626 1627
f 2720 2721 2725 2724
f 1660 1659 1617 1618
f 1652 1651 1609 1610
f 3092 3096 3097 3093
f 1675 1674 1632 1633
f 1676 1675 1633 1634
f 1820 1819 1818 1817
f 1666 1665 1623 1624
f 1720 1719 1760 1761
f 1836 1835 1834 1833
f 1837 1838 1839 1840
f 1699 1698 1739 1740
f 1698 1697 1738 1739
f 1685 1684 1642 1643
f 1845 1846 1847 1848
f 2027 2194 2025 2235 2237
f 2025 2193 2026 2236 2235
f 1852 1851 1850 1849
f 2245 2246 2036 2203 2035
f 2246 2247 2037 2204 2036
f 1860 1859 1858 1857
f 2055 2222 2054 2264 2265
f 1683 1682 1640 1641
f 2262 2263 2053 2220 2052
f 2284 2288 2285 2281
f 1709 1708 1749 1750
f 1712 1711 1752 1753
f 1711 1710 1751 1752
f 1916 1915 1914 1913
f 1656 1655 1613 1614
f 1715 1714 1755 1756
f 1885 1886 1887 1888
f 1716 1715 1756 1757
f 1714 1713 1754 1755
f 1893 1894 1895 1896
f 1805 1806 1807 1808
f 1651 1650 1608 1609
f 2628 2632 2633 2629
f 1901 1902 1903 1904
f 1719 1718 1759 1760
f 1718 1717 1758 1759
f 1909 1910 1911 1912
f 1724 1723 1764 1765
f 1657 1656 1614 1615
f 1723 1722 1763 1764
f 1726 1725 1766 1767
f 1932 1931 1930 1929
f 1730 1729 1770 1771
f 1650 1649 1607 1608
f 1659 1658 1616 1617
f 1728 1727 1768 1769
f 1732 1731 1772 1690
f 1773 1774 1775 1776
f 1674 1673 1631 1632
f 1677 1676 1634 1635
f 1662 1661 1619 1620
f 1684 1683 1641 1642
f 3186 3187 3191 3190
f 1693 1692 1733 1734
f 1655 1654 1612 1613
f 1828 1827 1826 1825
f 1686 1685 1643 1644
f 1664 1663 1621 1622
f 1679 1678 1636 1637
f 1821 1822 1823 1824
f 1804 1803 1802 1801
f 1694 1693 1734 1735
f 1695 1694 1735 1736
f 1829 1830 1831 1832
f 1663 1662 1620 1621
f 1844 1843 1842 1841
f 1704 1703 1744 1745
f 2237 2238 2028 2195 2027
f 2029 2196 2028 2238 2239
f 2241 2242 2032 2199 2031
f 2243 2244 2034 2201 2033
f 2244 2245 2035 2202 2034
f 1702 1701 1742 1743
f 1705 1704 1745 1746
f 2247 2248 2038 2205 2037
f 2249 2250 2040 2207 2039
f 2041 2208 2040 2250 2251
f 2252 2253 2043 2210 2042
f 2251 2252 2042 2209 2041
f 2254 2255 2045 2212 2044
f 2253 2254 2044 2211 2043
f 2255 2256 2046 2213 2045
f 2256 2257 2047 2214 2046
f 2257 2258 2048 2215 2047
f 2258 2259 2049 2216 2048
f 2259 2260 2050 2217 2049
f 1708 1707 1748 1749
f 2260 2261 2051 2218 2050
f 2261 2262 2052 2219 2051
f 2263 2264 2054 2221 2053
f 1696 1695 1736 1737
f 2057 2224 2056 2266 2267
f 2265 2266 2056 2223 2055
f 1789 1790 1791 1792
f 2269 2270 2060 2227 2059
f 2267 2268 2058 2225 2057
f 2270 2271 2061 2228 2060
f 2271 2272 2062 2229 2061
f 1853 1854 1855 1856
f 2273 2274 2064 2231 2063
f 2066 2233 2065 2275 2276
f 1707 1706 1747 1748
f 1868 1867 1866 1865
f 1812 1811 1810 1809
f 1869 1870 1871 1872
f 1876 1875 1874 1873
f 1884 1883 1882 1881
f 1717 1716 1757 1758
f 1713 1712 1753 1754
f 1892 1891 1890 1889
f 1900 1899 1898 1897
f 1691 1732 1690 1689
f 1667 1666 1624 1625
f 1908 1907 1906 1905
f 1924 1923 1922 1921
f 2717 2721 2720 2716
f 1917 1918 1919 1920
f 2632 2636 2637 2633
f 1725 1724 1765 1766
f 3179 3183 3182 3178
f 1654 1653 1611 1612
f 1671 1670 1628 1629
f 1727 1726 1767 1768
f 1729 1728 1769 1770
f 1940 1939 1938 1937
f 1672 1671 1629 1630
f 3080 3084 3085 3081
f 2724 2725 2729 2728
f 1731 1730 1771 1772
f 1605 1646 1645 1644 1643 1642 1641 1640 1639 1638 1637 1636 1635 1634 1633 1632 1631 1630 1629 1628 1627 1626 1625 1624 1623 1622 1621 1620 1619 1618 1617 1616 1615 1614 1613 1612 1611 1610 1609 1608 1607 1606
f 1678 1677 1635 1636
f 1673 1672 1630 1631
f 2728 2729 2733 2732
f 1933 1934 1935 1936
f 1781 1782 1783 1784
f 1721 1720 1761 1762
f 2280 2284 2281 2277
f 1788 1787 1786 1785
f 1796 1795 1794 1793
f 3084 3088 3089 3085
f 3088 3092 3093 3089
f 1661 1660 1618 1619
f 3190 3191 3195 3194
f 2620 2624 2625 2621
f 3182 3183 3187 3186
f 1692 1691 1689 1733
f 1670 1669 1627 1628
f 2026 2234 2066 2276 2236
f 2033 2200 2032 2242 2243
f 1664 1665 1666 1667 1668 1669 1670 1671 1672 1673 1674 1675 1676 1677 1678 1679 1680 1681 1682 1683 1684 1685 1686 1687 1688 1647 1648 1649 1650 1651 1652 1653 1654 1655 1656 1657 1658 1659 1660 1661 1662 1663
f 2650 2654 2651 2647
f 3148 3152 3149 3145
f 3170 3174 3175 3171
f 3168 3172 3169 3165
f 3231 3235 3238 3234 3230 3224 3220 3217 3221 3227
f 2696 2700 2701 2697
f 2768 2774 2778 2782 2786 2790 2794 2798 2802 2806 2810 2814 2714 2710 2706 2702 2698 2694 2690 2686 2682 2678 2674 2670 2666 2662 2658 2654 2650 2646 2642 2638 2634 2630 2626 2622 2621 2625 2629 2633 2637 2641 2645 2649 2653 2657 2661 2665 2669 2673 2677 2681 2685 2689 2693 2697 2701 2705 2709 2713 2813 2809 2805 2801 2797 2793 2789 2785 2781 2777 2773 2770 2767 2764 2761 2757 2753 2749 2745 2741 2737 2733 2729 2725 2721 2717 2718 2722 2726 2730 2734 2738 2742 2746 2750 2754 2758 2762
f 2712 2812 2813 2713
f 3196 3193 3197 3200
f 2323 2324 2321 2322
f 2744 2745 2749 2748
f 2684 2688 2689 2685
f 2334 2332 2331 2333
f 3260 3261 3265 3264
f 3094 3098 3095 3091
f 3162 3166 3167 3163
f 3264 3265 3269 3268
f 3152 3156 3153 3149
f 3274 3271 3275 3278
f 2326 2323 2322 2325
f 2346 2344 2343 2345
f 2654 2658 2655 2651
f 2316 2320 2317 2313
f 2626 2630 2627 2623
f 3212 3209 3213 3216
f 3138 3142 3143 3139
f 3079 3080 3081 3082
f 3214 3215 3219 3218
f 2298 2302 2303 2299
f 2300 2304 2301 2297
f 2294 2298 2299 2295
f 2310 2314 2315 2311
f 2308 2312 2309 2305
f 2352 2350 2349 2351
f 2792 2793 2797 2796
f 3130 3134 3138 3139 3135 3131 3128 3125 3121 3120 3124 3127
f 2782 2779 2783 2786
f 2750 2747 2751 2754
f 2746 2743 2747 2750
f 2754 2751 2755 2758
f 2804 2805 2809 2808
f 2702 2706 2703 2699
f 2714 2814 2811 2711
f 2800 2801 2805 2804
f 2748 2749 2753 2752
f 3102 3106 3103 3099
f 2324 2354 2353 2321
f 3100 3104 3105 3101
f 2770 2773 2772 2769 2766 2763 2760 2756 2757 2761 2764 2767
f 3144 3148 3145 3141
f 3146 3150 3151 3147
f 3184 3181 3185 3188
f 3240 3241 3245 3244
f 3242 3239 3243 3246
f 3248 3252 3256 3260 3264 3268 3272 3276 3174 3170 3166 3162 3158 3154 3150 3146 3142 3138 3134 3130 3127 3124 3120 3116 3112 3108 3104 3100 3096 3092 3088 3084 3080 3079 3083 3087 3091 3095 3099 3103 3107 3111 3115 3119 3123 3129 3133 3137 3141 3145 3149 3153 3157 3161 3165 3169 3173 3275 3271 3267 3263 3259 3255 3251 3247 3243 3239 3235 3231 3227 3221 3217 3213 3209 3205 3201 3197 3193 3189 3185 3181 3177 3178 3182 3186 3190 3194 3198 3202 3206 3210 3214 3218 3222 3225 3228 3232 3236 3240 3244
f 2788 2789 2793 2792
f 2304 2308 2305 2301
f 2288 2292 2289 2285
f 2278 2282 2283 2279
f 2290 2294 2295 2291
f 2306 2310 2311 2307
f 2328 2326 2325 2327
f 2342 2340 2339 2341
f 2330 2328 2327 2329
f 2340 2338 2337 2339
f 2348 2346 2345 2347
f 2344 2342 2341 2343
f 2352 2354 2324 2323 2326 2328 2330 2332 2334 2336 2338 2340 2342 2344 2346 2348 2350
f 2314 2318 2319 2315
f 2630 2634 2631 2627
f 2652 2656 2657 2653
f 2678 2682 2679 2675
f 2688 2692 2693 2689
f 2706 2710 2707 2703
f 2698 2702 2699 2695
f 2710 2714 2711 2707
f 2656 2660 2661 2657
f 2778 2775 2779 2782
f 2722 2719 2723 2726
f 2730 2727 2731 2734
f 2738 2735 2739 2742
f 2774 2771 2775 2778
f 2784 2785 2789 2788
f 2726 2723 2727 2730
f 2806 2803 2807 2810
f 3098 3102 3099 3095
f 3096 3100 3101 3097
f 3108 3112 3113 3109
f 3112 3116 3117 3113
f 3116 3120 3121 3117
f 2765 2771 2774 2768 2762 2758 2755 2759
f 3150 3154 3155 3151
f 3154 3158 3159 3155
f 3158 3162 3163 3159
f 3164 3168 3165 3161
f 3192 3189 3193 3196
f 3188 3185 3189 3192
f 3204 3201 3205 3208
f 2646 2650 2647 2643
f 3202 3203 3207 3206
f 3136 3140 3137 3133 3129 3123 3119 3122 3126 3132
f 3238 3235 3239 3242
f 3246 3243 3247 3250
f 3252 3253 3257 3256
f 3262 3259 3263 3266
f 3266 3263 3267 3270
f 3272 3273 3277 3276
f 2668 2672 2676 2677 2673 2669 2665 2661 2660 2664
f 3268 3269 3273 3272
f 2296 2300 2297 2293
f 2282 2286 2287 2283
f 2286 2290 2291 2287
f 2292 2296 2293 2289
f 2302 2306 2307 2303
f 2318 2314 2310 2306 2302 2298 2294 2290 2286 2282 2278 2277 2281 2285 2289 2293 2297 2301 2305 2309 2313 2317
f 2312 2316 2313 2309
f 2315 2319 2320 2316 2312 2308 2304 2300 2296 2292 2288 2284 2280 2279 2283 2287 2291 2295 2299 2303 2307 2311
f 2336 2334 2333 2335
f 2332 2330 2329 2331
f 2338 2336 2335 2337
f 2320 2319 2318 2317
f 2277 2278 2279 2280
f 2350 2348 2347 2349
f 2354 2352 2351 2353
f 2353 2351 2349 2347 2345 2343 2341 2339 2337 2335 2333 2331 2329 2327 2325 2322 2321
f 2642 2646 2643 2639
f 2634 2638 2635 2631
f 2636 2640 2641 2637
f 2644 2648 2649 2645
f 2638 2642 2639 2635
f 2640 2644 2645 2641
f 2648 2652 2653 2649
f 2676 2680 2681 2677
f 2680 2684 2685 2681
f 2682 2686 2683 2679
f 2686 2690 2687 2683
f 2694 2698 2695 2691
f 2692 2696 2697 2693
f 2704 2708 2709 2705
f 2700 2704 2705 2701
f 2708 2712 2713 2709
f 2690 2694 2691 2687
f 2658 2662 2659 2655
f 2622 2626 2623 2619
f 2619 2620 2621 2622
f 2796 2797 2801 2800
f 2732 2733 2737 2736
f 2734 2731 2735 2738
f 2736 2737 2741 2740
f 2742 2739 2743 2746
f 2740 2741 2745 2744
f 2752 2753 2757 2756
f 3233 3237 3236 3232 3228 3225 3222 3218 3219 3223 3226 3229
f 2772 2773 2777 2776
f 2776 2777 2781 2780
f 2780 2781 2785 2784
f 2786 2783 2787 2790
f 2790 2787 2791 2794
f 2794 2791 2795 2798
f 2798 2795 2799 2802
f 2715 2718 2717 2716
f 2711 2811 2807 2803 2799 2795 2791 2787 2783 2779 2775 2771 2765 2759 2755 2751 2747 2743 2739 2735 2731 2727 2723 2719 2715 2716 2720 2724 2728 2732 2736 2740 2744 2748 2752 2756 2760 2763 2766 2769 2772 2776 2780 2784 2788 2792 2796 2800 2804 2808 2812 2712 2708 2704 2700 2696 2692 2688 2684 2680 2676 2672 2668 2664 2660 2656 2652 2648 2644 2640 2636 2632 2628 2624 2620 2619 2623 2627 2631 2635 2639 2643 2647 2651 2655 2659 2663 2667 2671 2675 2679 2683 2687 2691 2695 2699 2703 2707
f 2810 2807 2811 2814
f 2802 2799 2803 2806
f 2808 2809 2813 2812
f 2715 2719 2722 2718
f 3086 3090 3087 3083
f 3090 3094 3091 3087
f 3142 3146 3147 3143
f 3206 3207 3211 3210
f 3104 3108 3109 3105
f 3118 3122 3119 3115
f 3110 3114 3111 3107
f 3114 3118 3115 3111
f 3106 3110 3107 3103
f 3140 3144 3141 3137
f 3156 3160 3157 3153
f 3160 3164 3161 3157
f 3174 3276 3277 3175
f 3082 3086 3083 3079
f 3270 3267 3271 3274
f 3176 3278 3275 3173
f 3258 3255 3259 3262
f 3194 3195 3199 3198
f 3172 3176 3173 3169
f 3198 3199 3203 3202
f 3216 3213 3217 3220
f 3210 3211 3215 3214
f 2674 2678 2675 2671 2667 2663 2659 2662 2666 2670
f 3236 3237 3241 3240
f 3248 3249 3253 3252
f 3250 3247 3251 3254
f 3254 3251 3255 3258
f 3256 3257 3261 3260
f 3244 3245 3249 3248
f 3208 3205 3209 3212
f 3270 3274 3278 3176 3172 3168 3164 3160 3156 3152 3148 3144 3140 3136 3132 3126 3122 3118 3114 3110 3106 3102 3098 3094 3090 3086 3082 3081 3085 3089 3093 3097 3101 3105 3109 3113 3117 3121 3125 3128 3131 3135 3139 3143 3147 3151 3155 3159 3163 3167 3171 3175 3277 3273 3269 3265 3261 3257 3253 3249 3245 3241 3237 3233 3229 3226 3223 3219 3215 3211 3207 3203 3199 3195 3191 3187 3183 3179 3180 3184 3188 3192 3196 3200 3204 3208 3212 3216 3220 3224 3230 3234 3238 3242 3246 3250 3254 3258 3262 3266
f 3166 3170 3171 3167
f 3177 3180 3179 3178
f 3200 3197 3201 3204
f 3177 3181 3184 3180
f 2159 1949 1950 2160
f 1976 2186 2185 1975
f 1964 2132 2090 2133 1965
f 1943 2153 2151 1941
f 2184 3312 3311 2183
f 1972 2182 2181 1971
f 2137 1969 1968 2136 2094
f 1964 2174 2173 1963
f 3297 2169 2170 3298
f 1951 2161 2160 1950
f 2156 3284 3283 2155
f 2187 3315 3314 2186
f 2081 2123 2080 2206 2039 2207
f 2177 1967 1968 2178
f 1959 2127 2085 2128 1960
f 3289 2161 2162 3290
f 2095 2137 2094 2220 2053 2221
f 2071 2113 2070 2196 2029 2197
f 2167 3295 3294 2166
f 2087 2129 2086 2212 2045 2213
f 2175 1965 1966 2176
f 2077 2119 2076 2202 2035 2203
f 2064 2232 2106 2148 2105 2231
f 3308 2180 2181 3309
f 2085 2211 2044 2212 2086 2128
f 2083 2209 2042 2210 2084 2126
f 2079 2205 2038 2206 2080 2122
f 2058 2226 2100 2142 2099 2225
f 1967 2177 2176 1966
f 2081 2207 2040 2208 2082 2124
f 2069 2195 2028 2196 2070 2112
f 2101 2227 2060 2228 2102 2144
f 2075 2201 2034 2202 2076 2118
f 2032 2200 2074 2116 2073 2199
f 2036 2204 2078 2120 2077 2203
f 2052 2220 2094 2136 2093 2219
f 2101 2143 2100 2226 2059 2227
f 2091 2217 2050 2218 2092 2134
f 2103 2229 2062 2230 2104 2146
f 2054 2222 2096 2138 2095 2221
f 2089 2215 2048 2216 2090 2132
f 1960 2170 2169 1959
f 2066 2234 2108 2150 2107 2233
f 2170 1960 1961 2171
f 2025 2194 2068 2109 2067 2193
f 2087 2213 2046 2214 2088 2130
f 2179 1969 1970 2180
f 1948 2116 2074 2117 1949
f 1952 2162 2161 1951
f 2141 1973 1972 2140 2098
f 2083 2125 2082 2208 2041 2209
f 2091 2133 2090 2216 2049 2217
f 2107 2149 2106 2232 2065 2233
f 2134 1966 1965 2133 2091
f 1963 2131 2089 2132 1964
f 2069 2111 2068 2194 2027 2195
f 2067 2110 2108 2234 2026 2193
f 1960 2128 2086 2129 1961
f 2056 2224 2098 2140 2097 2223
f 2168 3296 3295 2167
f 3287 2159 2160 3288
f 2149 1981 1980 2148 2106
f 2121 1953 1952 2120 2078
f 2099 2141 2098 2224 2057 2225
f 1951 2119 2077 2120 1952
f 2125 1957 1956 2124 2082
f 2171 3299 3298 2170
f 2150 1982 1981 2149 2107
f 2147 1979 1978 2146 2104
f 2116 1948 1947 2115 2073
f 2172 1962 1963 2173
f 1942 2110 2067 2109 1941
f 3288 2160 2161 3289
f 2190 1980 1981 2191
f 3307 2179 2180 3308
f 2158 3286 3285 2157
f 2182 1972 1973 2183
f 1966 2134 2092 2135 1967
f 2179 3307 3306 2178
f 2182 3310 3309 2181
f 2127 1959 1958 2126 2084
f 2183 1973 1974 2184
f 2157 1947 1948 2158
f 2183 3311 3310 2182
f 3286 2158 2159 3287
f 2113 1945 1944 2112 2070
f 1977 2145 2103 2146 1978
f 3317 2189 2190 3318
f 3282 2154 2155 3283
f 2186 3314 3313 2185
f 2162 1952 1953 2163
f 3292 2164 2165 3293
f 2186 1976 1977 2187
f 3291 2163 2164 3292
f 2097 2139 2096 2222 2055 2223
f 2093 2135 2092 2218 2051 2219
f 3293 2165 2166 3294
f 2075 2117 2074 2200 2033 2201
f 2085 2127 2084 2210 2043 2211
f 1973 2141 2099 2142 1974
f 2073 2115 2072 2198 2031 2199
f 2089 2131 2088 2214 2047 2215
f 1959 2169 2168 1958
f 1969 2137 2095 2138 1970
f 2079 2121 2078 2204 2037 2205
f 3302 2174 2175 3303
f 2166 1956 1957 2167
f 2136 1968 1967 2135 2093
f 3315 2187 2188 3316
f 2119 1951 1950 2118 2076
f 1941 2109 2068 2111 1943
f 1975 2143 2101 2144 1976
f 2103 2145 2102 2228 2061 2229
f 1979 2147 2105 2148 1980
f 3301 2173 2174 3302
f 2151 3279 3280 2152
f 2114 1946 1945 2113 2071
f 3303 2175 2176 3304
f 1942 2152 2192 1982
f 2171 1961 1962 2172
f 3279 2151 2153 3281
f 2191 1981 1982 2192
f 3290 2162 2163 3291
f 1949 2117 2075 2118 1950
f 2154 3282 3281 2153
f 1975 2185 2184 1974
f 2139 1971 1970 2138 2096
f 1944 2154 2153 1943
f 2157 3285 3284 2156
f 2154 1944 1945 2155
f 2178 1968 1969 2179
f 2191 3319 3318 2190
f 1955 2165 2164 1954
f 1971 2181 2180 1970
f 2192 3320 3319 2191
f 2187 1977 1978 2188
f 2115 1947 1946 2114 2072
f 1953 2121 2079 2122 1954
f 1982 2150 2108 2110 1942
f 1961 2129 2087 2130 1962
f 2158 1948 1949 2159
f 3316 2188 2189 3317
f 2123 1955 1954 2122 2080
f 3300 2172 2173 3301
f 1980 2190 2189 1979
f 2177 3305 3304 2176
f 1947 2157 2156 1946
f 1943 2111 2069 2112 1944
f 1946 2156 2155 1945
f 1965 2175 2174 1964
f 2124 1956 1955 2123 2081
f 2185 3313 3312 2184
f 2178 3306 3305 2177
f 2145 1977 1976 2144 2102
f 2169 3297 3296 2168
f 2131 1963 1962 2130 2088
f 2163 1953 1954 2164
f 1958 2168 2167 1957
f 2165 1955 1956 2166
f 3299 2171 2172 3300
f 1971 2139 2097 2140 1972
f 3320 2192 2152 3280
f 2188 1978 1979 2189
f 1957 2125 2083 2126 1958
f 2071 2197 2030 2198 2072 2114
f 2143 1975 1974 2142 2100
f 2105 2147 2104 2230 2063 2231
f 2152 1942 1941 2151
f 1983 1985 1986 1987 1988 1989 1990 1991 1992 1993 1994 1995 1996 1997 1998 1999 2000 2001 2002 2003 2004 2005 2006 2007 2008 2009 2010 2011 2012 2013 2014 2015 2016 2017 2018 2019 2020 2021 2022 2023 2024 1984
f 3321 3322 3280 3279
f 3323 3321 3279 3281
f 3324 3323 3281 3282
f 3325 3324 3282 3283
f 3326 3325 3283 3284
f 3327 3326 3284 3285
f 3328 3327 3285 3286
f 3329 3328 3286 3287
f 3330 3329 3287 3288
f 3331 3330 3288 3289
f 3332 3331 3289 3290
f 3333 3332 3290 3291
f 3334 3333 3291 3292
f 3335 3334 3292 3293
f 3336 3335 3293 3294
f 3337 3336 3294 3295
f 3338 3337 3295 3296
f 3339 3338 3296 3297
f 3340 3339 3297 3298
f 3341 3340 3298 3299
f 3342 3341 3299 3300
f 3343 3342 3300 3301
f 3344 3343 3301 3302
f 3345 3344 3302 3303
f 3346 3345 3303 3304
f 3347 3346 3304 3305
f 3348 3347 3305 3306
f 3349 3348 3306 3307
f 3350 3349 3307 3308
f 3351 3350 3308 3309
f 3352 3351 3309 3310
f 3353 3352 3310 3311
f 3354 3353 3311 3312
f 3355 3354 3312 3313
f 3356 3355 3313 3314
f 3357 3356 3314 3315
f 3358 3357 3315 3316
f 3359 3358 3316 3317
f 3360 3359 3317 3318
f 3361 3360 3318 3319
f 3362 3361 3319 3320
f 3322 3362 3320 3280
f 1983 1984 3322 3321
f 1985 1983 3321 3323
f 1986 1985 3323 3324
f 1987 1986 3324 3325
f 1988 1987 3325 3326
f 1989 1988 3326 3327
f 1990 1989 3327 3328
f 1991 1990 3328 3329
f 1992 1991 3329 3330
f 1993 1992 3330 3331
f 1994 1993 3331 3332
f 1995 1994 3332 3333
f 1996 1995 3333 3334
f 1997 1996 3334 3335
f 1998 1997 3335 3336
f 1999 1998 3336 3337
f 2000 1999 3337 3338
f 2001 2000 3338 3339
f 2002 2001 3339 3340
f 2003 2002 3340 3341
f 2004 2003 3341 3342
f 2005 2004 3342 3343
f 2006 2005 3343 3344
f 2007 2006 3344 3345
f 2008 2007 3345 3346
f 2009 2008 3346 3347
f 2010 2009 3347 3348
f 2011 2010 3348 3349
f 2012 2011 3349 3350
f 2013 2012 3350 3351
f 2014 2013 3351 3352
f 2015 2014 3352 3353
f 2016 2015 3353 3354
f 2017 2016 3354 3355
f 2018 2017 3355 3356
f 2019 2018 3356 3357
f 2020 2019 3357 3358
f 2021 2020 3358 3359
f 2022 2021 3359 3360
f 2023 2022 3360 3361
f 2024 2023 3361 3362
f 1984 2024 3362 3322
f 1791 1795 1796 1792
f 1831 1835 1836 1832
f 1870 1874 1875 1871
f 1847 1851 1852 1848
f 1832 1836 1833 1829
f 1797 1801 1802 1798
f 1894 1898 1899 1895
f 1888 1892 1889 1885
f 1901 1905 1906 1902
f 1902 1906 1907 1903
f 1911 1915 1916 1912
f 1824 1828 1825 1821
f 1933 1937 1938 1934
f 1773 1777 1778 1774
f 1776 1780 1777 1773
f 1805 1809 1810 1806
f 1790 1794 1795 1791
f 1807 1811 1812 1808
f 1806 1810 1811 1807
f 1813 1817 1818 1814
f 1814 1818 1819 1815
f 1909 1913 1914 1910
f 1815 1819 1820 1816
f 1821 1825 1826 1822
f 1829 1833 1834 1830
f 1830 1834 1835 1831
f 1837 1841 1842 1838
f 1840 1844 1841 1837
f 1798 1802 1803 1799
f 1848 1852 1849 1845
f 1856 1860 1857 1853
f 1863 1867 1868 1864
f 1872 1876 1873 1869
f 1879 1883 1884 1880
f 1871 1875 1876 1872
f 1792 1796 1793 1789
f 1878 1882 1883 1879
f 1896 1900 1897 1893
f 1885 1889 1890 1886
f 1886 1890 1891 1887
f 1887 1891 1892 1888
f 1895 1899 1900 1896
f 1925 1929 1930 1926
f 1917 1921 1922 1918
f 1920 1924 1921 1917
f 1935 1939 1940 1936
f 1934 1938 1939 1935
f 1775 1779 1780 1776
f 1774 1778 1779 1775
f 1808 1812 1809 1805
f 1799 1803 1804 1800
f 1928 1932 1929 1925
f 1816 1820 1817 1813
f 1823 1827 1828 1824
f 1822 1826 1827 1823
f 1838 1842 1843 1839
f 1846 1850 1851 1847
f 1845 1849 1850 1846
f 1855 1859 1860 1856
f 1854 1858 1859 1855
f 1853 1857 1858 1854
f 1861 1865 1866 1862
f 1864 1868 1865 1861
f 1862 1866 1867 1863
f 1877 1881 1882 1878
f 1880 1884 1881 1877
f 1893 1897 1898 1894
f 1869 1873 1874 1870
f 1789 1793 1794 1790
f 1903 1907 1908 1904
f 1904 1908 1905 1901
f 1910 1914 1915 1911
f 1912 1916 1913 1909
f 1918 1922 1923 1919
f 1919 1923 1924 1920
f 1926 1930 1931 1927
f 1927 1931 1932 1928
f 1936 1940 1937 1933
f 1782 1786 1787 1783
f 1781 1785 1786 1782
f 1783 1787 1788 1784
f 1784 1788 1785 1781
f 1800 1804 1801 1797
f 1839 1843 1844 1840
f 2500 2499 2489 2490
f 2826 2825 2815 2816
f 3068 3067 3049 3050
f 2539 2538 2520 2521
f 2398 2397 2379 2380
f 2897 2896 2886 2887
f 2417 2416 2411 2412
f 2482 2486 2481 2477
f 2605 2604 2586 2587
f 2828 2827 2817 2818
f 2930 2929 2911 2912
f 2894 2893 2883 2884
f 2961 2960 2950 2951
f 2942 2946 2941 2937
f 3011 3010 3005 3006
f 2993 2992 2974 2975
f 2898 2897 2887 2888
f 2418 2417 2412 2413
f 2368 2367 2357 2358
f 2409 2408 2390 2391
f 2462 2461 2443 2444
f 2565 2564 2554 2555
f 2482 2483 2484 2485 2486
f 2594 2593 2575 2576
f 2862 2861 2843 2844
f 2996 2995 2977 2978
f 3032 3031 3021 3022
f 3054 3053 3035 3036
f 2998 2997 2979 2980
f 2601 2600 2582 2583
f 2406 2405 2387 2388
f 2369 2368 2358 2359
f 2371 2370 2360 2361
f 2408 2407 2389 2390
f 2435 2434 2424 2425
f 2483 2482 2477 2478
f 2530 2529 2511 2512
f 2503 2502 2492 2493
f 2606 2605 2587 2588
f 2618 2617 2612 2613
f 2608 2607 2589 2590
f 2830 2829 2819 2820
f 2879 2878 2873 2874
f 2887 2886 2885 2884 2883 2882 2881 2890 2889 2888
f 2395 2394 2376 2377
f 2532 2531 2513 2514
f 2470 2469 2451 2452
f 2467 2466 2448 2449
f 2460 2459 2441 2442
f 2499 2498 2488 2489
f 2502 2501 2491 2492
f 2528 2527 2509 2510
f 2569 2568 2558 2559
f 2529 2528 2510 2511
f 2603 2602 2584 2585
f 2617 2616 2611 2612
f 2931 2930 2912 2913
f 2827 2826 2816 2817
f 2859 2858 2840 2841
f 2863 2862 2844 2845
f 2864 2863 2845 2846
f 2946 2945 2940 2941
f 2924 2923 2905 2906
f 2933 2932 2914 2915
f 2919 2936 2918 2901
f 2990 2989 2971 2972
f 3023 3032 3022 3013
f 3024 3023 3013 3014
f 3067 3066 3048 3049
f 3062 3061 3043 3044
f 2416 2417 2418 2419 2420
f 3058 3057 3039 3040
f 2420 2419 2414 2415
f 2472 2471 2453 2454
f 2465 2464 2446 2447
f 2367 2366 2356 2357
f 2370 2369 2359 2360
f 2373 2372 2362 2363
f 2400 2399 2381 2382
f 2404 2403 2385 2386
f 2401 2400 2382 2383
f 2410 2409 2391 2392
f 2407 2406 2388 2389
f 2474 2473 2455 2456
f 2436 2435 2425 2426
f 3030 3029 3019 3020
f 2437 2436 2426 2427
f 2396 2395 2377 2378
f 2463 2462 2444 2445
f 2476 2459 2460 2461 2462 2463 2464 2465 2466 2467 2468 2469 2470 2471 2472 2473 2474 2475
f 2475 2474 2456 2457
f 2476 2475 2457 2458
f 2473 2472 2454 2455
f 3002 2985 2986 2987 2988 2989 2990 2991 2992 2993 2994 2995 2996 2997 2998 2999 3000 3001
f 2505 2504 2494 2495
f 2506 2497 2498 2499 2500 2501 2502 2503 2504 2505
f 2536 2535 2517 2518
f 2540 2539 2521 2522
f 2538 2537 2519 2520
f 2568 2567 2557 2558
f 2564 2563 2553 2554
f 2567 2566 2556 2557
f 2570 2569 2559 2560
f 2592 2591 2573 2574
f 2598 2597 2579 2580
f 2607 2606 2588 2589
f 2615 2614 2609 2610
f 2498 2497 2487 2488
f 2613 2612 2611 2610 2609
f 2870 2869 2851 2852
f 2831 2830 2820 2821
f 2821 2820 2819 2818 2817 2816 2815 2824 2823 2822
f 2858 2857 2839 2840
f 2857 2856 2838 2839
f 2867 2866 2848 2849
f 2865 2864 2846 2847
f 2868 2867 2849 2850
f 2895 2894 2884 2885
f 2892 2891 2881 2882
f 2880 2879 2874 2875
f 2896 2895 2885 2886
f 2891 2900 2890 2881
f 2944 2943 2938 2939
f 2928 2927 2909 2910
f 2958 2957 2947 2948
f 2942 2943 2944 2945 2946
f 2962 2961 2951 2952
f 2989 2988 2970 2971
f 2999 2998 2980 2981
f 3000 2999 2981 2982
f 3009 3008 3003 3004
f 3010 3009 3004 3005
f 3002 3001 2983 2984
f 3056 3055 3037 3038
f 2433 2432 2422 2423
f 3059 3058 3040 3041
f 3060 3059 3041 3042
f 3064 3063 3045 3046
f 2992 2991 2973 2974
f 3066 3065 3047 3048
f 3057 3056 3038 3039
f 2994 2993 2975 2976
f 3074 3075 3076 3077 3078
f 3078 3077 3072 3073
f 3052 3051 3033 3034
f 3007 3006 3005 3004 3003
f 3001 3000 2982 2983
f 2534 2533 2515 2516
f 3072 3071 3070 3069 3073
f 2372 2371 2361 2362
f 2366 2365 2355 2356
f 2365 2374 2364 2355
f 2374 2373 2363 2364
f 2365 2366 2367 2368 2369 2370 2371 2372 2373 2374
f 2363 2362 2361 2360 2359 2358 2357 2356 2355 2364
f 2402 2401 2383 2384
f 2468 2467 2449 2450
f 2400 2401 2402 2403 2404 2405 2406 2407 2408 2409 2410 2393 2394 2395 2396 2397 2398 2399
f 2399 2398 2380 2381
f 2537 2536 2518 2519
f 2379 2378 2377 2376 2375 2392 2391 2390 2389 2388 2387 2386 2385 2384 2383 2382 2381 2380
f 2419 2418 2413 2414
f 2432 2431 2421 2422
f 2416 2420 2415 2411
f 2469 2468 2450 2451
f 2439 2438 2428 2429
f 2434 2433 2423 2424
f 2440 2439 2429 2430
f 2438 2437 2427 2428
f 2431 2440 2430 2421
f 2423 2422 2421 2430 2429 2428 2427 2426 2425 2424
f 2461 2460 2442 2443
f 2464 2463 2445 2446
f 2434 2435 2436 2437 2438 2439 2440 2431 2432 2433
f 2405 2404 2386 2387
f 2471 2470 2452 2453
f 2466 2465 2447 2448
f 2526 2525 2507 2508
f 2397 2396 2378 2379
f 2459 2476 2458 2441
f 2393 2410 2392 2375
f 2443 2442 2441 2458 2457 2456 2455 2454 2453 2452 2451 2450 2449 2448 2447 2446 2445 2444
f 2485 2484 2479 2480
f 2403 2402 2384 2385
f 2484 2483 2478 2479
f 2501 2500 2490 2491
f 2525 2542 2524 2507
f 2590 2589 2588 2587 2586 2585 2584 2583 2582 2581 2580 2579 2578 2577 2576 2575 2574 2573
f 2486 2485 2480 2481
f 2533 2532 2514 2515
f 2497 2506 2496 2487
f 2489 2488 2487 2496 2495 2494 2493 2492 2491 2490
f 2527 2526 2508 2509
f 2535 2534 2516 2517
f 2506 2505 2495 2496
f 2504 2503 2493 2494
f 2595 2594 2576 2577
f 2531 2530 2512 2513
f 2517 2516 2515 2514 2513 2512 2511 2510 2509 2508 2507 2524 2523 2522 2521 2520 2519 2518
f 2542 2541 2523 2524
f 2541 2540 2522 2523
f 2550 2549 2544 2545
f 2538 2539 2540 2541 2542 2525 2526 2527 2528 2529 2530 2531 2532 2533 2534 2535 2536 2537
f 2549 2548 2543 2544
f 2551 2550 2545 2546
f 2571 2570 2560 2561
f 2548 2552 2547 2543
f 2548 2549 2550 2551 2552
f 2547 2546 2545 2544 2543
f 2566 2565 2555 2556
f 2563 2572 2562 2553
f 2553 2562 2561 2560 2559 2558 2557 2556 2555 2554
f 2572 2571 2561 2562
f 2564 2565 2566 2567 2568 2569 2570 2571 2572 2563
f 2596 2595 2577 2578
f 2597 2596 2578 2579
f 2604 2603 2585 2586
f 2600 2599 2581 2582
f 2591 2608 2590 2573
f 2596 2597 2598 2599 2600 2601 2602 2603 2604 2605 2606 2607 2608 2591 2592 2593 2594 2595
f 2614 2618 2613 2609
f 2616 2615 2610 2611
f 2602 2601 2583 2584
f 2599 2598 2580 2581
f 2552 2551 2546 2547
f 2853 2870 2852 2835
f 2987 2986 2968 2969
f 2986 2985 2967 2968
f 2829 2828 2818 2819
f 2833 2832 2822 2823
f 2832 2831 2821 2822
f 2856 2855 2837 2838
f 2834 2833 2823 2824
f 2825 2834 2824 2815
f 2825 2826 2827 2828 2829 2830 2831 2832 2833 2834
f 2860 2859 2841 2842
f 2855 2854 2836 2837
f 2854 2853 2835 2836
f 2869 2868 2850 2851
f 2866 2865 2847 2848
f 2835 2852 2851 2850 2849 2848 2847 2846 2845 2844 2843 2842 2841 2840 2839 2838 2837 2836
f 2877 2876 2871 2872
f 2858 2859 2860 2861 2862 2863 2864 2865 2866 2867 2868 2869 2870 2853 2854 2855 2856 2857
f 2929 2928 2910 2911
f 2876 2877 2878 2879 2880
f 2876 2880 2875 2871
f 2899 2898 2888 2889
f 2874 2873 2872 2871 2875
f 2893 2892 2882 2883
f 2892 2893 2894 2895 2896 2897 2898 2899 2900 2891
f 2922 2921 2903 2904
f 2900 2899 2889 2890
f 2920 2919 2901 2902
f 2935 2934 2916 2917
f 2926 2925 2907 2908
f 2927 2926 2908 2909
f 2923 2922 2904 2905
f 2957 2966 2956 2947
f 2925 2924 2906 2907
f 2921 2920 2902 2903
f 2945 2944 2939 2940
f 3063 3062 3044 3045
f 2943 2942 2937 2938
f 2615 2616 2617 2618 2614
f 2913 2912 2911 2910 2909 2908 2907 2906 2905 2904 2903 2902 2901 2918 2917 2916 2915 2914
f 2941 2940 2939 2938 2937
f 2934 2935 2936 2919 2920 2921 2922 2923 2924 2925 2926 2927 2928 2929 2930 2931 2932 2933
f 2936 2935 2917 2918
f 2960 2959 2949 2950
f 2959 2958 2948 2949
f 2963 2962 2952 2953
f 2988 2987 2969 2970
f 2965 2964 2954 2955
f 2934 2933 2915 2916
f 2966 2965 2955 2956
f 2964 2963 2953 2954
f 2960 2961 2962 2963 2964 2965 2966 2957 2958 2959
f 2955 2954 2953 2952 2951 2950 2949 2948 2947 2956
f 2991 2990 2972 2973
f 2932 2931 2913 2914
f 2878 2877 2872 2873
f 3008 3012 3007 3003
f 2985 3002 2984 2967
f 2481 2480 2479 2478 2477
f 2967 2984 2983 2982 2981 2980 2979 2978 2977 2976 2975 2974 2973 2972 2971 2970 2969 2968
f 3025 3024 3014 3015
f 3027 3026 3016 3017
f 3009 3010 3011 3012 3008
f 3026 3025 3015 3016
f 3029 3028 3018 3019
f 3028 3027 3017 3018
f 2415 2414 2413 2412 2411
f 3031 3030 3020 3021
f 3030 3031 3032 3023 3024 3025 3026 3027 3028 3029
f 3017 3016 3015 3014 3013 3022 3021 3020 3019 3018
f 3012 3011 3006 3007
f 3055 3054 3036 3037
f 3053 3052 3034 3035
f 3061 3060 3042 3043
f 3065 3064 3046 3047
f 2995 2994 2976 2977
f 3051 3068 3050 3033
f 3033 3050 3049 3048 3047 3046 3045 3044 3043 3042 3041 3040 3039 3038 3037 3036 3035 3034
f 3068 3051 3052 3053 3054 3055 3056 3057 3058 3059 3060 3061 3062 3063 3064 3065 3066 3067
f 3076 3075 3070 3071
f 3074 3078 3073 3069
f 3077 3076 3071 3072
f 3075 3074 3069 3070
f 2593 2592 2574 2575
f 2997 2996 2978 2979
f 2861 2860 2842 2843
f 2394 2393 2375 2376
o 02_-_Big_Dish.002_Mesh.001
v 2.732992 27.845459 28.818516
v 2.685712 27.845459 29.449408
v 2.544932 27.845459 30.066204
v 2.313796 27.845459 30.655128
v 1.997468 27.845459 31.203028
v 1.603012 27.845459 31.697660
v 1.139240 27.845459 32.127975
v 0.616512 27.845459 32.484364
v 0.046508 27.845459 32.758865
v -0.558044 27.845459 32.945343
v -1.183636 27.845455 33.039639
v -1.816292 27.845455 33.039635
v -2.441884 27.845455 32.945343
v -3.046436 27.845455 32.758865
v -3.616440 27.845455 32.484364
v -4.139168 27.845455 32.127975
v -4.602940 27.845455 31.697660
v -4.997396 27.845455 31.203028
v -5.313724 27.845455 30.655132
v -5.544860 27.845455 30.066204
v -5.685640 27.845455 29.449408
v -5.732920 27.845455 28.818520
v -5.685640 27.845453 28.187632
v -5.544860 27.845453 27.570835
v -5.313728 27.845459 26.981913
v -4.997396 27.845459 26.434011
v -4.602944 27.845459 25.939381
v -4.139172 27.845459 25.509064
v -3.616448 27.845459 25.152672
v -3.046440 27.845459 24.878172
v -2.441892 27.845459 24.691692
v -1.816300 27.845459 24.597401
v -1.183640 27.845459 24.597401
v -0.558048 27.845459 24.691692
v 0.046500 27.845459 24.878168
v 0.616508 27.845459 25.152668
v 1.139236 27.845459 25.509056
v 1.603008 27.845459 25.939371
v 1.997464 27.845459 26.434000
v 2.313792 27.845459 26.981899
v 2.544932 27.845459 27.570820
v 2.685712 27.845459 28.187620
v 2.732992 27.495623 28.818516
v 2.685712 27.495623 29.449408
v 2.544932 27.495623 30.066204
v 2.313796 27.495623 30.655128
v 1.997468 27.495623 31.203024
v 1.603012 27.495623 31.697660
v 1.139240 27.495623 32.127975
v 0.616512 27.495623 32.484364
v 0.046508 27.495619 32.758865
v -0.558044 27.495619 32.945343
v -1.183636 27.495619 33.039639
v -1.816292 27.495619 33.039635
v -2.441884 27.495619 32.945343
v -3.046436 27.495619 32.758865
v -3.616440 27.495619 32.484364
v -4.139168 27.495619 32.127975
v -4.602940 27.495619 31.697660
v -4.997396 27.495619 31.203028
v -5.313724 27.495619 30.655132
v -5.544860 27.495619 30.066204
v -5.685640 27.495619 29.449408
v -5.732920 27.495619 28.818520
v -5.685640 27.495617 28.187632
v -5.544860 27.495617 27.570835
v -5.313728 27.495617 26.981913
v -4.997396 27.495617 26.434011
v -4.602944 27.495621 25.939381
v -4.139172 27.495621 25.509064
v -3.616448 27.495621 25.152672
v -3.046440 27.495621 24.878172
v -2.441892 27.495621 24.691692
v -1.816300 27.495621 24.597401
v -1.183640 27.495621 24.597401
v -0.558048 27.495621 24.691692
v 0.046500 27.495621 24.878168
v 0.616508 27.495621 25.152668
v 1.139236 27.495621 25.509056
v 1.603008 27.495621 25.939371
v 1.997464 27.495621 26.434000
v 2.313792 27.495621 26.981895
v 2.544932 27.495621 27.570820
v 2.685712 27.495621 28.187620
v 2.655564 27.540667 28.818516
v 2.609148 27.540667 28.199156
v 2.655564 24.879042 28.818516
v 2.609148 24.879042 29.437868
v 2.470944 24.879042 30.043381
v 2.244036 24.879042 30.621532
v 1.933496 24.879042 31.159409
v 1.546252 24.879044 31.644993
v 1.090964 24.879044 32.067440
v 0.577800 24.879044 32.417309
v 0.018220 24.879044 32.686787
v -0.575272 24.879044 32.869858
v -1.189420 24.879044 32.962425
v -1.810504 24.879044 32.962425
v -2.424656 24.879044 32.869858
v -3.018148 24.879040 32.686787
v -3.577728 24.879040 32.417309
v -4.090892 24.879040 32.067440
v -4.546180 24.879040 31.644993
v -4.933420 24.879038 31.159409
v -5.243960 24.879038 30.621536
v -5.470872 24.879038 30.043381
v -5.609076 24.879038 29.437868
v -5.655488 24.879042 28.818520
v -5.609076 24.879042 28.199171
v -5.470872 24.879042 27.593660
v -5.243964 24.879042 27.015505
v -4.933420 24.879042 26.477633
v -4.546180 24.879042 25.992044
v -4.090896 24.879042 25.569599
v -3.577732 24.879042 25.219728
v -3.018152 24.879042 24.950249
v -2.424660 24.879042 24.767179
v -1.810512 24.879042 24.674612
v -1.189428 24.879042 24.674612
v -0.575280 24.879042 24.767176
v 0.018216 24.879042 24.950245
v 0.577792 24.879042 25.219725
v 1.090960 24.879042 25.569592
v 1.546248 24.879042 25.992037
v 1.933488 24.879042 26.477619
v 2.244032 24.879042 27.015491
v 2.470944 24.879042 27.593643
v 2.609148 24.879042 28.199156
v 2.609148 27.540667 29.437868
v 2.470944 27.540667 30.043381
v 2.244036 27.540667 30.621532
v 1.933492 27.540667 31.159409
v 1.546252 27.540667 31.644993
v 1.090964 27.540667 32.067440
v 0.577800 27.540667 32.417309
v 0.018220 27.540667 32.686787
v -0.575272 27.540667 32.869858
v -1.189420 27.540667 32.962425
v -1.810508 27.540667 32.962425
v -2.424656 27.540667 32.869858
v -3.018148 27.540667 32.686787
v -3.577728 27.540667 32.417309
v -4.090892 27.540667 32.067440
v -4.546180 27.540667 31.644997
v -4.933420 27.540667 31.159412
v -5.243964 27.540667 30.621536
v -5.470872 27.540667 30.043385
v -5.609076 27.540667 29.437868
v -5.655488 27.540667 28.818520
v -5.609076 27.540667 28.199171
v -5.470872 27.540667 27.593660
v -5.243964 27.540667 27.015509
v -4.933424 27.540667 26.477633
v -4.546184 27.540667 25.992048
v -4.090896 27.540667 25.569599
v -3.577732 27.540667 25.219732
v -3.018152 27.540667 24.950253
v -2.424660 27.540667 24.767179
v -1.810512 27.540667 24.674612
v -1.189428 27.540667 24.674612
v -0.575280 27.540667 24.767176
v 0.018212 27.540667 24.950245
v 0.577792 27.540667 25.219725
v 1.090956 27.540670 25.569592
v 1.546248 27.540670 25.992037
v 1.933488 27.540670 26.477619
v 2.244032 27.540670 27.015491
v 2.470940 27.540667 27.593643
v 2.576624 25.622559 29.385044
v 2.564624 25.622559 29.481060
v 2.641672 25.622559 29.490688
v 2.653676 25.622559 29.394676
v 2.576624 25.140482 29.385044
v 2.564624 25.140482 29.481060
v 2.641676 25.140482 29.490688
v 2.653676 25.140482 29.394676
v 2.230948 25.622559 30.560896
v 2.187672 25.622559 30.647440
v 2.257128 25.622559 30.682167
v 2.300400 25.622559 30.595625
v 2.230948 25.140478 30.560896
v 2.187676 25.140478 30.647440
v 2.257128 25.140478 30.682167
v 2.300400 25.140478 30.595625
v 1.553008 25.622559 31.583328
v 1.484588 25.622559 31.651749
v 1.539496 25.622559 31.706656
v 1.607916 25.622559 31.638235
v 1.553012 25.140480 31.583332
v 1.484588 25.140480 31.651752
v 1.539496 25.140480 31.706656
v 1.607916 25.140480 31.638235
v 0.603708 25.622559 32.360947
v 0.517164 25.622559 32.404221
v 0.551892 25.622559 32.473671
v 0.638436 25.622559 32.430397
v 0.603712 25.140480 32.360947
v 0.517164 25.140480 32.404221
v 0.551892 25.140480 32.473671
v 0.638436 25.140480 32.430397
v -0.532080 25.622559 32.825329
v -0.628096 25.622559 32.837330
v -0.618464 25.622559 32.914383
v -0.522448 25.622559 32.902382
v -0.532080 25.140480 32.825329
v -0.628096 25.140480 32.837330
v -0.618464 25.140480 32.914383
v -0.522448 25.140480 32.902382
v -1.759800 25.622559 32.926689
v -1.856372 25.622559 32.920654
v -1.861216 25.622559 32.998158
v -1.764640 25.622559 33.004192
v -1.759796 25.140480 32.926689
v -1.856372 25.140480 32.920654
v -1.861216 25.140480 32.998158
v -1.764640 25.140480 33.004192
v -2.957512 25.622555 32.673698
v -3.044056 25.622555 32.630424
v -3.078784 25.622555 32.699879
v -2.992236 25.622555 32.743149
v -2.957512 25.140480 32.673698
v -3.044056 25.140480 32.630424
v -3.078784 25.140480 32.699879
v -2.992236 25.140480 32.743149
v -4.029228 25.622555 32.074196
v -4.097648 25.622555 32.005775
v -4.152556 25.622555 32.060680
v -4.084136 25.622555 32.129105
v -4.029228 25.140480 32.074196
v -4.097648 25.140480 32.005775
v -4.152556 25.140480 32.060684
v -4.084136 25.140480 32.129105
v -4.877056 25.622555 31.185320
v -4.920328 25.622555 31.098772
v -4.989780 25.622555 31.133499
v -4.946508 25.622555 31.220043
v -4.877056 25.140478 31.185320
v -4.920328 25.140478 31.098772
v -4.989780 25.140478 31.133499
v -4.946508 25.140478 31.220043
v -5.421468 25.622555 30.080900
v -5.444936 25.622555 29.987032
v -5.520272 25.622555 30.005863
v -5.496804 25.622555 30.099731
v -5.421472 25.140478 30.080900
v -5.444936 25.140478 29.987032
v -5.520272 25.140478 30.005863
v -5.496804 25.140478 30.099731
v -5.616664 25.622559 28.866899
v -5.616664 25.622559 28.770140
v -5.694316 25.622559 28.770140
v -5.694316 25.622559 28.866899
v -5.616664 25.140478 28.866899
v -5.616664 25.140478 28.770140
v -5.694316 25.140478 28.770140
v -5.694316 25.140478 28.866899
v -5.444940 25.622559 27.650011
v -5.421472 25.622559 27.556141
v -5.496804 25.622559 27.537304
v -5.520272 25.622559 27.631176
v -5.444940 25.140478 27.650007
v -5.421472 25.140478 27.556141
v -5.496804 25.140478 27.537304
v -5.520272 25.140478 27.631176
v -4.940176 25.622559 26.539295
v -4.871756 25.622559 26.470877
v -4.926664 25.622559 26.415968
v -4.995084 25.622559 26.484388
v -4.940176 25.140478 26.539291
v -4.871756 25.140478 26.470877
v -4.926664 25.140478 26.415968
v -4.995084 25.140478 26.484388
v -4.097652 25.622559 25.631264
v -4.029232 25.622559 25.562843
v -4.084140 25.622559 25.507936
v -4.152560 25.622559 25.576357
v -4.097652 25.140478 25.631264
v -4.029232 25.140478 25.562843
v -4.084140 25.140478 25.507936
v -4.152560 25.140478 25.576357
v -3.055672 25.622559 24.999647
v -2.961800 25.622559 24.976179
v -2.980632 25.622559 24.900852
v -3.074504 25.622559 24.924320
v -3.055672 25.140478 24.999647
v -2.961800 25.140478 24.976179
v -2.980632 25.140478 24.900852
v -3.074504 25.140478 24.924316
v -1.856376 25.622559 24.716379
v -1.759804 25.622559 24.710344
v -1.764648 25.622559 24.632845
v -1.861220 25.622559 24.638880
v -1.856376 25.140478 24.716379
v -1.759804 25.140478 24.710344
v -1.764648 25.140478 24.632845
v -1.861220 25.140478 24.638876
v -0.631632 25.622559 24.793108
v -0.537760 25.622559 24.816576
v -0.518928 25.622559 24.741243
v -0.612800 25.622559 24.717775
v -0.631632 25.140482 24.793108
v -0.537760 25.140482 24.816576
v -0.518924 25.140482 24.741243
v -0.612796 25.140482 24.717775
v 0.516128 25.622559 25.212969
v 0.584548 25.622559 25.281387
v 0.639456 25.622559 25.226480
v 0.571036 25.622559 25.158060
v 0.516128 25.140482 25.212969
v 0.584548 25.140482 25.281387
v 0.639456 25.140482 25.226480
v 0.571036 25.140482 25.158060
v 1.489884 25.622559 25.966124
v 1.533156 25.622559 26.052671
v 1.602612 25.622559 26.017944
v 1.559336 25.622559 25.931400
v 1.489884 25.140482 25.966124
v 1.533160 25.140482 26.052671
v 1.602612 25.140482 26.017944
v 1.559336 25.140482 25.931400
v 2.182368 25.622559 27.008736
v 2.250788 25.622559 27.077156
v 2.305696 25.622559 27.022247
v 2.237276 25.622559 26.953829
v 2.182368 25.140482 27.008736
v 2.250788 25.140482 27.077156
v 2.305696 25.140482 27.022247
v 2.237276 25.140482 26.953829
v 2.570324 25.622559 28.150776
v 2.570324 25.622559 28.247536
v 2.647972 25.622559 28.247536
v 2.647972 25.622559 28.150776
v 2.570324 25.140482 28.150776
v 2.570324 25.140482 28.247536
v 2.647972 25.140482 28.247536
v 2.647972 25.140482 28.150776
v 2.621544 24.877678 29.439735
v 2.668100 24.877678 28.818516
v 2.482924 24.877678 30.047075
v 2.255332 24.877678 30.626972
v 1.943852 24.877678 31.166471
v 1.555444 24.877678 31.653521
v 1.098780 24.877678 32.077240
v 0.584068 24.877678 32.428165
v 0.022800 24.877678 32.698456
v -0.572480 24.877678 32.882076
v -1.188484 24.877678 32.974922
v -1.811444 24.877678 32.974922
v -2.427444 24.877678 32.882076
v -3.022728 24.877678 32.698456
v -3.583992 24.877678 32.428165
v -4.098708 24.877678 32.077240
v -4.555368 24.877678 31.653521
v -4.943776 24.877678 31.166471
v -5.255256 24.877678 30.626972
v -5.482852 24.877678 30.047075
v -5.621472 24.877678 29.439735
v -5.668024 24.877678 28.818520
v -5.621472 24.877678 28.197300
v -5.482852 24.877678 27.589964
v -5.255260 24.877678 27.010069
v -4.943780 24.877678 26.470568
v -4.555372 24.877678 25.983521
v -4.098712 24.877678 25.559795
v -3.584000 24.877678 25.208872
v -3.022732 24.877678 24.938580
v -2.427448 24.877678 24.754959
v -1.811448 24.877678 24.662107
v -1.188488 24.877678 24.662107
v -0.572488 24.877678 24.754955
v 0.022796 24.877678 24.938572
v 0.584060 24.877682 25.208868
v 1.098776 24.877682 25.559788
v 1.555440 24.877682 25.983507
v 1.943848 24.877682 26.470556
v 2.255328 24.877682 27.010052
v 2.482920 24.877682 27.589949
v 2.621544 24.877678 28.197292
v 0.169920 24.467890 29.070211
v 0.188780 24.467890 28.818516
v 0.113756 24.467890 29.316284
v 0.021544 24.467890 29.551235
v -0.104656 24.467890 29.769819
v -0.262024 24.467890 29.967155
v -0.447048 24.467890 30.138832
v -0.655592 24.467886 30.281012
v -0.882996 24.467886 30.390524
v -1.124180 24.467886 30.464920
v -1.373764 24.467886 30.502541
v -1.626164 24.467886 30.502541
v -1.875744 24.467886 30.464920
v -2.116928 24.467886 30.390524
v -2.344336 24.467886 30.281012
v -2.552876 24.467886 30.138832
v -2.737900 24.467886 29.967155
v -2.895268 24.467886 29.769819
v -3.021468 24.467886 29.551235
v -3.113680 24.467886 29.316284
v -3.169844 24.467886 29.070211
v -3.188708 24.467886 28.818516
v -3.169844 24.467886 28.566824
v -3.113680 24.467886 28.320751
v -3.021468 24.467886 28.085800
v -2.895268 24.467886 27.867216
v -2.737900 24.467886 27.669880
v -2.552880 24.467890 27.498203
v -2.344336 24.467890 27.356024
v -2.116932 24.467890 27.246508
v -1.875744 24.467890 27.172112
v -1.626164 24.467890 27.134497
v -1.373764 24.467890 27.134497
v -1.124184 24.467890 27.172112
v -0.882996 24.467890 27.246508
v -0.655592 24.467890 27.356020
v -0.447048 24.467890 27.498199
v -0.262028 24.467890 27.669876
v -0.104660 24.467890 27.867212
v 0.021544 24.467890 28.085796
v 0.113756 24.467890 28.320744
v 0.169920 24.467890 28.566816
v 2.637320 25.210369 29.442112
v 2.684056 25.092974 28.818516
v 2.498168 25.092974 30.051777
v 2.269708 25.210369 30.633892
v 1.957036 25.092974 31.175455
v 1.567140 25.210371 31.664371
v 1.108728 25.092976 32.089718
v 0.592048 25.210371 32.441982
v 0.028632 25.092972 32.713306
v -0.568932 25.210371 32.897629
v -1.187292 25.092972 32.990833
v -1.812636 25.210371 32.990833
v -2.430996 25.092972 32.897629
v -3.028556 25.210371 32.713306
v -3.591972 25.092972 32.441982
v -4.108656 25.210367 32.089718
v -4.567064 25.092972 31.664371
v -4.956960 25.210365 31.175461
v -5.269632 25.092970 30.633896
v -5.498096 25.210369 30.051781
v -5.637248 25.092970 29.442112
v -5.683980 25.210369 28.818520
v -5.637248 25.092970 28.194923
v -5.498096 25.210369 27.585260
v -5.269632 25.092970 27.003143
v -4.956960 25.210369 26.461580
v -4.567068 25.092974 25.972668
v -4.108656 25.210369 25.547323
v -3.591976 25.092974 25.195057
v -3.028560 25.210369 24.923729
v -2.431000 25.092974 24.739405
v -1.812640 25.210369 24.646204
v -1.187296 25.092974 24.646200
v -0.568940 25.210369 24.739405
v 0.028624 25.092974 24.923723
v 0.592040 25.210369 25.195047
v 1.108724 25.092974 25.547316
v 1.567132 25.210369 25.972656
v 1.957028 25.092974 26.461569
v 2.269704 25.210369 27.003132
v 2.498168 25.092974 27.585249
v 2.637320 25.210369 28.194912
v 2.665972 24.916931 29.130713
v 2.572912 24.916931 29.748123
v 2.388872 24.916931 30.344772
v 2.117960 24.916931 30.907324
v 1.766232 24.916931 31.423220
v 1.341540 24.916931 31.880928
v 0.853372 24.916931 32.270226
v 0.312636 24.916931 32.582420
v -0.268588 24.916931 32.810535
v -0.877320 24.916931 32.949474
v -1.499964 24.916931 32.996136
v -2.122604 24.916931 32.949474
v -2.731336 24.916931 32.810535
v -3.312564 24.916931 32.582420
v -3.853300 24.916931 32.270226
v -4.341464 24.916931 31.880928
v -4.766156 24.916931 31.423220
v -5.117884 24.916931 30.907328
v -5.388796 24.916931 30.344776
v -5.572840 24.916931 29.748129
v -5.665900 24.916931 29.130713
v -5.665900 24.916931 28.506329
v -5.572840 24.916931 27.888912
v -5.388800 24.916931 27.292265
v -5.117888 24.916931 26.729712
v -4.766160 24.916931 26.213820
v -4.341468 24.916931 25.756111
v -3.853304 24.916931 25.366808
v -3.312568 24.916931 25.054617
v -2.731344 24.916931 24.826500
v -2.122612 24.916931 24.687559
v -1.499968 24.916931 24.640900
v -0.877328 24.916931 24.687559
v -0.268596 24.916935 24.826500
v 0.312632 24.916935 25.054611
v 0.853368 24.916935 25.366804
v 1.341532 24.916935 25.756100
v 1.766224 24.916935 26.213808
v 2.117956 24.916935 26.729700
v 2.388868 24.916935 27.292252
v 2.572912 24.916935 27.888901
v 2.665972 24.916935 28.506321
v 2.631012 24.916931 29.441164
v 2.677672 24.916931 28.818516
v 2.492072 24.916931 30.049896
v 2.263956 24.916931 30.631124
v 1.951760 24.916931 31.171864
v 1.562460 24.916931 31.660032
v 1.104748 24.916931 32.084724
v 0.588856 24.916931 32.436455
v 0.026300 24.916931 32.707367
v -0.570352 24.916931 32.891411
v -1.187768 24.916931 32.984470
v -1.812160 24.916931 32.984470
v -2.429576 24.916931 32.891411
v -3.026224 24.916931 32.707367
v -3.588780 24.916931 32.436455
v -4.104676 24.916931 32.084724
v -4.562384 24.916931 31.660032
v -4.951684 24.916931 31.171864
v -5.263880 24.916931 30.631128
v -5.491996 24.916931 30.049900
v -5.630936 24.916931 29.441164
v -5.677596 24.916931 28.818520
v -5.630936 24.916931 28.195875
v -5.491996 24.916931 27.587139
v -5.263884 24.916931 27.005913
v -4.951688 24.916931 26.465176
v -4.562388 24.916931 25.977009
v -4.104680 24.916931 25.552317
v -3.588784 24.916931 25.200584
v -3.026228 24.916931 24.929668
v -2.429580 24.916931 24.745628
v -1.812164 24.916931 24.652563
v -1.187776 24.916931 24.652563
v -0.570360 24.916931 24.745625
v 0.026292 24.916935 24.929665
v 0.588848 24.916935 25.200577
v 1.104744 24.916935 25.552303
v 1.562456 24.916935 25.976995
v 1.951756 24.916935 26.465164
v 2.263952 24.916935 27.005899
v 2.492068 24.916935 27.587128
v 2.631008 24.916935 28.195864
v 2.605772 24.848974 29.437357
v 2.652148 24.848974 28.818516
v 2.467680 24.848974 30.042372
v 2.240960 24.848974 30.620052
v 1.930672 24.848969 31.157484
v 1.543748 24.848970 31.642668
v 1.088836 24.848970 32.064762
v 0.576092 24.848970 32.414349
v 0.016972 24.848970 32.683609
v -0.576032 24.848970 32.866524
v -1.189676 24.848970 32.959015
v -1.810252 24.848970 32.959015
v -2.423896 24.848970 32.866524
v -3.016900 24.848970 32.683609
v -3.576016 24.848970 32.414349
v -4.088760 24.848970 32.064762
v -4.543672 24.848970 31.642668
v -4.930596 24.848969 31.157484
v -5.240884 24.848969 30.620052
v -5.467604 24.848969 30.042372
v -5.605696 24.848969 29.437361
v -5.652072 24.848969 28.818520
v -5.605696 24.848969 28.199680
v -5.467608 24.848969 27.594664
v -5.240888 24.848969 27.016989
v -4.930600 24.848969 26.479551
v -4.543676 24.848969 25.994368
v -4.088764 24.848969 25.572268
v -3.576024 24.848969 25.222689
v -3.016904 24.848969 24.953428
v -2.423900 24.848974 24.770512
v -1.810256 24.848974 24.678017
v -1.189684 24.848974 24.678017
v -0.576040 24.848974 24.770508
v 0.016968 24.848974 24.953424
v 0.576084 24.848974 25.222679
v 1.088828 24.848974 25.572260
v 1.543744 24.848974 25.994360
v 1.930668 24.848974 26.479540
v 2.240956 24.848974 27.016975
v 2.467680 24.848974 27.594652
v 2.605772 24.848974 28.199669
v 2.672340 25.151674 29.131187
v 2.579136 25.151674 29.749544
v 2.394812 25.151674 30.347103
v 2.123488 25.151669 30.910517
v 1.771220 25.151669 31.427200
v 1.345880 25.151670 31.885609
v 0.856968 25.151670 32.275501
v 0.315408 25.151670 32.588169
v -0.266708 25.151670 32.816635
v -0.876372 25.151670 32.955784
v -1.499964 25.151670 33.002518
v -2.123556 25.151670 32.955784
v -2.733220 25.151670 32.816635
v -3.315332 25.151670 32.588169
v -3.856896 25.151670 32.275501
v -4.345804 25.151670 31.885609
v -4.771144 25.151669 31.427200
v -5.123412 25.151669 30.910521
v -5.394736 25.151669 30.347103
v -5.579060 25.151669 29.749548
v -5.672264 25.151669 29.131191
v -5.672264 25.151669 28.505848
v -5.579060 25.151669 27.887491
v -5.394740 25.151669 27.289936
v -5.123416 25.151669 26.726521
v -4.771148 25.151669 26.209841
v -4.345808 25.151669 25.751432
v -3.856896 25.151669 25.361536
v -3.315336 25.151669 25.048868
v -2.733224 25.151674 24.820404
v -2.123560 25.151674 24.681252
v -1.499968 25.151674 24.634516
v -0.876376 25.151674 24.681248
v -0.266716 25.151674 24.820400
v 0.315400 25.151674 25.048861
v 0.856960 25.151674 25.361532
v 1.345876 25.151674 25.751425
v 1.771216 25.151674 26.209827
v 2.123484 25.151674 26.726507
v 2.394808 25.151674 27.289921
v 2.579132 25.151674 27.887480
v 2.672340 25.151674 28.505844
v 2.446416 25.207661 29.413336
v 2.490992 25.095682 28.818516
v 2.313684 25.095682 29.994871
v 2.095764 25.207661 30.550129
v 1.797520 25.095682 31.066700
v 1.425616 25.207661 31.533056
v 0.988356 25.095684 31.938772
v 0.495516 25.207663 32.274784
v -0.041904 25.095684 32.533592
v -0.611892 25.207659 32.709408
v -1.201720 25.095684 32.798309
v -1.798208 25.207659 32.798309
v -2.388036 25.095684 32.709408
v -2.958024 25.207659 32.533592
v -3.495440 25.095684 32.274784
v -3.988284 25.207659 31.938772
v -4.425540 25.095678 31.533056
v -4.797444 25.207657 31.066700
v -5.095688 25.095678 30.550129
v -5.313608 25.207657 29.994871
v -5.446340 25.095682 29.413340
v -5.490916 25.207657 28.818520
v -5.446340 25.095682 28.223700
v -5.313608 25.207657 27.642168
v -5.095688 25.095682 27.086912
v -4.797444 25.207661 26.570335
v -4.425540 25.095682 26.103985
v -3.988284 25.207661 25.698269
v -3.495444 25.095682 25.362251
v -2.958028 25.207661 25.103443
v -2.388040 25.095682 24.927628
v -1.798212 25.207661 24.838724
v -1.201724 25.095682 24.838724
v -0.611900 25.207661 24.927624
v -0.041912 25.095682 25.103439
v 0.495508 25.207661 25.362247
v 0.988352 25.095682 25.698259
v 1.425608 25.207661 26.103971
v 1.797512 25.095682 26.570324
v 2.095760 25.207661 27.086901
v 2.313680 25.095682 27.642153
v 2.446416 25.207661 28.223688
v -1.287240 27.845375 33.380501
v -1.287240 28.146391 33.380501
v -1.747616 28.146391 33.380501
v -1.747616 27.845375 33.380501
v -1.287240 27.848537 24.345469
v -1.287240 28.148327 24.376141
v -1.747616 28.148327 24.376141
v -1.747616 27.848537 24.345469
v -1.287240 27.867762 24.217756
v -1.287240 28.162178 24.284128
v -1.747616 28.162178 24.284128
v -1.747616 27.867762 24.217756
v -1.287240 27.905449 24.093355
v -1.287240 28.184465 24.210571
v -1.747616 28.184465 24.210571
v -1.747616 27.905449 24.093355
v -1.287240 27.969538 23.976416
v -1.287240 28.213966 24.156755
v -1.747616 28.213966 24.156755
v -1.747616 27.969538 23.976416
v -1.287240 28.063263 23.879772
v -1.287240 28.254173 24.115295
v -1.747616 28.254173 24.115295
v -1.747616 28.063263 23.879772
v -1.287240 28.163877 23.816484
v -1.287240 28.301777 24.085356
v -1.747616 28.301777 24.085356
v -1.747616 28.163877 23.816484
v -1.287240 28.266003 23.774948
v -1.287240 28.358837 24.062147
v -1.747616 28.358837 24.062147
v -1.747616 28.266003 23.774948
v -1.287240 28.369314 23.749781
v -1.287240 28.423841 24.046316
v -1.747616 28.423838 24.046316
v -1.747616 28.369314 23.749781
v -1.287240 28.471783 23.736944
v -1.287240 28.496998 24.037151
v -1.747616 28.496998 24.037151
v -1.747616 28.471783 23.736944
v -1.287240 29.601799 23.736776
v -1.287240 29.601810 24.037788
v -1.747616 29.601810 24.037788
v -1.747616 29.601799 23.736776
v -0.926020 30.112486 23.690228
v -0.964320 30.317390 23.690228
v -0.964320 30.317390 24.078808
v -0.926020 30.112486 24.078808
v -1.074056 30.494617 23.690228
v -1.074056 30.494617 24.078808
v -1.240404 30.620237 23.690228
v -1.240404 30.620237 24.078808
v -1.440900 30.677282 23.690228
v -1.440900 30.677282 24.078808
v -1.648460 30.658051 23.690228
v -1.648460 30.658051 24.078808
v -1.835056 30.565134 23.690228
v -1.835056 30.565134 24.078808
v -1.975492 30.411087 23.690228
v -1.975492 30.411087 24.078808
v -2.050792 30.216713 23.690228
v -2.050792 30.216713 24.078808
v -2.050792 30.008263 23.690228
v -2.050792 30.008263 24.078808
v -1.975492 29.813885 23.690228
v -1.975492 29.813885 24.078808
v -1.835056 29.659838 23.690228
v -1.835056 29.659838 24.078808
v -1.648460 29.566925 23.690228
v -1.648460 29.566925 24.078808
v -1.440896 29.547689 23.690228
v -1.440896 29.547689 24.078808
v -1.240404 29.604738 23.690228
v -1.240404 29.604738 24.078808
v -1.074056 29.730358 23.690228
v -1.074056 29.730358 24.078808
v -0.964320 29.907585 23.690228
v -0.964320 29.907585 24.078808
v -2.144660 27.971306 26.788908
v -2.134716 27.971306 26.785681
v -2.128572 27.971306 26.777220
v -2.128572 27.971306 26.766764
v -2.134716 27.971306 26.758308
v -2.144660 27.971306 26.755075
v -2.154604 27.971306 26.758308
v -2.160748 27.971306 26.766764
v -2.160748 27.971306 26.777220
v -2.154604 27.971306 26.785681
v -2.144660 28.007734 26.788908
v -2.134716 28.007734 26.785681
v -2.128572 28.007734 26.777220
v -2.128572 28.007734 26.766764
v -2.134716 28.007734 26.758308
v -2.144660 28.007734 26.755075
v -2.154604 28.007734 26.758308
v -2.160748 28.007734 26.766764
v -2.160748 28.007734 26.777220
v -2.154604 28.007734 26.785681
v -2.144660 27.919590 26.838013
v -2.122080 27.919590 26.834028
v -2.102224 27.919590 26.822563
v -2.087488 27.919590 26.805000
v -2.079648 27.919590 26.783457
v -2.079648 27.919590 26.760529
v -2.087488 27.919590 26.738983
v -2.102224 27.919590 26.721420
v -2.122080 27.919590 26.709955
v -2.144660 27.919590 26.705976
v -2.167240 27.919590 26.709955
v -2.187096 27.919590 26.721420
v -2.201832 27.919590 26.738983
v -2.209676 27.919590 26.760529
v -2.209676 27.919590 26.783457
v -2.201832 27.919590 26.805000
v -2.187096 27.919590 26.822563
v -2.167240 27.919590 26.834028
v -2.144660 27.935562 26.838013
v -2.122080 27.935562 26.834028
v -2.102224 27.935562 26.822563
v -2.087488 27.935562 26.805000
v -2.079648 27.935562 26.783457
v -2.079648 27.935562 26.760529
v -2.087488 27.935562 26.738983
v -2.102224 27.935562 26.721420
v -2.122080 27.935562 26.709955
v -2.144660 27.935562 26.705976
v -2.167240 27.935562 26.709955
v -2.187096 27.935562 26.721420
v -2.201832 27.935562 26.738983
v -2.209676 27.935562 26.760529
v -2.209676 27.935562 26.783457
v -2.201832 27.935562 26.805000
v -2.187096 27.935562 26.822563
v -2.167240 27.935562 26.834028
v -2.144660 27.936426 26.815504
v -2.103276 27.936426 26.785440
v -2.119084 27.936426 26.736788
v -2.170236 27.936426 26.736788
v -2.186044 27.936426 26.785440
v -2.144660 27.972855 26.815504
v -2.103276 27.972855 26.785440
v -2.119084 27.972855 26.736788
v -2.170236 27.972855 26.736788
v -2.186044 27.972855 26.785440
v -2.144660 27.971306 26.551876
v -2.134716 27.971306 26.548643
v -2.128572 27.971306 26.540188
v -2.128572 27.971306 26.529732
v -2.134716 27.971306 26.521276
v -2.144660 27.971306 26.518044
v -2.154604 27.971306 26.521276
v -2.160748 27.971306 26.529732
v -2.160748 27.971306 26.540188
v -2.154604 27.971306 26.548643
v -2.144660 28.007734 26.551876
v -2.134716 28.007734 26.548643
v -2.128572 28.007734 26.540188
v -2.128572 28.007734 26.529732
v -2.134716 28.007734 26.521276
v -2.144660 28.007734 26.518044
v -2.154604 28.007734 26.521276
v -2.160748 28.007734 26.529732
v -2.160748 28.007734 26.540188
v -2.154604 28.007734 26.548643
v -2.144660 27.919590 26.600977
v -2.122080 27.919590 26.596996
v -2.102224 27.919590 26.585531
v -2.087488 27.919590 26.567968
v -2.079648 27.919590 26.546425
v -2.079648 27.919590 26.523497
v -2.087488 27.919590 26.501951
v -2.102224 27.919590 26.484388
v -2.122080 27.919590 26.472923
v -2.144660 27.919590 26.468945
v -2.167240 27.919590 26.472923
v -2.187096 27.919590 26.484388
v -2.201832 27.919590 26.501951
v -2.209676 27.919590 26.523497
v -2.209676 27.919590 26.546425
v -2.201832 27.919590 26.567968
v -2.187096 27.919590 26.585531
v -2.167240 27.919590 26.596996
v -2.144660 27.935562 26.600977
v -2.122080 27.935562 26.596996
v -2.102224 27.935562 26.585531
v -2.087488 27.935562 26.567968
v -2.079648 27.935562 26.546425
v -2.079648 27.935562 26.523497
v -2.087488 27.935562 26.501951
v -2.102224 27.935562 26.484388
v -2.122080 27.935562 26.472923
v -2.144660 27.935562 26.468945
v -2.167240 27.935562 26.472923
v -2.187096 27.935562 26.484388
v -2.201832 27.935562 26.501951
v -2.209676 27.935562 26.523497
v -2.209676 27.935562 26.546425
v -2.201832 27.935562 26.567968
v -2.187096 27.935562 26.585531
v -2.167240 27.935562 26.596996
v -2.144660 27.936426 26.578472
v -2.103276 27.936426 26.548409
v -2.119084 27.936426 26.499756
v -2.170236 27.936426 26.499756
v -2.186044 27.936426 26.548409
v -2.144660 27.972855 26.578472
v -2.103276 27.972855 26.548409
v -2.119084 27.972855 26.499756
v -2.170236 27.972855 26.499756
v -2.186044 27.972855 26.548409
v -0.901984 27.971306 26.788908
v -0.892044 27.971306 26.785681
v -0.885896 27.971306 26.777220
v -0.885896 27.971306 26.766764
v -0.892044 27.971306 26.758308
v -0.901984 27.971306 26.755075
v -0.911928 27.971306 26.758308
v -0.918076 27.971306 26.766764
v -0.918076 27.971306 26.777220
v -0.911928 27.971306 26.785681
v -0.901984 28.007734 26.788908
v -0.892044 28.007734 26.785681
v -0.885896 28.007734 26.777220
v -0.885896 28.007734 26.766764
v -0.892044 28.007734 26.758308
v -0.901984 28.007734 26.755075
v -0.911928 28.007734 26.758308
v -0.918076 28.007734 26.766764
v -0.918076 28.007734 26.777220
v -0.911928 28.007734 26.785681
v -0.901984 27.919590 26.838013
v -0.879408 27.919590 26.834028
v -0.859552 27.919590 26.822563
v -0.844812 27.919590 26.805000
v -0.836972 27.919590 26.783457
v -0.836972 27.919590 26.760529
v -0.844812 27.919590 26.738983
v -0.859552 27.919590 26.721420
v -0.879408 27.919590 26.709955
v -0.901984 27.919590 26.705976
v -0.924564 27.919590 26.709955
v -0.944420 27.919590 26.721420
v -0.959160 27.919590 26.738983
v -0.967000 27.919590 26.760529
v -0.967000 27.919590 26.783457
v -0.959160 27.919590 26.805000
v -0.944420 27.919590 26.822563
v -0.924564 27.919590 26.834028
v -0.901984 27.935562 26.838013
v -0.879408 27.935562 26.834028
v -0.859552 27.935562 26.822563
v -0.844812 27.935562 26.805000
v -0.836972 27.935562 26.783457
v -0.836972 27.935562 26.760529
v -0.844812 27.935562 26.738983
v -0.859552 27.935562 26.721420
v -0.879408 27.935562 26.709955
v -0.901984 27.935562 26.705976
v -0.924564 27.935562 26.709955
v -0.944420 27.935562 26.721420
v -0.959160 27.935562 26.738983
v -0.967000 27.935562 26.760529
v -0.967000 27.935562 26.783457
v -0.959160 27.935562 26.805000
v -0.944420 27.935562 26.822563
v -0.924564 27.935562 26.834028
v -0.901984 27.936426 26.815504
v -0.860604 27.936426 26.785440
v -0.876408 27.936426 26.736788
v -0.927564 27.936426 26.736788
v -0.943368 27.936426 26.785440
v -0.901984 27.972858 26.815504
v -0.860604 27.972858 26.785440
v -0.876408 27.972858 26.736788
v -0.927564 27.972858 26.736788
v -0.943368 27.972858 26.785440
v -0.901984 27.971306 26.551876
v -0.892044 27.971306 26.548643
v -0.885896 27.971306 26.540188
v -0.885896 27.971306 26.529732
v -0.892044 27.971306 26.521276
v -0.901984 27.971306 26.518044
v -0.911928 27.971306 26.521276
v -0.918076 27.971306 26.529732
v -0.918076 27.971306 26.540188
v -0.911928 27.971306 26.548643
v -0.901984 28.007734 26.551876
v -0.892044 28.007734 26.548643
v -0.885896 28.007734 26.540188
v -0.885896 28.007734 26.529732
v -0.892044 28.007734 26.521276
v -0.901984 28.007734 26.518044
v -0.911928 28.007734 26.521276
v -0.918076 28.007734 26.529732
v -0.918076 28.007734 26.540188
v -0.911928 28.007734 26.548643
v -0.901984 27.919590 26.600977
v -0.879408 27.919590 26.596996
v -0.859552 27.919590 26.585531
v -0.844812 27.919590 26.567968
v -0.836972 27.919590 26.546425
v -0.836972 27.919590 26.523497
v -0.844812 27.919590 26.501951
v -0.859552 27.919590 26.484388
v -0.879408 27.919590 26.472923
v -0.901984 27.919590 26.468945
v -0.924564 27.919590 26.472923
v -0.944420 27.919590 26.484388
v -0.959160 27.919590 26.501951
v -0.967000 27.919590 26.523497
v -0.967000 27.919590 26.546425
v -0.959160 27.919590 26.567968
v -0.944420 27.919590 26.585531
v -0.924564 27.919590 26.596996
v -0.901984 27.935562 26.600977
v -0.879408 27.935562 26.596996
v -0.859552 27.935562 26.585531
v -0.844812 27.935562 26.567968
v -0.836972 27.935562 26.546425
v -0.836972 27.935562 26.523497
v -0.844812 27.935562 26.501951
v -0.859552 27.935562 26.484388
v -0.879408 27.935562 26.472923
v -0.901984 27.935562 26.468945
v -0.924564 27.935562 26.472923
v -0.944420 27.935562 26.484388
v -0.959160 27.935562 26.501951
v -0.967000 27.935562 26.523497
v -0.967000 27.935562 26.546425
v -0.959160 27.935562 26.567968
v -0.944420 27.935562 26.585531
v -0.924564 27.935562 26.596996
v -0.901984 27.936426 26.578472
v -0.860604 27.936426 26.548409
v -0.876408 27.936426 26.499756
v -0.927564 27.936426 26.499756
v -0.943368 27.936426 26.548409
v -0.901984 27.972858 26.578472
v -0.860604 27.972858 26.548409
v -0.876408 27.972858 26.499756
v -0.927564 27.972858 26.499756
v -0.943368 27.972858 26.548409
v -0.641960 27.922915 26.893995
v -0.641960 27.843506 26.893995
v -0.641960 27.843506 26.409391
v -0.641960 27.922915 26.409391
v -1.092404 27.925041 26.893995
v -1.100180 27.845974 26.893995
v -1.100180 27.845974 26.409391
v -1.092404 27.925041 26.409391
v -1.111748 27.927593 26.893995
v -1.126244 27.849415 26.893995
v -1.126244 27.849415 26.409391
v -1.111748 27.927593 26.409391
v -1.128648 27.931650 26.893995
v -1.152788 27.855782 26.893995
v -1.152788 27.855782 26.409391
v -1.128648 27.931650 26.409391
v -1.143008 27.937397 26.893995
v -1.179260 27.866375 26.893995
v -1.179260 27.866375 26.409391
v -1.143008 27.937397 26.409391
v -1.155244 27.945122 26.893995
v -1.204592 27.882370 26.893995
v -1.204592 27.882370 26.409391
v -1.155244 27.945122 26.409391
v -1.166556 27.956081 26.893995
v -1.226924 27.904007 26.893995
v -1.226924 27.904007 26.409391
v -1.166556 27.956081 26.409391
v -1.175676 27.968794 26.893995
v -1.243944 27.927734 26.893995
v -1.243944 27.927738 26.409391
v -1.175676 27.968794 26.409391
v -1.181816 27.981167 26.893995
v -1.255776 27.951571 26.893995
v -1.255776 27.951571 26.409391
v -1.181816 27.981167 26.409391
v -1.185616 27.993422 26.893995
v -1.263140 27.975327 26.893995
v -1.263140 27.975327 26.409391
v -1.185616 27.993422 26.409391
v -1.187676 28.006342 26.893995
v -1.266796 27.998259 26.893995
v -1.266796 27.998259 26.409391
v -1.187676 28.006342 26.409391
v -1.188320 28.020462 26.893995
v -1.267780 28.019871 26.893995
v -1.267780 28.019871 26.409391
v -1.188320 28.020462 26.409391
v -1.186576 28.054398 26.893995
v -1.265976 28.057198 26.893995
v -1.265976 28.057198 26.409391
v -1.186576 28.054398 26.409391
v -1.186540 28.073643 26.893995
v -1.265952 28.072117 26.893995
v -1.265952 28.072117 26.409391
v -1.186540 28.073643 26.409391
v -1.187320 28.093086 26.893995
v -1.266528 28.086525 26.893995
v -1.266528 28.086525 26.409391
v -1.187320 28.093086 26.409391
v -1.189948 28.113945 26.893995
v -1.268084 28.098898 26.893995
v -1.268088 28.098898 26.409391
v -1.189948 28.113945 26.409391
v -1.195668 28.135878 26.893995
v -1.270792 28.109262 26.893995
v -1.270792 28.109266 26.409391
v -1.195668 28.135878 26.409391
v -1.205728 28.158058 26.893995
v -1.274816 28.118145 26.893995
v -1.274816 28.118145 26.409391
v -1.205728 28.158058 26.409391
v -1.220884 28.179197 26.893995
v -1.280820 28.126514 26.893995
v -1.280820 28.126514 26.409391
v -1.220884 28.179197 26.409391
v -1.240800 28.197777 26.893995
v -1.290544 28.135586 26.893995
v -1.290544 28.135586 26.409391
v -1.240800 28.197777 26.409391
v -1.263616 28.213337 26.893995
v -1.304000 28.144766 26.893995
v -1.304000 28.144766 26.409391
v -1.263616 28.213337 26.409391
v -1.285728 28.224453 26.893995
v -1.316456 28.151026 26.893995
v -1.316456 28.151026 26.409391
v -1.285728 28.224453 26.409391
v -1.307396 28.231802 26.893995
v -1.327932 28.154919 26.893995
v -1.327932 28.154919 26.409391
v -1.307396 28.231802 26.409391
v -1.328124 28.235897 26.893995
v -1.339216 28.157146 26.893995
v -1.339216 28.157146 26.409391
v -1.328124 28.235897 26.409391
v -2.388780 27.922915 26.893995
v -2.388780 27.843506 26.893995
v -2.388780 27.843506 26.409391
v -2.388780 27.922915 26.409391
v -1.938336 27.925041 26.893995
v -1.930560 27.845974 26.893995
v -1.930560 27.845974 26.409391
v -1.938336 27.925041 26.409391
v -1.918992 27.927593 26.893995
v -1.904496 27.849415 26.893995
v -1.904496 27.849415 26.409391
v -1.918992 27.927593 26.409391
v -1.902092 27.931650 26.893995
v -1.877952 27.855782 26.893995
v -1.877952 27.855782 26.409391
v -1.902092 27.931650 26.409391
v -1.887732 27.937397 26.893995
v -1.851480 27.866375 26.893995
v -1.851480 27.866375 26.409391
v -1.887732 27.937397 26.409391
v -1.875496 27.945122 26.893995
v -1.826148 27.882370 26.893995
v -1.826148 27.882370 26.409391
v -1.875496 27.945122 26.409391
v -1.864184 27.956081 26.893995
v -1.803816 27.904007 26.893995
v -1.803816 27.904007 26.409391
v -1.864184 27.956081 26.409391
v -1.855064 27.968794 26.893995
v -1.786792 27.927734 26.893995
v -1.786792 27.927734 26.409391
v -1.855064 27.968794 26.409391
v -1.848924 27.981167 26.893995
v -1.774964 27.951571 26.893995
v -1.774964 27.951571 26.409391
v -1.848924 27.981167 26.409391
v -1.845124 27.993422 26.893995
v -1.767600 27.975327 26.893995
v -1.767600 27.975327 26.409391
v -1.845124 27.993422 26.409391
v -1.843064 28.006342 26.893995
v -1.763944 27.998259 26.893995
v -1.763944 27.998259 26.409391
v -1.843064 28.006342 26.409391
v -1.842420 28.020462 26.893995
v -1.762960 28.019871 26.893995
v -1.762960 28.019871 26.409391
v -1.842420 28.020462 26.409391
v -1.763576 28.039967 26.893995
v -1.763576 28.039967 26.409391
v -1.844164 28.054398 26.893995
v -1.764764 28.057198 26.893995
v -1.764764 28.057198 26.409391
v -1.844164 28.054398 26.409391
v -1.764788 28.072117 26.893995
v -1.764788 28.072117 26.409391
v -1.843420 28.093086 26.893995
v -1.764212 28.086521 26.893995
v -1.764212 28.086525 26.409391
v -1.843420 28.093086 26.409391
v -1.840792 28.113945 26.893995
v -1.762652 28.098898 26.893995
v -1.762652 28.098898 26.409391
v -1.840792 28.113945 26.409391
v -1.835068 28.135878 26.893995
v -1.759948 28.109262 26.893995
v -1.759948 28.109262 26.409391
v -1.835068 28.135878 26.409391
v -1.825012 28.158058 26.893995
v -1.755920 28.118145 26.893995
v -1.755920 28.118145 26.409391
v -1.825012 28.158058 26.409391
v -1.809856 28.179197 26.893995
v -1.749920 28.126514 26.893995
v -1.749920 28.126514 26.409391
v -1.809856 28.179197 26.409391
v -1.789940 28.197777 26.893995
v -1.740196 28.135586 26.893995
v -1.740196 28.135586 26.409391
v -1.789940 28.197777 26.409391
v -1.767124 28.213337 26.893995
v -1.726740 28.144766 26.893995
v -1.726740 28.144766 26.409391
v -1.767124 28.213337 26.409391
v -1.745012 28.224453 26.893995
v -1.714284 28.151026 26.893995
v -1.714284 28.151026 26.409391
v -1.745012 28.224453 26.409391
v -1.723340 28.231802 26.893995
v -1.702808 28.154919 26.893995
v -1.702808 28.154919 26.409391
v -1.723340 28.231802 26.409391
v -1.702612 28.235897 26.893995
v -1.691524 28.157146 26.893995
v -1.691524 28.157146 26.409391
v -1.702612 28.235897 26.409391
v -1.683292 28.237537 26.893995
v -1.679688 28.158150 26.893995
v -1.679688 28.158150 26.409391
v -1.683292 28.237537 26.409391
v -2.144660 27.971306 31.242624
v -2.134716 27.971306 31.239391
v -2.128572 27.971306 31.230936
v -2.128572 27.971306 31.220480
v -2.134716 27.971306 31.212025
v -2.144660 27.971306 31.208792
v -2.154604 27.971306 31.212025
v -2.160748 27.971306 31.220480
v -2.160748 27.971306 31.230936
v -2.154604 27.971306 31.239391
v -2.144660 28.007734 31.242624
v -2.134716 28.007734 31.239391
v -2.128572 28.007734 31.230936
v -2.128572 28.007734 31.220480
v -2.134716 28.007734 31.212025
v -2.144660 28.007734 31.208792
v -2.154604 28.007734 31.212025
v -2.160748 28.007734 31.220480
v -2.160748 28.007734 31.230936
v -2.154604 28.007734 31.239391
v -2.144660 27.919590 31.291723
v -2.122080 27.919590 31.287745
v -2.102224 27.919590 31.276279
v -2.087488 27.919590 31.258717
v -2.079648 27.919590 31.237171
v -2.079648 27.919590 31.214245
v -2.087488 27.919590 31.192699
v -2.102224 27.919590 31.175137
v -2.122080 27.919590 31.163671
v -2.144660 27.919590 31.159693
v -2.167240 27.919590 31.163671
v -2.187096 27.919590 31.175137
v -2.201832 27.919590 31.192699
v -2.209676 27.919590 31.214245
v -2.209676 27.919590 31.237171
v -2.201832 27.919590 31.258717
v -2.187096 27.919590 31.276279
v -2.167240 27.919590 31.287745
v -2.144660 27.935562 31.291723
v -2.122080 27.935562 31.287745
v -2.102224 27.935562 31.276279
v -2.087488 27.935562 31.258717
v -2.079648 27.935562 31.237171
v -2.079648 27.935562 31.214245
v -2.087488 27.935562 31.192699
v -2.102224 27.935562 31.175137
v -2.122080 27.935562 31.163671
v -2.144660 27.935562 31.159693
v -2.167240 27.935562 31.163671
v -2.187096 27.935562 31.175137
v -2.201832 27.935562 31.192699
v -2.209676 27.935562 31.214245
v -2.209676 27.935562 31.237171
v -2.201832 27.935562 31.258717
v -2.187096 27.935562 31.276279
v -2.167240 27.935562 31.287745
v -2.144660 27.936426 31.269220
v -2.103276 27.936426 31.239157
v -2.119084 27.936426 31.190504
v -2.170236 27.936426 31.190504
v -2.186044 27.936426 31.239157
v -2.144660 27.972855 31.269220
v -2.103276 27.972855 31.239157
v -2.119084 27.972855 31.190504
v -2.170236 27.972855 31.190504
v -2.186044 27.972855 31.239157
v -2.144660 27.971306 31.005592
v -2.134716 27.971306 31.002359
v -2.128572 27.971306 30.993904
v -2.128572 27.971306 30.983448
v -2.134716 27.971306 30.974993
v -2.144660 27.971306 30.971760
v -2.154604 27.971306 30.974993
v -2.160748 27.971306 30.983448
v -2.160748 27.971306 30.993904
v -2.154604 27.971306 31.002359
v -2.144660 28.007734 31.005592
v -2.134716 28.007734 31.002359
v -2.128572 28.007734 30.993904
v -2.128572 28.007734 30.983448
v -2.134716 28.007734 30.974993
v -2.144660 28.007734 30.971760
v -2.154604 28.007734 30.974993
v -2.160748 28.007734 30.983448
v -2.160748 28.007734 30.993904
v -2.154604 28.007734 31.002359
v -2.144660 27.919590 31.054691
v -2.122080 27.919590 31.050713
v -2.102224 27.919590 31.039248
v -2.087488 27.919590 31.021685
v -2.079648 27.919590 31.000139
v -2.079648 27.919590 30.977213
v -2.087488 27.919590 30.955667
v -2.102224 27.919590 30.938105
v -2.122080 27.919590 30.926640
v -2.144660 27.919590 30.922655
v -2.167240 27.919590 30.926640
v -2.187096 27.919590 30.938105
v -2.201832 27.919590 30.955667
v -2.209676 27.919590 30.977213
v -2.209676 27.919590 31.000139
v -2.201832 27.919590 31.021685
v -2.187096 27.919590 31.039248
v -2.167240 27.919590 31.050713
v -2.144660 27.935562 31.054691
v -2.122080 27.935562 31.050713
v -2.102224 27.935562 31.039248
v -2.087488 27.935562 31.021685
v -2.079648 27.935562 31.000139
v -2.079648 27.935562 30.977213
v -2.087488 27.935562 30.955667
v -2.102224 27.935562 30.938105
v -2.122080 27.935562 30.926640
v -2.144660 27.935562 30.922655
v -2.167240 27.935562 30.926640
v -2.187096 27.935562 30.938105
v -2.201832 27.935562 30.955667
v -2.209676 27.935562 30.977213
v -2.209676 27.935562 31.000139
v -2.201832 27.935562 31.021685
v -2.187096 27.935562 31.039248
v -2.167240 27.935562 31.050713
v -2.144660 27.936426 31.032188
v -2.103276 27.936426 31.002119
v -2.119084 27.936426 30.953472
v -2.170236 27.936426 30.953472
v -2.186044 27.936426 31.002119
v -2.144660 27.972855 31.032188
v -2.103276 27.972855 31.002119
v -2.119084 27.972855 30.953472
v -2.170236 27.972855 30.953472
v -2.186044 27.972855 31.002119
v -0.901984 27.971306 31.242624
v -0.892044 27.971306 31.239391
v -0.885896 27.971306 31.230936
v -0.885896 27.971306 31.220480
v -0.892044 27.971306 31.212025
v -0.901984 27.971306 31.208792
v -0.911928 27.971306 31.212025
v -0.918076 27.971306 31.220480
v -0.918076 27.971306 31.230936
v -0.911928 27.971306 31.239391
v -0.901984 28.007734 31.242624
v -0.892044 28.007734 31.239391
v -0.885896 28.007734 31.230936
v -0.885896 28.007734 31.220480
v -0.892044 28.007734 31.212025
v -0.901984 28.007734 31.208792
v -0.911928 28.007734 31.212025
v -0.918076 28.007734 31.220480
v -0.918076 28.007734 31.230936
v -0.911928 28.007734 31.239391
v -0.901984 27.919590 31.291723
v -0.879408 27.919590 31.287745
v -0.859552 27.919590 31.276279
v -0.844812 27.919590 31.258717
v -0.836972 27.919590 31.237171
v -0.836972 27.919590 31.214245
v -0.844812 27.919590 31.192699
v -0.859552 27.919590 31.175137
v -0.879408 27.919590 31.163671
v -0.901984 27.919590 31.159693
v -0.924564 27.919590 31.163671
v -0.944420 27.919590 31.175137
v -0.959160 27.919590 31.192699
v -0.967000 27.919590 31.214245
v -0.967000 27.919590 31.237171
v -0.959160 27.919590 31.258717
v -0.944420 27.919590 31.276279
v -0.924564 27.919590 31.287745
v -0.901984 27.935562 31.291723
v -0.879408 27.935562 31.287745
v -0.859552 27.935562 31.276279
v -0.844812 27.935562 31.258717
v -0.836972 27.935562 31.237171
v -0.836972 27.935562 31.214245
v -0.844812 27.935562 31.192699
v -0.859552 27.935562 31.175137
v -0.879408 27.935562 31.163671
v -0.901984 27.935562 31.159693
v -0.924564 27.935562 31.163671
v -0.944420 27.935562 31.175137
v -0.959160 27.935562 31.192699
v -0.967000 27.935562 31.214245
v -0.967000 27.935562 31.237171
v -0.959160 27.935562 31.258717
v -0.944420 27.935562 31.276279
v -0.924564 27.935562 31.287745
v -0.901984 27.936426 31.269220
v -0.860604 27.936426 31.239157
v -0.876408 27.936426 31.190504
v -0.927564 27.936426 31.190504
v -0.943368 27.936426 31.239157
v -0.901984 27.972855 31.269220
v -0.860604 27.972855 31.239157
v -0.876408 27.972855 31.190504
v -0.927564 27.972855 31.190504
v -0.943368 27.972855 31.239157
v -0.901984 27.971306 31.005592
v -0.892044 27.971306 31.002359
v -0.885896 27.971306 30.993904
v -0.885896 27.971306 30.983448
v -0.892044 27.971306 30.974993
v -0.901984 27.971306 30.971760
v -0.911928 27.971306 30.974993
v -0.918076 27.971306 30.983448
v -0.918076 27.971306 30.993904
v -0.911928 27.971306 31.002359
v -0.901984 28.007734 31.005592
v -0.892044 28.007734 31.002359
v -0.885896 28.007734 30.993904
v -0.885896 28.007734 30.983448
v -0.892044 28.007734 30.974993
v -0.901984 28.007734 30.971760
v -0.911928 28.007734 30.974993
v -0.918076 28.007734 30.983448
v -0.918076 28.007734 30.993904
v -0.911928 28.007734 31.002359
v -0.901984 27.919590 31.054691
v -0.879408 27.919590 31.050713
v -0.859552 27.919590 31.039248
v -0.844812 27.919590 31.021685
v -0.836972 27.919590 31.000139
v -0.836972 27.919590 30.977213
v -0.844812 27.919590 30.955667
v -0.859552 27.919590 30.938105
v -0.879408 27.919590 30.926640
v -0.901984 27.919590 30.922655
v -0.924564 27.919590 30.926640
v -0.944420 27.919590 30.938105
v -0.959160 27.919590 30.955667
v -0.967000 27.919590 30.977213
v -0.967000 27.919590 31.000139
v -0.959160 27.919590 31.021685
v -0.944420 27.919590 31.039248
v -0.924564 27.919590 31.050713
v -0.901984 27.935562 31.054691
v -0.879408 27.935562 31.050713
v -0.859552 27.935562 31.039248
v -0.844812 27.935562 31.021685
v -0.836972 27.935562 31.000139
v -0.836972 27.935562 30.977213
v -0.844812 27.935562 30.955667
v -0.859552 27.935562 30.938105
v -0.879408 27.935562 30.926640
v -0.901984 27.935562 30.922655
v -0.924564 27.935562 30.926640
v -0.944420 27.935562 30.938105
v -0.959160 27.935562 30.955667
v -0.967000 27.935562 30.977213
v -0.967000 27.935562 31.000139
v -0.959160 27.935562 31.021685
v -0.944420 27.935562 31.039248
v -0.924564 27.935562 31.050713
v -0.901984 27.936426 31.032188
v -0.860604 27.936426 31.002119
v -0.876408 27.936426 30.953472
v -0.927564 27.936426 30.953472
v -0.943368 27.936426 31.002119
v -0.901984 27.972855 31.032188
v -0.860604 27.972855 31.002119
v -0.876408 27.972855 30.953472
v -0.927564 27.972855 30.953472
v -0.943368 27.972855 31.002119
v -0.641960 27.922915 31.347712
v -0.641960 27.843506 31.347712
v -0.641960 27.843506 30.863104
v -0.641960 27.922915 30.863104
v -1.092404 27.925041 31.347712
v -1.100180 27.845974 31.347712
v -1.100180 27.845974 30.863104
v -1.092404 27.925041 30.863104
v -1.111748 27.927593 31.347712
v -1.126244 27.849415 31.347712
v -1.126244 27.849415 30.863104
v -1.111748 27.927593 30.863104
v -1.128648 27.931650 31.347712
v -1.152788 27.855782 31.347712
v -1.152788 27.855782 30.863104
v -1.128648 27.931650 30.863104
v -1.143008 27.937395 31.347712
v -1.179260 27.866375 31.347712
v -1.179260 27.866375 30.863104
v -1.143008 27.937399 30.863104
v -1.155244 27.945122 31.347712
v -1.204592 27.882370 31.347712
v -1.204592 27.882370 30.863104
v -1.155244 27.945122 30.863104
v -1.166556 27.956078 31.347712
v -1.226924 27.904007 31.347712
v -1.226924 27.904007 30.863104
v -1.166556 27.956078 30.863104
v -1.175676 27.968794 31.347712
v -1.243944 27.927734 31.347712
v -1.243944 27.927734 30.863104
v -1.175676 27.968794 30.863104
v -1.181816 27.981167 31.347712
v -1.255776 27.951571 31.347712
v -1.255776 27.951571 30.863104
v -1.181816 27.981167 30.863104
v -1.185616 27.993423 31.347712
v -1.263140 27.975327 31.347712
v -1.263140 27.975327 30.863104
v -1.185616 27.993423 30.863104
v -1.187676 28.006342 31.347712
v -1.266796 27.998255 31.347712
v -1.266796 27.998259 30.863104
v -1.187676 28.006342 30.863104
v -1.188320 28.020462 31.347712
v -1.267780 28.019867 31.347712
v -1.267780 28.019871 30.863104
v -1.188320 28.020462 30.863104
v -1.267164 28.039967 31.347712
v -1.267164 28.039967 30.863104
v -1.186576 28.054398 31.347712
v -1.265976 28.057198 31.347712
v -1.265976 28.057198 30.863104
v -1.186576 28.054398 30.863104
v -1.186540 28.073639 31.347712
v -1.265952 28.072119 31.347712
v -1.265952 28.072119 30.863104
v -1.186540 28.073639 30.863104
v -1.187320 28.093086 31.347712
v -1.266528 28.086523 31.347712
v -1.266528 28.086523 30.863104
v -1.187320 28.093086 30.863104
v -1.189948 28.113941 31.347712
v -1.268084 28.098894 31.347712
v -1.268088 28.098894 30.863104
v -1.189948 28.113941 30.863104
v -1.195668 28.135880 31.347712
v -1.270792 28.109262 31.347712
v -1.270792 28.109262 30.863104
v -1.195668 28.135880 30.863104
v -1.205728 28.158058 31.347712
v -1.274816 28.118143 31.347712
v -1.274816 28.118143 30.863104
v -1.205728 28.158058 30.863104
v -1.220884 28.179199 31.347712
v -1.280820 28.126514 31.347712
v -1.280820 28.126514 30.863104
v -1.220884 28.179199 30.863104
v -1.240800 28.197775 31.347712
v -1.290544 28.135586 31.347712
v -1.290544 28.135586 30.863104
v -1.240800 28.197775 30.863104
v -1.263616 28.213339 31.347712
v -1.304000 28.144766 31.347712
v -1.304000 28.144766 30.863104
v -1.263616 28.213339 30.863104
v -1.285728 28.224455 31.347712
v -1.316456 28.151026 31.347712
v -1.316456 28.151026 30.863104
v -1.285728 28.224455 30.863104
v -1.307396 28.231802 31.347712
v -1.327932 28.154915 31.347712
v -1.327932 28.154915 30.863104
v -1.307396 28.231802 30.863104
v -1.328124 28.235899 31.347712
v -1.339216 28.157146 31.347712
v -1.339216 28.157146 30.863104
v -1.328124 28.235899 30.863104
v -2.388780 27.922911 31.347712
v -2.388780 27.843506 31.347712
v -2.388780 27.843506 30.863104
v -2.388780 27.922911 30.863104
v -1.938336 27.925041 31.347712
v -1.930560 27.845974 31.347712
v -1.930560 27.845974 30.863104
v -1.938336 27.925041 30.863104
v -1.918992 27.927593 31.347712
v -1.904496 27.849415 31.347712
v -1.904496 27.849415 30.863104
v -1.918992 27.927593 30.863104
v -1.902092 27.931650 31.347712
v -1.877952 27.855782 31.347712
v -1.877952 27.855782 30.863104
v -1.902092 27.931650 30.863104
v -1.887732 27.937395 31.347712
v -1.851480 27.866375 31.347712
v -1.851480 27.866375 30.863104
v -1.887732 27.937395 30.863104
v -1.875496 27.945122 31.347712
v -1.826148 27.882370 31.347712
v -1.826148 27.882370 30.863104
v -1.875496 27.945122 30.863104
v -1.864184 27.956078 31.347712
v -1.803816 27.904007 31.347712
v -1.803816 27.904007 30.863104
v -1.864184 27.956078 30.863104
v -1.855064 27.968794 31.347712
v -1.786792 27.927734 31.347712
v -1.786792 27.927734 30.863104
v -1.855064 27.968794 30.863104
v -1.848924 27.981167 31.347712
v -1.774964 27.951571 31.347712
v -1.774964 27.951571 30.863104
v -1.848924 27.981167 30.863104
v -1.845124 27.993423 31.347712
v -1.767600 27.975327 31.347712
v -1.767600 27.975327 30.863104
v -1.845124 27.993423 30.863104
v -1.843064 28.006342 31.347712
v -1.763944 27.998255 31.347712
v -1.763944 27.998255 30.863104
v -1.843064 28.006342 30.863104
v -1.842420 28.020462 31.347712
v -1.762960 28.019867 31.347712
v -1.762960 28.019867 30.863104
v -1.842420 28.020462 30.863104
v -1.763576 28.039967 31.347712
v -1.763576 28.039967 30.863104
v -1.844164 28.054398 31.347712
v -1.764764 28.057198 31.347712
v -1.764764 28.057198 30.863104
v -1.844164 28.054398 30.863104
v -1.844196 28.073639 31.347712
v -1.764788 28.072119 31.347712
v -1.764788 28.072119 30.863104
v -1.844196 28.073639 30.863104
v -1.843420 28.093086 31.347712
v -1.764212 28.086523 31.347712
v -1.764212 28.086523 30.863104
v -1.843420 28.093086 30.863104
v -1.840792 28.113941 31.347712
v -1.762652 28.098894 31.347712
v -1.762652 28.098894 30.863104
v -1.840792 28.113941 30.863104
v -1.835068 28.135880 31.347712
v -1.759948 28.109262 31.347712
v -1.759948 28.109262 30.863104
v -1.835068 28.135880 30.863104
v -1.825012 28.158058 31.347712
v -1.755920 28.118143 31.347712
v -1.755920 28.118143 30.863104
v -1.825012 28.158058 30.863104
v -1.809856 28.179195 31.347712
v -1.749920 28.126514 31.347712
v -1.749920 28.126514 30.863104
v -1.809856 28.179195 30.863104
v -1.789940 28.197775 31.347712
v -1.740196 28.135586 31.347712
v -1.740196 28.135586 30.863104
v -1.789940 28.197775 30.863104
v -1.767124 28.213339 31.347712
v -1.726740 28.144766 31.347712
v -1.726740 28.144766 30.863104
v -1.767124 28.213339 30.863104
v -1.745012 28.224455 31.347712
v -1.714284 28.151026 31.347712
v -1.714284 28.151026 30.863104
v -1.745012 28.224455 30.863104
v -1.723340 28.231802 31.347712
v -1.702808 28.154915 31.347712
v -1.702808 28.154915 30.863104
v -1.723340 28.231802 30.863104
v -1.702612 28.235899 31.347712
v -1.691524 28.157146 31.347712
v -1.691524 28.157146 30.863104
v -1.702612 28.235899 30.863104
v -1.683292 28.237534 31.347712
v -1.679688 28.158150 31.347712
v -1.679688 28.158150 30.863104
v -1.683292 28.237534 30.863104
v 2.583688 24.826603 29.434029
v 2.629812 24.826603 28.818516
v 2.446340 24.826603 30.035788
v 2.220836 24.826603 30.610359
v 1.912220 24.826603 31.144903
v 1.527376 24.826603 31.627480
v 1.074912 24.826603 32.047310
v 0.564924 24.826603 32.395008
v 0.008816 24.826603 32.662819
v -0.581000 24.826603 32.844749
v -1.191344 24.826603 32.936745
v -1.808580 24.826603 32.936745
v -2.418924 24.826599 32.844749
v -3.008740 24.826599 32.662819
v -3.564852 24.826599 32.395008
v -4.074836 24.826599 32.047310
v -4.527304 24.826599 31.627480
v -4.912144 24.826599 31.144903
v -5.220760 24.826599 30.610359
v -5.446264 24.826599 30.035791
v -5.583612 24.826599 29.434032
v -5.629740 24.826603 28.818520
v -5.583612 24.826603 28.203009
v -5.446264 24.826603 27.601248
v -5.220764 24.826603 27.026680
v -4.912148 24.826603 26.492136
v -4.527308 24.826603 26.009560
v -4.074840 24.826603 25.589731
v -3.564856 24.826603 25.242027
v -3.008744 24.826603 24.974220
v -2.418932 24.826603 24.792284
v -1.808588 24.826603 24.700289
v -1.191352 24.826603 24.700289
v -0.581008 24.826603 24.792284
v 0.008808 24.826603 24.974216
v 0.564920 24.826603 25.242020
v 1.074904 24.826603 25.589720
v 1.527372 24.826603 26.009552
v 1.912212 24.826603 26.492125
v 2.220832 24.826603 27.026665
v 2.446336 24.826603 27.601236
v 2.583688 24.826603 28.202995
v 1.374956 24.512806 29.251844
v 1.407428 24.512806 28.818516
v 1.278260 24.512806 29.675484
v 1.119504 24.512806 30.079988
v 0.902236 24.512806 30.456308
v 0.631304 24.512806 30.796043
v 0.312764 24.512806 31.091608
v -0.046268 24.512806 31.336391
v -0.437772 24.512802 31.524933
v -0.853008 24.512802 31.653011
v -1.282692 24.512802 31.717775
v -1.717232 24.512802 31.717775
v -2.146920 24.512802 31.653011
v -2.562152 24.512802 31.524933
v -2.953656 24.512802 31.336391
v -3.312692 24.512802 31.091608
v -3.631228 24.512802 30.796043
v -3.902160 24.512802 30.456308
v -4.119428 24.512802 30.079988
v -4.278184 24.512802 29.675488
v -4.374880 24.512802 29.251844
v -4.407352 24.512802 28.818516
v -4.374880 24.512802 28.385197
v -4.278184 24.512802 27.961552
v -4.119432 24.512802 27.557053
v -3.902164 24.512806 27.180729
v -3.631232 24.512806 26.840992
v -3.312692 24.512806 26.545431
v -2.953660 24.512806 26.300644
v -2.562156 24.512806 26.112108
v -2.146920 24.512806 25.984024
v -1.717236 24.512806 25.919260
v -1.282696 24.512806 25.919256
v -0.853012 24.512806 25.984020
v -0.437780 24.512806 26.112104
v -0.046272 24.512806 26.300640
v 0.312760 24.512806 26.545424
v 0.631300 24.512806 26.840984
v 0.902232 24.512806 27.180719
v 1.119504 24.512806 27.557039
v 1.278260 24.512806 27.961544
v 1.374952 24.512806 28.385183
s 1
usemtl itu_metal
f 3411 3410 3368 3369
f 4030 4031 3821 3988 3820
f 3997 3998 3788 3955 3787
f 4382 4386 4387 4383
f 3538 3537 3536 3535
f 4032 4033 3823 3990 3822
f 4006 4007 3797 3964 3796
f 3423 3422 3380 3381
f 3455 3454 3495 3496
f 3555 3556 3557 3558
f 3440 3439 3397 3398
f 3998 3999 3789 3956 3788
f 3619 3620 3621 3622
f 3468 3467 3508 3509
f 3406 3405 3363 3364
f 3635 3636 3637 3638
f 3461 3460 3501 3502
f 3445 3444 3402 3403
f 3446 3445 3403 3404
f 3683 3684 3685 3686
f 3416 3415 3373 3374
f 3405 3446 3404 3363
f 3571 3572 3573 3574
f 3407 3406 3364 3365
f 3439 3438 3396 3397
f 3459 3458 3499 3500
f 3458 3457 3498 3499
f 4026 4027 3817 3984 3816
f 3464 3463 3504 3505
f 3438 3437 3395 3396
f 3426 3425 3383 3384
f 3480 3479 3520 3521
f 3427 3426 3384 3385
f 4478 4479 4483 4482
f 3418 3417 3375 3376
f 3410 3409 3367 3368
f 4850 4854 4855 4851
f 3433 3432 3390 3391
f 3434 3433 3391 3392
f 3578 3577 3576 3575
f 3424 3423 3381 3382
f 3478 3477 3518 3519
f 3594 3593 3592 3591
f 3595 3596 3597 3598
f 3457 3456 3497 3498
f 3456 3455 3496 3497
f 3443 3442 3400 3401
f 3603 3604 3605 3606
f 3785 3952 3783 3993 3995
f 3783 3951 3784 3994 3993
f 3610 3609 3608 3607
f 4003 4004 3794 3961 3793
f 4004 4005 3795 3962 3794
f 3618 3617 3616 3615
f 3813 3980 3812 4022 4023
f 3441 3440 3398 3399
f 4020 4021 3811 3978 3810
f 4042 4046 4043 4039
f 3467 3466 3507 3508
f 3470 3469 3510 3511
f 3469 3468 3509 3510
f 3674 3673 3672 3671
f 3414 3413 3371 3372
f 3473 3472 3513 3514
f 3643 3644 3645 3646
f 3474 3473 3514 3515
f 3472 3471 3512 3513
f 3651 3652 3653 3654
f 3563 3564 3565 3566
f 3409 3408 3366 3367
f 4386 4390 4391 4387
f 3659 3660 3661 3662
f 3477 3476 3517 3518
f 3476 3475 3516 3517
f 3667 3668 3669 3670
f 3482 3481 3522 3523
f 3415 3414 3372 3373
f 3481 3480 3521 3522
f 3484 3483 3524 3525
f 3690 3689 3688 3687
f 3488 3487 3528 3529
f 3408 3407 3365 3366
f 3417 3416 3374 3375
f 3486 3485 3526 3527
f 3490 3489 3530 3448
f 3531 3532 3533 3534
f 3432 3431 3389 3390
f 3435 3434 3392 3393
f 3420 3419 3377 3378
f 3442 3441 3399 3400
f 4944 4945 4949 4948
f 3451 3450 3491 3492
f 3413 3412 3370 3371
f 3586 3585 3584 3583
f 3444 3443 3401 3402
f 3422 3421 3379 3380
f 3437 3436 3394 3395
f 3579 3580 3581 3582
f 3562 3561 3560 3559
f 3452 3451 3492 3493
f 3453 3452 3493 3494
f 3587 3588 3589 3590
f 3421 3420 3378 3379
f 3602 3601 3600 3599
f 3462 3461 3502 3503
f 3995 3996 3786 3953 3785
f 3787 3954 3786 3996 3997
f 3999 4000 3790 3957 3789
f 4001 4002 3792 3959 3791
f 4002 4003 3793 3960 3792
f 3460 3459 3500 3501
f 3463 3462 3503 3504
f 4005 4006 3796 3963 3795
f 4007 4008 3798 3965 3797
f 3799 3966 3798 4008 4009
f 4010 4011 3801 3968 3800
f 4009 4010 3800 3967 3799
f 4012 4013 3803 3970 3802
f 4011 4012 3802 3969 3801
f 4013 4014 3804 3971 3803
f 4014 4015 3805 3972 3804
f 4015 4016 3806 3973 3805
f 4016 4017 3807 3974 3806
f 4017 4018 3808 3975 3807
f 3466 3465 3506 3507
f 4018 4019 3809 3976 3808
f 4019 4020 3810 3977 3809
f 4021 4022 3812 3979 3811
f 3454 3453 3494 3495
f 3815 3982 3814 4024 4025
f 4023 4024 3814 3981 3813
f 3547 3548 3549 3550
f 4027 4028 3818 3985 3817
f 4025 4026 3816 3983 3815
f 4028 4029 3819 3986 3818
f 4029 4030 3820 3987 3819
f 3611 3612 3613 3614
f 4031 4032 3822 3989 3821
f 3824 3991 3823 4033 4034
f 3465 3464 3505 3506
f 3626 3625 3624 3623
f 3570 3569 3568 3567
f 3627 3628 3629 3630
f 3634 3633 3632 3631
f 3642 3641 3640 3639
f 3475 3474 3515 3516
f 3471 3470 3511 3512
f 3650 3649 3648 3647
f 3658 3657 3656 3655
f 3449 3490 3448 3447
f 3425 3424 3382 3383
f 3666 3665 3664 3663
f 3682 3681 3680 3679
f 4475 4479 4478 4474
f 3675 3676 3677 3678
f 4390 4394 4395 4391
f 3483 3482 3523 3524
f 4937 4941 4940 4936
f 3412 3411 3369 3370
f 3429 3428 3386 3387
f 3485 3484 3525 3526
f 3487 3486 3527 3528
f 3698 3697 3696 3695
f 3430 3429 3387 3388
f 4838 4842 4843 4839
f 4482 4483 4487 4486
f 3489 3488 3529 3530
f 3363 3404 3403 3402 3401 3400 3399 3398 3397 3396 3395 3394 3393 3392 3391 3390 3389 3388 3387 3386 3385 3384 3383 3382 3381 3380 3379 3378 3377 3376 3375 3374 3373 3372 3371 3370 3369 3368 3367 3366 3365 3364
f 3436 3435 3393 3394
f 3431 3430 3388 3389
f 4486 4487 4491 4490
f 3691 3692 3693 3694
f 3539 3540 3541 3542
f 3479 3478 3519 3520
f 4038 4042 4039 4035
f 3546 3545 3544 3543
f 3554 3553 3552 3551
f 4842 4846 4847 4843
f 4846 4850 4851 4847
f 3419 3418 3376 3377
f 4948 4949 4953 4952
f 4378 4382 4383 4379
f 4940 4941 4945 4944
f 3450 3449 3447 3491
f 3428 3427 3385 3386
f 3784 3992 3824 4034 3994
f 3791 3958 3790 4000 4001
f 3422 3423 3424 3425 3426 3427 3428 3429 3430 3431 3432 3433 3434 3435 3436 3437 3438 3439 3440 3441 3442 3443 3444 3445 3446 3405 3406 3407 3408 3409 3410 3411 3412 3413 3414 3415 3416 3417 3418 3419 3420 3421
f 4408 4412 4409 4405
f 4906 4910 4907 4903
f 4928 4932 4933 4929
f 4926 4930 4927 4923
f 4989 4993 4996 4992 4988 4982 4978 4975 4979 4985
f 4454 4458 4459 4455
f 4526 4532 4536 4540 4544 4548 4552 4556 4560 4564 4568 4572 4472 4468 4464 4460 4456 4452 4448 4444 4440 4436 4432 4428 4424 4420 4416 4412 4408 4404 4400 4396 4392 4388 4384 4380 4379 4383 4387 4391 4395 4399 4403 4407 4411 4415 4419 4423 4427 4431 4435 4439 4443 4447 4451 4455 4459 4463 4467 4471 4571 4567 4563 4559 4555 4551 4547 4543 4539 4535 4531 4528 4525 4522 4519 4515 4511 4507 4503 4499 4495 4491 4487 4483 4479 4475 4476 4480 4484 4488 4492 4496 4500 4504 4508 4512 4516 4520
f 4470 4570 4571 4471
f 4954 4951 4955 4958
f 4081 4082 4079 4080
f 4502 4503 4507 4506
f 4442 4446 4447 4443
f 4092 4090 4089 4091
f 5018 5019 5023 5022
f 4852 4856 4853 4849
f 4920 4924 4925 4921
f 5022 5023 5027 5026
f 4910 4914 4911 4907
f 5032 5029 5033 5036
f 4084 4081 4080 4083
f 4104 4102 4101 4103
f 4412 4416 4413 4409
f 4074 4078 4075 4071
f 4384 4388 4385 4381
f 4970 4967 4971 4974
f 4896 4900 4901 4897
f 4837 4838 4839 4840
f 4972 4973 4977 4976
f 4056 4060 4061 4057
f 4058 4062 4059 4055
f 4052 4056 4057 4053
f 4068 4072 4073 4069
f 4066 4070 4067 4063
f 4110 4108 4107 4109
f 4550 4551 4555 4554
f 4888 4892 4896 4897 4893 4889 4886 4883 4879 4878 4882 4885
f 4540 4537 4541 4544
f 4508 4505 4509 4512
f 4504 4501 4505 4508
f 4512 4509 4513 4516
f 4562 4563 4567 4566
f 4460 4464 4461 4457
f 4472 4572 4569 4469
f 4558 4559 4563 4562
f 4506 4507 4511 4510
f 4860 4864 4861 4857
f 4082 4112 4111 4079
f 4858 4862 4863 4859
f 4528 4531 4530 4527 4524 4521 4518 4514 4515 4519 4522 4525
f 4902 4906 4903 4899
f 4904 4908 4909 4905
f 4942 4939 4943 4946
f 4998 4999 5003 5002
f 5000 4997 5001 5004
f 5006 5010 5014 5018 5022 5026 5030 5034 4932 4928 4924 4920 4916 4912 4908 4904 4900 4896 4892 4888 4885 4882 4878 4874 4870 4866 4862 4858 4854 4850 4846 4842 4838 4837 4841 4845 4849 4853 4857 4861 4865 4869 4873 4877 4881 4887 4891 4895 4899 4903 4907 4911 4915 4919 4923 4927 4931 5033 5029 5025 5021 5017 5013 5009 5005 5001 4997 4993 4989 4985 4979 4975 4971 4967 4963 4959 4955 4951 4947 4943 4939 4935 4936 4940 4944 4948 4952 4956 4960 4964 4968 4972 4976 4980 4983 4986 4990 4994 4998 5002
f 4546 4547 4551 4550
f 4062 4066 4063 4059
f 4046 4050 4047 4043
f 4036 4040 4041 4037
f 4048 4052 4053 4049
f 4064 4068 4069 4065
f 4086 4084 4083 4085
f 4100 4098 4097 4099
f 4088 4086 4085 4087
f 4098 4096 4095 4097
f 4106 4104 4103 4105
f 4102 4100 4099 4101
f 4110 4112 4082 4081 4084 4086 4088 4090 4092 4094 4096 4098 4100 4102 4104 4106 4108
f 4072 4076 4077 4073
f 4388 4392 4389 4385
f 4410 4414 4415 4411
f 4436 4440 4437 4433
f 4446 4450 4451 4447
f 4464 4468 4465 4461
f 4456 4460 4457 4453
f 4468 4472 4469 4465
f 4414 4418 4419 4415
f 4536 4533 4537 4540
f 4480 4477 4481 4484
f 4488 4485 4489 4492
f 4496 4493 4497 4500
f 4532 4529 4533 4536
f 4542 4543 4547 4546
f 4484 4481 4485 4488
f 4564 4561 4565 4568
f 4856 4860 4857 4853
f 4854 4858 4859 4855
f 4866 4870 4871 4867
f 4870 4874 4875 4871
f 4874 4878 4879 4875
f 4523 4529 4532 4526 4520 4516 4513 4517
f 4908 4912 4913 4909
f 4912 4916 4917 4913
f 4916 4920 4921 4917
f 4922 4926 4923 4919
f 4950 4947 4951 4954
f 4946 4943 4947 4950
f 4962 4959 4963 4966
f 4404 4408 4405 4401
f 4960 4961 4965 4964
f 4894 4898 4895 4891 4887 4881 4877 4880 4884 4890
f 4996 4993 4997 5000
f 5004 5001 5005 5008
f 5010 5011 5015 5014
f 5020 5017 5021 5024
f 5024 5021 5025 5028
f 5030 5031 5035 5034
f 4426 4430 4434 4435 4431 4427 4423 4419 4418 4422
f 5026 5027 5031 5030
f 4054 4058 4055 4051
f 4040 4044 4045 4041
f 4044 4048 4049 4045
f 4050 4054 4051 4047
f 4060 4064 4065 4061
f 4076 4072 4068 4064 4060 4056 4052 4048 4044 4040 4036 4035 4039 4043 4047 4051 4055 4059 4063 4067 4071 4075
f 4070 4074 4071 4067
f 4073 4077 4078 4074 4070 4066 4062 4058 4054 4050 4046 4042 4038 4037 4041 4045 4049 4053 4057 4061 4065 4069
f 4094 4092 4091 4093
f 4090 4088 4087 4089
f 4096 4094 4093 4095
f 4078 4077 4076 4075
f 4035 4036 4037 4038
f 4108 4106 4105 4107
f 4112 4110 4109 4111
f 4111 4109 4107 4105 4103 4101 4099 4097 4095 4093 4091 4089 4087 4085 4083 4080 4079
f 4400 4404 4401 4397
f 4392 4396 4393 4389
f 4394 4398 4399 4395
f 4402 4406 4407 4403
f 4396 4400 4397 4393
f 4398 4402 4403 4399
f 4406 4410 4411 4407
f 4434 4438 4439 4435
f 4438 4442 4443 4439
f 4440 4444 4441 4437
f 4444 4448 4445 4441
f 4452 4456 4453 4449
f 4450 4454 4455 4451
f 4462 4466 4467 4463
f 4458 4462 4463 4459
f 4466 4470 4471 4467
f 4448 4452 4449 4445
f 4416 4420 4417 4413
f 4380 4384 4381 4377
f 4377 4378 4379 4380
f 4554 4555 4559 4558
f 4490 4491 4495 4494
f 4492 4489 4493 4496
f 4494 4495 4499 4498
f 4500 4497 4501 4504
f 4498 4499 4503 4502
f 4510 4511 4515 4514
f 4991 4995 4994 4990 4986 4983 4980 4976 4977 4981 4984 4987
f 4530 4531 4535 4534
f 4534 4535 4539 4538
f 4538 4539 4543 4542
f 4544 4541 4545 4548
f 4548 4545 4549 4552
f 4552 4549 4553 4556
f 4556 4553 4557 4560
f 4473 4476 4475 4474
f 4469 4569 4565 4561 4557 4553 4549 4545 4541 4537 4533 4529 4523 4517 4513 4509 4505 4501 4497 4493 4489 4485 4481 4477 4473 4474 4478 4482 4486 4490 4494 4498 4502 4506 4510 4514 4518 4521 4524 4527 4530 4534 4538 4542 4546 4550 4554 4558 4562 4566 4570 4470 4466 4462 4458 4454 4450 4446 4442 4438 4434 4430 4426 4422 4418 4414 4410 4406 4402 4398 4394 4390 4386 4382 4378 4377 4381 4385 4389 4393 4397 4401 4405 4409 4413 4417 4421 4425 4429 4433 4437 4441 4445 4449 4453 4457 4461 4465
f 4568 4565 4569 4572
f 4560 4557 4561 4564
f 4566 4567 4571 4570
f 4473 4477 4480 4476
f 4844 4848 4845 4841
f 4848 4852 4849 4845
f 4900 4904 4905 4901
f 4964 4965 4969 4968
f 4862 4866 4867 4863
f 4876 4880 4877 4873
f 4868 4872 4869 4865
f 4872 4876 4873 4869
f 4864 4868 4865 4861
f 4898 4902 4899 4895
f 4914 4918 4915 4911
f 4918 4922 4919 4915
f 4932 5034 5035 4933
f 4840 4844 4841 4837
f 5028 5025 5029 5032
f 4934 5036 5033 4931
f 5016 5013 5017 5020
f 4952 4953 4957 4956
f 4930 4934 4931 4927
f 4956 4957 4961 4960
f 4974 4971 4975 4978
f 4968 4969 4973 4972
f 4432 4436 4433 4429 4425 4421 4417 4420 4424 4428
f 4994 4995 4999 4998
f 5006 5007 5011 5010
f 5008 5005 5009 5012
f 5012 5009 5013 5016
f 5014 5015 5019 5018
f 5002 5003 5007 5006
f 4966 4963 4967 4970
f 5028 5032 5036 4934 4930 4926 4922 4918 4914 4910 4906 4902 4898 4894 4890 4884 4880 4876 4872 4868 4864 4860 4856 4852 4848 4844 4840 4839 4843 4847 4851 4855 4859 4863 4867 4871 4875 4879 4883 4886 4889 4893 4897 4901 4905 4909 4913 4917 4921 4925 4929 4933 5035 5031 5027 5023 5019 5015 5011 5007 5003 4999 4995 4991 4987 4984 4981 4977 4973 4969 4965 4961 4957 4953 4949 4945 4941 4937 4938 4942 4946 4950 4954 4958 4962 4966 4970 4974 4978 4982 4988 4992 4996 5000 5004 5008 5012 5016 5020 5024
f 4924 4928 4929 4925
f 4935 4938 4937 4936
f 4958 4955 4959 4962
f 4935 4939 4942 4938
f 3917 3707 3708 3918
f 3734 3944 3943 3733
f 3722 3890 3848 3891 3723
f 3701 3911 3909 3699
f 3942 5070 5069 3941
f 3730 3940 3939 3729
f 3895 3727 3726 3894 3852
f 3722 3932 3931 3721
f 5055 3927 3928 5056
f 3709 3919 3918 3708
f 3914 5042 5041 3913
f 3945 5073 5072 3944
f 3839 3881 3838 3964 3797 3965
f 3935 3725 3726 3936
f 3717 3885 3843 3886 3718
f 5047 3919 3920 5048
f 3853 3895 3852 3978 3811 3979
f 3829 3871 3828 3954 3787 3955
f 3925 5053 5052 3924
f 3845 3887 3844 3970 3803 3971
f 3933 3723 3724 3934
f 3835 3877 3834 3960 3793 3961
f 3822 3990 3864 3906 3863 3989
f 5066 3938 3939 5067
f 3843 3969 3802 3970 3844 3886
f 3841 3967 3800 3968 3842 3884
f 3837 3963 3796 3964 3838 3880
f 3816 3984 3858 3900 3857 3983
f 3725 3935 3934 3724
f 3839 3965 3798 3966 3840 3882
f 3827 3953 3786 3954 3828 3870
f 3859 3985 3818 3986 3860 3902
f 3833 3959 3792 3960 3834 3876
f 3790 3958 3832 3874 3831 3957
f 3794 3962 3836 3878 3835 3961
f 3810 3978 3852 3894 3851 3977
f 3859 3901 3858 3984 3817 3985
f 3849 3975 3808 3976 3850 3892
f 3861 3987 3820 3988 3862 3904
f 3812 3980 3854 3896 3853 3979
f 3847 3973 3806 3974 3848 3890
f 3718 3928 3927 3717
f 3824 3992 3866 3908 3865 3991
f 3928 3718 3719 3929
f 3783 3952 3826 3867 3825 3951
f 3845 3971 3804 3972 3846 3888
f 3937 3727 3728 3938
f 3706 3874 3832 3875 3707
f 3710 3920 3919 3709
f 3899 3731 3730 3898 3856
f 3841 3883 3840 3966 3799 3967
f 3849 3891 3848 3974 3807 3975
f 3865 3907 3864 3990 3823 3991
f 3892 3724 3723 3891 3849
f 3721 3889 3847 3890 3722
f 3827 3869 3826 3952 3785 3953
f 3825 3868 3866 3992 3784 3951
f 3718 3886 3844 3887 3719
f 3814 3982 3856 3898 3855 3981
f 3926 5054 5053 3925
f 5045 3917 3918 5046
f 3907 3739 3738 3906 3864
f 3879 3711 3710 3878 3836
f 3857 3899 3856 3982 3815 3983
f 3709 3877 3835 3878 3710
f 3883 3715 3714 3882 3840
f 3929 5057 5056 3928
f 3908 3740 3739 3907 3865
f 3905 3737 3736 3904 3862
f 3874 3706 3705 3873 3831
f 3930 3720 3721 3931
f 3700 3868 3825 3867 3699
f 5046 3918 3919 5047
f 3948 3738 3739 3949
f 5065 3937 3938 5066
f 3916 5044 5043 3915
f 3940 3730 3731 3941
f 3724 3892 3850 3893 3725
f 3937 5065 5064 3936
f 3940 5068 5067 3939
f 3885 3717 3716 3884 3842
f 3941 3731 3732 3942
f 3915 3705 3706 3916
f 3941 5069 5068 3940
f 5044 3916 3917 5045
f 3871 3703 3702 3870 3828
f 3735 3903 3861 3904 3736
f 5075 3947 3948 5076
f 5040 3912 3913 5041
f 3944 5072 5071 3943
f 3920 3710 3711 3921
f 5050 3922 3923 5051
f 3944 3734 3735 3945
f 5049 3921 3922 5050
f 3855 3897 3854 3980 3813 3981
f 3851 3893 3850 3976 3809 3977
f 5051 3923 3924 5052
f 3833 3875 3832 3958 3791 3959
f 3843 3885 3842 3968 3801 3969
f 3731 3899 3857 3900 3732
f 3831 3873 3830 3956 3789 3957
f 3847 3889 3846 3972 3805 3973
f 3717 3927 3926 3716
f 3727 3895 3853 3896 3728
f 3837 3879 3836 3962 3795 3963
f 5060 3932 3933 5061
f 3924 3714 3715 3925
f 3894 3726 3725 3893 3851
f 5073 3945 3946 5074
f 3877 3709 3708 3876 3834
f 3699 3867 3826 3869 3701
f 3733 3901 3859 3902 3734
f 3861 3903 3860 3986 3819 3987
f 3737 3905 3863 3906 3738
f 5059 3931 3932 5060
f 3909 5037 5038 3910
f 3872 3704 3703 3871 3829
f 5061 3933 3934 5062
f 3700 3910 3950 3740
f 3929 3719 3720 3930
f 5037 3909 3911 5039
f 3949 3739 3740 3950
f 5048 3920 3921 5049
f 3707 3875 3833 3876 3708
f 3912 5040 5039 3911
f 3733 3943 3942 3732
f 3897 3729 3728 3896 3854
f 3702 3912 3911 3701
f 3915 5043 5042 3914
f 3912 3702 3703 3913
f 3936 3726 3727 3937
f 3949 5077 5076 3948
f 3713 3923 3922 3712
f 3729 3939 3938 3728
f 3950 5078 5077 3949
f 3945 3735 3736 3946
f 3873 3705 3704 3872 3830
f 3711 3879 3837 3880 3712
f 3740 3908 3866 3868 3700
f 3719 3887 3845 3888 3720
f 3916 3706 3707 3917
f 5074 3946 3947 5075
f 3881 3713 3712 3880 3838
f 5058 3930 3931 5059
f 3738 3948 3947 3737
f 3935 5063 5062 3934
f 3705 3915 3914 3704
f 3701 3869 3827 3870 3702
f 3704 3914 3913 3703
f 3723 3933 3932 3722
f 3882 3714 3713 3881 3839
f 3943 5071 5070 3942
f 3936 5064 5063 3935
f 3903 3735 3734 3902 3860
f 3927 5055 5054 3926
f 3889 3721 3720 3888 3846
f 3921 3711 3712 3922
f 3716 3926 3925 3715
f 3923 3713 3714 3924
f 5057 3929 3930 5058
f 3729 3897 3855 3898 3730
f 5078 3950 3910 5038
f 3946 3736 3737 3947
f 3715 3883 3841 3884 3716
f 3829 3955 3788 3956 3830 3872
f 3901 3733 3732 3900 3858
f 3863 3905 3862 3988 3821 3989
f 3910 3700 3699 3909
f 3741 3743 3744 3745 3746 3747 3748 3749 3750 3751 3752 3753 3754 3755 3756 3757 3758 3759 3760 3761 3762 3763 3764 3765 3766 3767 3768 3769 3770 3771 3772 3773 3774 3775 3776 3777 3778 3779 3780 3781 3782 3742
f 5079 5080 5038 5037
f 5081 5079 5037 5039
f 5082 5081 5039 5040
f 5083 5082 5040 5041
f 5084 5083 5041 5042
f 5085 5084 5042 5043
f 5086 5085 5043 5044
f 5087 5086 5044 5045
f 5088 5087 5045 5046
f 5089 5088 5046 5047
f 5090 5089 5047 5048
f 5091 5090 5048 5049
f 5092 5091 5049 5050
f 5093 5092 5050 5051
f 5094 5093 5051 5052
f 5095 5094 5052 5053
f 5096 5095 5053 5054
f 5097 5096 5054 5055
f 5098 5097 5055 5056
f 5099 5098 5056 5057
f 5100 5099 5057 5058
f 5101 5100 5058 5059
f 5102 5101 5059 5060
f 5103 5102 5060 5061
f 5104 5103 5061 5062
f 5105 5104 5062 5063
f 5106 5105 5063 5064
f 5107 5106 5064 5065
f 5108 5107 5065 5066
f 5109 5108 5066 5067
f 5110 5109 5067 5068
f 5111 5110 5068 5069
f 5112 5111 5069 5070
f 5113 5112 5070 5071
f 5114 5113 5071 5072
f 5115 5114 5072 5073
f 5116 5115 5073 5074
f 5117 5116 5074 5075
f 5118 5117 5075 5076
f 5119 5118 5076 5077
f 5120 5119 5077 5078
f 5080 5120 5078 5038
f 3741 3742 5080 5079
f 3743 3741 5079 5081
f 3744 3743 5081 5082
f 3745 3744 5082 5083
f 3746 3745 5083 5084
f 3747 3746 5084 5085
f 3748 3747 5085 5086
f 3749 3748 5086 5087
f 3750 3749 5087 5088
f 3751 3750 5088 5089
f 3752 3751 5089 5090
f 3753 3752 5090 5091
f 3754 3753 5091 5092
f 3755 3754 5092 5093
f 3756 3755 5093 5094
f 3757 3756 5094 5095
f 3758 3757 5095 5096
f 3759 3758 5096 5097
f 3760 3759 5097 5098
f 3761 3760 5098 5099
f 3762 3761 5099 5100
f 3763 3762 5100 5101
f 3764 3763 5101 5102
f 3765 3764 5102 5103
f 3766 3765 5103 5104
f 3767 3766 5104 5105
f 3768 3767 5105 5106
f 3769 3768 5106 5107
f 3770 3769 5107 5108
f 3771 3770 5108 5109
f 3772 3771 5109 5110
f 3773 3772 5110 5111
f 3774 3773 5111 5112
f 3775 3774 5112 5113
f 3776 3775 5113 5114
f 3777 3776 5114 5115
f 3778 3777 5115 5116
f 3779 3778 5116 5117
f 3780 3779 5117 5118
f 3781 3780 5118 5119
f 3782 3781 5119 5120
f 3742 3782 5120 5080
f 3549 3553 3554 3550
f 3589 3593 3594 3590
f 3628 3632 3633 3629
f 3605 3609 3610 3606
f 3590 3594 3591 3587
f 3555 3559 3560 3556
f 3652 3656 3657 3653
f 3646 3650 3647 3643
f 3659 3663 3664 3660
f 3660 3664 3665 3661
f 3669 3673 3674 3670
f 3582 3586 3583 3579
f 3691 3695 3696 3692
f 3531 3535 3536 3532
f 3534 3538 3535 3531
f 3563 3567 3568 3564
f 3548 3552 3553 3549
f 3565 3569 3570 3566
f 3564 3568 3569 3565
f 3571 3575 3576 3572
f 3572 3576 3577 3573
f 3667 3671 3672 3668
f 3573 3577 3578 3574
f 3579 3583 3584 3580
f 3587 3591 3592 3588
f 3588 3592 3593 3589
f 3595 3599 3600 3596
f 3598 3602 3599 3595
f 3556 3560 3561 3557
f 3606 3610 3607 3603
f 3614 3618 3615 3611
f 3621 3625 3626 3622
f 3630 3634 3631 3627
f 3637 3641 3642 3638
f 3629 3633 3634 3630
f 3550 3554 3551 3547
f 3636 3640 3641 3637
f 3654 3658 3655 3651
f 3643 3647 3648 3644
f 3644 3648 3649 3645
f 3645 3649 3650 3646
f 3653 3657 3658 3654
f 3683 3687 3688 3684
f 3675 3679 3680 3676
f 3678 3682 3679 3675
f 3693 3697 3698 3694
f 3692 3696 3697 3693
f 3533 3537 3538 3534
f 3532 3536 3537 3533
f 3566 3570 3567 3563
f 3557 3561 3562 3558
f 3686 3690 3687 3683
f 3574 3578 3575 3571
f 3581 3585 3586 3582
f 3580 3584 3585 3581
f 3596 3600 3601 3597
f 3604 3608 3609 3605
f 3603 3607 3608 3604
f 3613 3617 3618 3614
f 3612 3616 3617 3613
f 3611 3615 3616 3612
f 3619 3623 3624 3620
f 3622 3626 3623 3619
f 3620 3624 3625 3621
f 3635 3639 3640 3636
f 3638 3642 3639 3635
f 3651 3655 3656 3652
f 3627 3631 3632 3628
f 3547 3551 3552 3548
f 3661 3665 3666 3662
f 3662 3666 3663 3659
f 3668 3672 3673 3669
f 3670 3674 3671 3667
f 3676 3680 3681 3677
f 3677 3681 3682 3678
f 3684 3688 3689 3685
f 3685 3689 3690 3686
f 3694 3698 3695 3691
f 3540 3544 3545 3541
f 3539 3543 3544 3540
f 3541 3545 3546 3542
f 3542 3546 3543 3539
f 3558 3562 3559 3555
f 3597 3601 3602 3598
f 4258 4257 4247 4248
f 4584 4583 4573 4574
f 4826 4825 4807 4808
f 4297 4296 4278 4279
f 4156 4155 4137 4138
f 4655 4654 4644 4645
f 4175 4174 4169 4170
f 4240 4244 4239 4235
f 4363 4362 4344 4345
f 4586 4585 4575 4576
f 4688 4687 4669 4670
f 4652 4651 4641 4642
f 4719 4718 4708 4709
f 4700 4704 4699 4695
f 4769 4768 4763 4764
f 4751 4750 4732 4733
f 4656 4655 4645 4646
f 4176 4175 4170 4171
f 4126 4125 4115 4116
f 4167 4166 4148 4149
f 4220 4219 4201 4202
f 4323 4322 4312 4313
f 4240 4241 4242 4243 4244
f 4352 4351 4333 4334
f 4620 4619 4601 4602
f 4754 4753 4735 4736
f 4790 4789 4779 4780
f 4812 4811 4793 4794
f 4756 4755 4737 4738
f 4359 4358 4340 4341
f 4164 4163 4145 4146
f 4127 4126 4116 4117
f 4129 4128 4118 4119
f 4166 4165 4147 4148
f 4193 4192 4182 4183
f 4241 4240 4235 4236
f 4288 4287 4269 4270
f 4261 4260 4250 4251
f 4364 4363 4345 4346
f 4376 4375 4370 4371
f 4366 4365 4347 4348
f 4588 4587 4577 4578
f 4637 4636 4631 4632
f 4645 4644 4643 4642 4641 4640 4639 4648 4647 4646
f 4153 4152 4134 4135
f 4290 4289 4271 4272
f 4228 4227 4209 4210
f 4225 4224 4206 4207
f 4218 4217 4199 4200
f 4257 4256 4246 4247
f 4260 4259 4249 4250
f 4286 4285 4267 4268
f 4327 4326 4316 4317
f 4287 4286 4268 4269
f 4361 4360 4342 4343
f 4375 4374 4369 4370
f 4689 4688 4670 4671
f 4585 4584 4574 4575
f 4617 4616 4598 4599
f 4621 4620 4602 4603
f 4622 4621 4603 4604
f 4704 4703 4698 4699
f 4682 4681 4663 4664
f 4691 4690 4672 4673
f 4677 4694 4676 4659
f 4748 4747 4729 4730
f 4781 4790 4780 4771
f 4782 4781 4771 4772
f 4825 4824 4806 4807
f 4820 4819 4801 4802
f 4174 4175 4176 4177 4178
f 4816 4815 4797 4798
f 4178 4177 4172 4173
f 4230 4229 4211 4212
f 4223 4222 4204 4205
f 4125 4124 4114 4115
f 4128 4127 4117 4118
f 4131 4130 4120 4121
f 4158 4157 4139 4140
f 4162 4161 4143 4144
f 4159 4158 4140 4141
f 4168 4167 4149 4150
f 4165 4164 4146 4147
f 4232 4231 4213 4214
f 4194 4193 4183 4184
f 4788 4787 4777 4778
f 4195 4194 4184 4185
f 4154 4153 4135 4136
f 4221 4220 4202 4203
f 4234 4217 4218 4219 4220 4221 4222 4223 4224 4225 4226 4227 4228 4229 4230 4231 4232 4233
f 4233 4232 4214 4215
f 4234 4233 4215 4216
f 4231 4230 4212 4213
f 4760 4743 4744 4745 4746 4747 4748 4749 4750 4751 4752 4753 4754 4755 4756 4757 4758 4759
f 4263 4262 4252 4253
f 4264 4255 4256 4257 4258 4259 4260 4261 4262 4263
f 4294 4293 4275 4276
f 4298 4297 4279 4280
f 4296 4295 4277 4278
f 4326 4325 4315 4316
f 4322 4321 4311 4312
f 4325 4324 4314 4315
f 4328 4327 4317 4318
f 4350 4349 4331 4332
f 4356 4355 4337 4338
f 4365 4364 4346 4347
f 4373 4372 4367 4368
f 4256 4255 4245 4246
f 4371 4370 4369 4368 4367
f 4628 4627 4609 4610
f 4589 4588 4578 4579
f 4579 4578 4577 4576 4575 4574 4573 4582 4581 4580
f 4616 4615 4597 4598
f 4615 4614 4596 4597
f 4625 4624 4606 4607
f 4623 4622 4604 4605
f 4626 4625 4607 4608
f 4653 4652 4642 4643
f 4650 4649 4639 4640
f 4638 4637 4632 4633
f 4654 4653 4643 4644
f 4649 4658 4648 4639
f 4702 4701 4696 4697
f 4686 4685 4667 4668
f 4716 4715 4705 4706
f 4700 4701 4702 4703 4704
f 4720 4719 4709 4710
f 4747 4746 4728 4729
f 4757 4756 4738 4739
f 4758 4757 4739 4740
f 4767 4766 4761 4762
f 4768 4767 4762 4763
f 4760 4759 4741 4742
f 4814 4813 4795 4796
f 4191 4190 4180 4181
f 4817 4816 4798 4799
f 4818 4817 4799 4800
f 4822 4821 4803 4804
f 4750 4749 4731 4732
f 4824 4823 4805 4806
f 4815 4814 4796 4797
f 4752 4751 4733 4734
f 4832 4833 4834 4835 4836
f 4836 4835 4830 4831
f 4810 4809 4791 4792
f 4765 4764 4763 4762 4761
f 4759 4758 4740 4741
f 4292 4291 4273 4274
f 4830 4829 4828 4827 4831
f 4130 4129 4119 4120
f 4124 4123 4113 4114
f 4123 4132 4122 4113
f 4132 4131 4121 4122
f 4123 4124 4125 4126 4127 4128 4129 4130 4131 4132
f 4121 4120 4119 4118 4117 4116 4115 4114 4113 4122
f 4160 4159 4141 4142
f 4226 4225 4207 4208
f 4158 4159 4160 4161 4162 4163 4164 4165 4166 4167 4168 4151 4152 4153 4154 4155 4156 4157
f 4157 4156 4138 4139
f 4295 4294 4276 4277
f 4137 4136 4135 4134 4133 4150 4149 4148 4147 4146 4145 4144 4143 4142 4141 4140 4139 4138
f 4177 4176 4171 4172
f 4190 4189 4179 4180
f 4174 4178 4173 4169
f 4227 4226 4208 4209
f 4197 4196 4186 4187
f 4192 4191 4181 4182
f 4198 4197 4187 4188
f 4196 4195 4185 4186
f 4189 4198 4188 4179
f 4181 4180 4179 4188 4187 4186 4185 4184 4183 4182
f 4219 4218 4200 4201
f 4222 4221 4203 4204
f 4192 4193 4194 4195 4196 4197 4198 4189 4190 4191
f 4163 4162 4144 4145
f 4229 4228 4210 4211
f 4224 4223 4205 4206
f 4284 4283 4265 4266
f 4155 4154 4136 4137
f 4217 4234 4216 4199
f 4151 4168 4150 4133
f 4201 4200 4199 4216 4215 4214 4213 4212 4211 4210 4209 4208 4207 4206 4205 4204 4203 4202
f 4243 4242 4237 4238
f 4161 4160 4142 4143
f 4242 4241 4236 4237
f 4259 4258 4248 4249
f 4283 4300 4282 4265
f 4348 4347 4346 4345 4344 4343 4342 4341 4340 4339 4338 4337 4336 4335 4334 4333 4332 4331
f 4244 4243 4238 4239
f 4291 4290 4272 4273
f 4255 4264 4254 4245
f 4247 4246 4245 4254 4253 4252 4251 4250 4249 4248
f 4285 4284 4266 4267
f 4293 4292 4274 4275
f 4264 4263 4253 4254
f 4262 4261 4251 4252
f 4353 4352 4334 4335
f 4289 4288 4270 4271
f 4275 4274 4273 4272 4271 4270 4269 4268 4267 4266 4265 4282 4281 4280 4279 4278 4277 4276
f 4300 4299 4281 4282
f 4299 4298 4280 4281
f 4308 4307 4302 4303
f 4296 4297 4298 4299 4300 4283 4284 4285 4286 4287 4288 4289 4290 4291 4292 4293 4294 4295
f 4307 4306 4301 4302
f 4309 4308 4303 4304
f 4329 4328 4318 4319
f 4306 4310 4305 4301
f 4306 4307 4308 4309 4310
f 4305 4304 4303 4302 4301
f 4324 4323 4313 4314
f 4321 4330 4320 4311
f 4311 4320 4319 4318 4317 4316 4315 4314 4313 4312
f 4330 4329 4319 4320
f 4322 4323 4324 4325 4326 4327 4328 4329 4330 4321
f 4354 4353 4335 4336
f 4355 4354 4336 4337
f 4362 4361 4343 4344
f 4358 4357 4339 4340
f 4349 4366 4348 4331
f 4354 4355 4356 4357 4358 4359 4360 4361 4362 4363 4364 4365 4366 4349 4350 4351 4352 4353
f 4372 4376 4371 4367
f 4374 4373 4368 4369
f 4360 4359 4341 4342
f 4357 4356 4338 4339
f 4310 4309 4304 4305
f 4611 4628 4610 4593
f 4745 4744 4726 4727
f 4744 4743 4725 4726
f 4587 4586 4576 4577
f 4591 4590 4580 4581
f 4590 4589 4579 4580
f 4614 4613 4595 4596
f 4592 4591 4581 4582
f 4583 4592 4582 4573
f 4583 4584 4585 4586 4587 4588 4589 4590 4591 4592
f 4618 4617 4599 4600
f 4613 4612 4594 4595
f 4612 4611 4593 4594
f 4627 4626 4608 4609
f 4624 4623 4605 4606
f 4593 4610 4609 4608 4607 4606 4605 4604 4603 4602 4601 4600 4599 4598 4597 4596 4595 4594
f 4635 4634 4629 4630
f 4616 4617 4618 4619 4620 4621 4622 4623 4624 4625 4626 4627 4628 4611 4612 4613 4614 4615
f 4687 4686 4668 4669
f 4634 4635 4636 4637 4638
f 4634 4638 4633 4629
f 4657 4656 4646 4647
f 4632 4631 4630 4629 4633
f 4651 4650 4640 4641
f 4650 4651 4652 4653 4654 4655 4656 4657 4658 4649
f 4680 4679 4661 4662
f 4658 4657 4647 4648
f 4678 4677 4659 4660
f 4693 4692 4674 4675
f 4684 4683 4665 4666
f 4685 4684 4666 4667
f 4681 4680 4662 4663
f 4715 4724 4714 4705
f 4683 4682 4664 4665
f 4679 4678 4660 4661
f 4703 4702 4697 4698
f 4821 4820 4802 4803
f 4701 4700 4695 4696
f 4373 4374 4375 4376 4372
f 4671 4670 4669 4668 4667 4666 4665 4664 4663 4662 4661 4660 4659 4676 4675 4674 4673 4672
f 4699 4698 4697 4696 4695
f 4692 4693 4694 4677 4678 4679 4680 4681 4682 4683 4684 4685 4686 4687 4688 4689 4690 4691
f 4694 4693 4675 4676
f 4718 4717 4707 4708
f 4717 4716 4706 4707
f 4721 4720 4710 4711
f 4746 4745 4727 4728
f 4723 4722 4712 4713
f 4692 4691 4673 4674
f 4724 4723 4713 4714
f 4722 4721 4711 4712
f 4718 4719 4720 4721 4722 4723 4724 4715 4716 4717
f 4713 4712 4711 4710 4709 4708 4707 4706 4705 4714
f 4749 4748 4730 4731
f 4690 4689 4671 4672
f 4636 4635 4630 4631
f 4766 4770 4765 4761
f 4743 4760 4742 4725
f 4239 4238 4237 4236 4235
f 4725 4742 4741 4740 4739 4738 4737 4736 4735 4734 4733 4732 4731 4730 4729 4728 4727 4726
f 4783 4782 4772 4773
f 4785 4784 4774 4775
f 4767 4768 4769 4770 4766
f 4784 4783 4773 4774
f 4787 4786 4776 4777
f 4786 4785 4775 4776
f 4173 4172 4171 4170 4169
f 4789 4788 4778 4779
f 4788 4789 4790 4781 4782 4783 4784 4785 4786 4787
f 4775 4774 4773 4772 4771 4780 4779 4778 4777 4776
f 4770 4769 4764 4765
f 4813 4812 4794 4795
f 4811 4810 4792 4793
f 4819 4818 4800 4801
f 4823 4822 4804 4805
f 4753 4752 4734 4735
f 4809 4826 4808 4791
f 4791 4808 4807 4806 4805 4804 4803 4802 4801 4800 4799 4798 4797 4796 4795 4794 4793 4792
f 4826 4809 4810 4811 4812 4813 4814 4815 4816 4817 4818 4819 4820 4821 4822 4823 4824 4825
f 4834 4833 4828 4829
f 4832 4836 4831 4827
f 4835 4834 4829 4830
f 4833 4832 4827 4828
f 4351 4350 4332 4333
f 4755 4754 4736 4737
f 4619 4618 4600 4601
f 4152 4151 4133 4134
o 02_-_Big_Dish.003_Mesh.011
v 5.764896 39.357708 28.818516
v 5.764896 39.310425 29.449408
v 5.764896 39.169647 30.066204
v 5.764896 38.938515 30.655128
v 5.764896 38.622181 31.203028
v 5.764896 38.227726 31.697660
v 5.764896 37.763954 32.127975
v 5.764900 37.241230 32.484364
v 5.764900 36.671223 32.758865
v 5.764900 36.066669 32.945343
v 5.764900 35.441078 33.039639
v 5.764900 34.808422 33.039635
v 5.764900 34.182831 32.945343
v 5.764904 33.578278 32.758865
v 5.764904 33.008274 32.484364
v 5.764904 32.485546 32.127975
v 5.764904 32.021774 31.697660
v 5.764904 31.627319 31.203028
v 5.764904 31.310989 30.655132
v 5.764904 31.079855 30.066204
v 5.764904 30.939075 29.449408
v 5.764904 30.891794 28.818520
v 5.764904 30.939074 28.187632
v 5.764904 31.079855 27.570835
v 5.764904 31.310989 26.981913
v 5.764904 31.627317 26.434011
v 5.764904 32.021774 25.939381
v 5.764900 32.485542 25.509064
v 5.764900 33.008270 25.152672
v 5.764900 33.578274 24.878172
v 5.764900 34.182823 24.691692
v 5.764900 34.808414 24.597401
v 5.764900 35.441074 24.597401
v 5.764896 36.066666 24.691692
v 5.764896 36.671215 24.878168
v 5.764896 37.241222 25.152668
v 5.764896 37.763950 25.509056
v 5.764896 38.227722 25.939371
v 5.764896 38.622177 26.434000
v 5.764896 38.938507 26.981899
v 5.764896 39.169647 27.570820
v 5.764896 39.310425 28.187620
v 6.114732 39.357708 28.818516
v 6.114732 39.310425 29.449408
v 6.114732 39.169647 30.066204
v 6.114732 38.938515 30.655128
v 6.114732 38.622181 31.203024
v 6.114732 38.227726 31.697660
v 6.114736 37.763954 32.127975
v 6.114736 37.241230 32.484364
v 6.114736 36.671223 32.758865
v 6.114736 36.066673 32.945343
v 6.114736 35.441082 33.039639
v 6.114736 34.808422 33.039635
v 6.114736 34.182831 32.945343
v 6.114740 33.578278 32.758865
v 6.114740 33.008274 32.484364
v 6.114740 32.485546 32.127975
v 6.114740 32.021778 31.697660
v 6.114740 31.627319 31.203028
v 6.114740 31.310989 30.655132
v 6.114740 31.079855 30.066204
v 6.114740 30.939075 29.449408
v 6.114740 30.891794 28.818520
v 6.114740 30.939074 28.187632
v 6.114740 31.079855 27.570835
v 6.114740 31.310989 26.981913
v 6.114740 31.627317 26.434011
v 6.114736 32.021774 25.939381
v 6.114736 32.485542 25.509064
v 6.114736 33.008270 25.152672
v 6.114736 33.578274 24.878172
v 6.114736 34.182823 24.691692
v 6.114736 34.808414 24.597401
v 6.114736 35.441074 24.597401
v 6.114732 36.066666 24.691692
v 6.114732 36.671219 24.878168
v 6.114732 37.241222 25.152668
v 6.114732 37.763950 25.509056
v 6.114732 38.227722 25.939371
v 6.114732 38.622177 26.434000
v 6.114732 38.938511 26.981895
v 6.114732 39.169647 27.570820
v 6.114732 39.310425 28.187620
v 6.069684 39.280277 28.818516
v 6.069684 39.233864 28.199156
v 8.731308 39.280281 28.818516
v 8.731312 39.233868 29.437868
v 8.731312 39.095661 30.043381
v 8.731312 38.868755 30.621532
v 8.731312 38.558212 31.159409
v 8.731312 38.170971 31.644993
v 8.731312 37.715683 32.067440
v 8.731312 37.202518 32.417309
v 8.731312 36.642937 32.686787
v 8.731316 36.049446 32.869858
v 8.731316 35.435299 32.962425
v 8.731316 34.814209 32.962425
v 8.731316 34.200062 32.869858
v 8.731316 33.606571 32.686787
v 8.731316 33.046989 32.417309
v 8.731316 32.533825 32.067440
v 8.731320 32.078537 31.644993
v 8.731320 31.691299 31.159409
v 8.731320 31.380754 30.621536
v 8.731320 31.153847 30.043381
v 8.731320 31.015642 29.437868
v 8.731320 30.969227 28.818520
v 8.731320 31.015642 28.199171
v 8.731316 31.153847 27.593660
v 8.731316 31.380754 27.015505
v 8.731316 31.691294 26.477633
v 8.731316 32.078533 25.992044
v 8.731316 32.533821 25.569599
v 8.731316 33.046986 25.219728
v 8.731316 33.606567 24.950249
v 8.731312 34.200058 24.767179
v 8.731312 34.814205 24.674612
v 8.731312 35.435291 24.674612
v 8.731312 36.049438 24.767176
v 8.731312 36.642929 24.950245
v 8.731312 37.202511 25.219725
v 8.731312 37.715675 25.569592
v 8.731312 38.170967 25.992037
v 8.731308 38.558205 26.477619
v 8.731308 38.868752 27.015491
v 8.731308 39.095657 27.593643
v 8.731308 39.233864 28.199156
v 6.069688 39.233864 29.437868
v 6.069688 39.095657 30.043381
v 6.069688 38.868752 30.621532
v 6.069688 38.558212 31.159409
v 6.069688 38.170967 31.644993
v 6.069688 37.715679 32.067440
v 6.069688 37.202515 32.417309
v 6.069688 36.642933 32.686787
v 6.069692 36.049442 32.869858
v 6.069692 35.435295 32.962425
v 6.069692 34.814205 32.962425
v 6.069692 34.200058 32.869858
v 6.069692 33.606567 32.686787
v 6.069692 33.046989 32.417309
v 6.069692 32.533821 32.067440
v 6.069696 32.078533 31.644997
v 6.069696 31.691294 31.159412
v 6.069696 31.380754 30.621536
v 6.069696 31.153847 30.043385
v 6.069696 31.015638 29.437868
v 6.069696 30.969227 28.818520
v 6.069696 31.015638 28.199171
v 6.069692 31.153843 27.593660
v 6.069692 31.380751 27.015509
v 6.069692 31.691294 26.477633
v 6.069692 32.078533 25.992048
v 6.069692 32.533817 25.569599
v 6.069692 33.046982 25.219732
v 6.069692 33.606564 24.950253
v 6.069688 34.200054 24.767179
v 6.069688 34.814201 24.674612
v 6.069688 35.435287 24.674612
v 6.069688 36.049435 24.767176
v 6.069688 36.642929 24.950245
v 6.069688 37.202507 25.219725
v 6.069688 37.715675 25.569592
v 6.069688 38.170963 25.992037
v 6.069684 38.558201 26.477619
v 6.069684 38.868748 27.015491
v 6.069684 39.095657 27.593643
v 7.987796 39.201344 29.385044
v 7.987796 39.189339 29.481060
v 7.987796 39.266392 29.490688
v 7.987796 39.278389 29.394676
v 8.469876 39.201344 29.385044
v 8.469876 39.189339 29.481060
v 8.469876 39.266392 29.490688
v 8.469876 39.278393 29.394676
v 7.987796 38.855663 30.560896
v 7.987796 38.812389 30.647440
v 7.987796 38.881844 30.682167
v 7.987796 38.925114 30.595625
v 8.469876 38.855663 30.560896
v 8.469876 38.812389 30.647440
v 8.469876 38.881844 30.682167
v 8.469876 38.925117 30.595625
v 7.987796 38.177727 31.583328
v 7.987796 38.109306 31.651749
v 7.987796 38.164215 31.706656
v 7.987796 38.232635 31.638235
v 8.469876 38.177727 31.583332
v 8.469876 38.109306 31.651752
v 8.469876 38.164215 31.706656
v 8.469876 38.232635 31.638235
v 7.987796 37.228428 32.360947
v 7.987796 37.141880 32.404221
v 7.987796 37.176605 32.473671
v 7.987796 37.263153 32.430397
v 8.469876 37.228428 32.360947
v 8.469876 37.141884 32.404221
v 8.469876 37.176605 32.473671
v 8.469876 37.263153 32.430397
v 7.987800 36.092636 32.825329
v 7.987800 35.996624 32.837330
v 7.987800 36.006256 32.914383
v 7.987800 36.102268 32.902382
v 8.469880 36.092640 32.825329
v 8.469880 35.996624 32.837330
v 8.469880 36.006256 32.914383
v 8.469880 36.102268 32.902382
v 7.987800 34.864918 32.926689
v 7.987800 34.768345 32.920654
v 7.987800 34.763504 32.998158
v 7.987800 34.860073 33.004192
v 8.469880 34.864918 32.926689
v 8.469880 34.768345 32.920654
v 8.469880 34.763504 32.998158
v 8.469880 34.860073 33.004192
v 7.987800 33.667206 32.673698
v 7.987800 33.580658 32.630424
v 7.987800 33.545933 32.699879
v 7.987800 33.632477 32.743149
v 8.469880 33.667206 32.673698
v 8.469880 33.580658 32.630424
v 8.469880 33.545933 32.699879
v 8.469880 33.632477 32.743149
v 7.987804 32.595490 32.074196
v 7.987804 32.527069 32.005775
v 7.987804 32.472164 32.060680
v 7.987804 32.540581 32.129105
v 8.469880 32.595490 32.074196
v 8.469880 32.527069 32.005775
v 8.469880 32.472164 32.060684
v 8.469880 32.540581 32.129105
v 7.987804 31.747662 31.185320
v 7.987804 31.704386 31.098772
v 7.987804 31.634933 31.133499
v 7.987804 31.678207 31.220043
v 8.469884 31.747662 31.185320
v 8.469884 31.704386 31.098772
v 8.469884 31.634933 31.133499
v 8.469884 31.678207 31.220043
v 7.987804 31.203247 30.080900
v 7.987804 31.179779 29.987032
v 7.987804 31.104446 30.005863
v 7.987804 31.127914 30.099731
v 8.469884 31.203247 30.080900
v 8.469884 31.179779 29.987032
v 8.469884 31.104446 30.005863
v 8.469884 31.127914 30.099731
v 7.987804 31.008055 28.866899
v 7.987804 31.008055 28.770140
v 7.987804 30.930403 28.770140
v 7.987804 30.930403 28.866899
v 8.469884 31.008055 28.866899
v 8.469884 31.008055 28.770140
v 8.469884 30.930403 28.770140
v 8.469884 30.930403 28.866899
v 7.987804 31.179779 27.650011
v 7.987804 31.203247 27.556141
v 7.987804 31.127914 27.537304
v 7.987804 31.104446 27.631176
v 8.469880 31.179779 27.650007
v 8.469880 31.203247 27.556141
v 8.469880 31.127914 27.537304
v 8.469884 31.104446 27.631176
v 7.987800 31.684538 26.539295
v 7.987800 31.752958 26.470877
v 7.987800 31.698050 26.415968
v 7.987800 31.629629 26.484388
v 8.469880 31.684538 26.539291
v 8.469880 31.752958 26.470877
v 8.469880 31.698050 26.415968
v 8.469880 31.629629 26.484388
v 7.987800 32.527065 25.631264
v 7.987800 32.595486 25.562843
v 7.987800 32.540577 25.507936
v 7.987800 32.472157 25.576357
v 8.469880 32.527065 25.631264
v 8.469880 32.595486 25.562843
v 8.469880 32.540577 25.507936
v 8.469880 32.472157 25.576357
v 7.987800 33.569046 24.999647
v 7.987800 33.662918 24.976179
v 7.987800 33.644081 24.900852
v 7.987800 33.550209 24.924320
v 8.469880 33.569046 24.999647
v 8.469880 33.662918 24.976179
v 8.469880 33.644081 24.900852
v 8.469880 33.550209 24.924316
v 7.987796 34.768337 24.716379
v 7.987796 34.864914 24.710344
v 7.987796 34.860069 24.632845
v 7.987796 34.763493 24.638880
v 8.469876 34.768337 24.716379
v 8.469876 34.864914 24.710344
v 8.469876 34.860069 24.632845
v 8.469876 34.763496 24.638876
v 7.987796 35.993088 24.793108
v 7.987796 36.086960 24.816576
v 7.987796 36.105789 24.741243
v 7.987796 36.011917 24.717775
v 8.469876 35.993088 24.793108
v 8.469876 36.086960 24.816576
v 8.469876 36.105789 24.741243
v 8.469876 36.011917 24.717775
v 7.987796 37.140846 25.212969
v 7.987796 37.209267 25.281387
v 7.987796 37.264175 25.226480
v 7.987796 37.195755 25.158060
v 8.469876 37.140846 25.212969
v 8.469876 37.209267 25.281387
v 8.469876 37.264175 25.226480
v 8.469876 37.195755 25.158060
v 7.987796 38.114601 25.966124
v 7.987796 38.157875 26.052671
v 7.987796 38.227325 26.017944
v 7.987796 38.184055 25.931400
v 8.469876 38.114601 25.966124
v 8.469876 38.157875 26.052671
v 8.469876 38.227325 26.017944
v 8.469876 38.184055 25.931400
v 7.987796 38.807087 27.008736
v 7.987796 38.875507 27.077156
v 7.987796 38.930412 27.022247
v 7.987796 38.861996 26.953829
v 8.469872 38.807087 27.008736
v 8.469872 38.875507 27.077156
v 8.469872 38.930412 27.022247
v 8.469872 38.861996 26.953829
v 7.987796 39.195038 28.150776
v 7.987796 39.195038 28.247536
v 7.987796 39.272690 28.247536
v 7.987796 39.272690 28.150776
v 8.469872 39.195038 28.150776
v 8.469872 39.195038 28.247536
v 8.469872 39.272690 28.247536
v 8.469872 39.272690 28.150776
v 8.732672 39.246262 29.439735
v 8.732672 39.292816 28.818516
v 8.732672 39.107643 30.047075
v 8.732676 38.880051 30.626972
v 8.732676 38.568569 31.166471
v 8.732676 38.180161 31.653521
v 8.732676 37.723499 32.077240
v 8.732676 37.208786 32.428165
v 8.732676 36.647518 32.698456
v 8.732676 36.052235 32.882076
v 8.732680 35.436234 32.974922
v 8.732680 34.813274 32.974922
v 8.732680 34.197273 32.882076
v 8.732680 33.601990 32.698456
v 8.732680 33.040722 32.428165
v 8.732680 32.526009 32.077240
v 8.732680 32.069351 31.653521
v 8.732680 31.680939 31.166471
v 8.732684 31.369459 30.626972
v 8.732684 31.141867 30.047075
v 8.732684 31.003246 29.439735
v 8.732680 30.956690 28.818520
v 8.732680 31.003246 28.197300
v 8.732680 31.141867 27.589964
v 8.732680 31.369457 27.010069
v 8.732680 31.680939 26.470568
v 8.732680 32.069347 25.983521
v 8.732680 32.526005 25.559795
v 8.732680 33.040718 25.208872
v 8.732680 33.601986 24.938580
v 8.732676 34.197266 24.754959
v 8.732676 34.813267 24.662107
v 8.732676 35.436226 24.662107
v 8.732676 36.052227 24.754955
v 8.732676 36.647511 24.938572
v 8.732676 37.208778 25.208868
v 8.732672 37.723495 25.559788
v 8.732672 38.180153 25.983507
v 8.732672 38.568565 26.470556
v 8.732672 38.880047 27.010052
v 8.732672 39.107639 27.589949
v 8.732672 39.246262 28.197292
v 9.142468 36.794640 29.070211
v 9.142468 36.813499 28.818516
v 9.142468 36.738476 29.316284
v 9.142468 36.646263 29.551235
v 9.142468 36.520061 29.769819
v 9.142468 36.362690 29.967155
v 9.142468 36.177670 30.138832
v 9.142468 35.969128 30.281012
v 9.142468 35.741722 30.390524
v 9.142468 35.500534 30.464920
v 9.142468 35.250954 30.502541
v 9.142468 34.998554 30.502541
v 9.142468 34.748974 30.464920
v 9.142468 34.507786 30.390524
v 9.142468 34.280384 30.281012
v 9.142468 34.071842 30.138832
v 9.142468 33.886818 29.967155
v 9.142468 33.729450 29.769819
v 9.142468 33.603249 29.551235
v 9.142468 33.511040 29.316284
v 9.142468 33.454876 29.070211
v 9.142468 33.436008 28.818516
v 9.142468 33.454868 28.566824
v 9.142468 33.511036 28.320751
v 9.142468 33.603245 28.085800
v 9.142468 33.729446 27.867216
v 9.142468 33.886818 27.669880
v 9.142468 34.071838 27.498203
v 9.142468 34.280380 27.356024
v 9.142468 34.507786 27.246508
v 9.142468 34.748970 27.172112
v 9.142468 34.998554 27.134497
v 9.142468 35.250954 27.134497
v 9.142468 35.500530 27.172112
v 9.142468 35.741718 27.246508
v 9.142468 35.969128 27.356020
v 9.142468 36.177666 27.498199
v 9.142468 36.362690 27.669876
v 9.142468 36.520058 27.867212
v 9.142468 36.646259 28.085796
v 9.142468 36.738472 28.320744
v 9.142468 36.794636 28.566816
v 8.399984 39.262039 29.442112
v 8.517380 39.308769 28.818516
v 8.517380 39.122887 30.051777
v 8.399984 38.894421 30.633892
v 8.517380 38.581749 31.175455
v 8.399984 38.191856 31.664371
v 8.517380 37.733448 32.089718
v 8.399984 37.216763 32.441982
v 8.517384 36.653347 32.713306
v 8.399988 36.055786 32.897629
v 8.517384 35.437428 32.990833
v 8.399988 34.812084 32.990833
v 8.517384 34.193722 32.897629
v 8.399988 33.596161 32.713306
v 8.517388 33.032745 32.441982
v 8.399992 32.516064 32.089718
v 8.517388 32.057655 31.664371
v 8.399992 31.667759 31.175461
v 8.517388 31.355087 30.633896
v 8.399992 31.126623 30.051781
v 8.517388 30.987471 29.442112
v 8.399992 30.940739 28.818520
v 8.517388 30.987469 28.194923
v 8.399992 31.126621 27.585260
v 8.517388 31.355085 27.003143
v 8.399988 31.667753 26.461580
v 8.517384 32.057652 25.972668
v 8.399988 32.516060 25.547323
v 8.517384 33.032742 25.195057
v 8.399988 33.596153 24.923729
v 8.517384 34.193718 24.739405
v 8.399988 34.812073 24.646204
v 8.517380 35.437416 24.646200
v 8.399984 36.055779 24.739405
v 8.517380 36.653339 24.923723
v 8.399984 37.216755 25.195047
v 8.517380 37.733437 25.547316
v 8.399984 38.191849 25.972656
v 8.517380 38.581745 26.461569
v 8.399984 38.894417 27.003132
v 8.517380 39.122883 27.585249
v 8.399984 39.262039 28.194912
v 8.693424 39.290691 29.130713
v 8.693424 39.197632 29.748123
v 8.693424 39.013592 30.344772
v 8.693424 38.742680 30.907324
v 8.693424 38.390945 31.423220
v 8.693424 37.966255 31.880928
v 8.693424 37.478088 32.270226
v 8.693424 36.937355 32.582420
v 8.693428 36.356129 32.810535
v 8.693428 35.747395 32.949474
v 8.693428 35.124756 32.996136
v 8.693428 34.502110 32.949474
v 8.693428 33.893379 32.810535
v 8.693428 33.312153 32.582420
v 8.693428 32.771420 32.270226
v 8.693428 32.283253 31.880928
v 8.693428 31.858562 31.423220
v 8.693428 31.506830 30.907328
v 8.693428 31.235918 30.344776
v 8.693428 31.051878 29.748129
v 8.693428 30.958818 29.130713
v 8.693428 30.958818 28.506329
v 8.693428 31.051878 27.888912
v 8.693428 31.235918 27.292265
v 8.693428 31.506830 26.729712
v 8.693428 31.858559 26.213820
v 8.693428 32.283249 25.756111
v 8.693428 32.771416 25.366808
v 8.693428 33.312149 25.054617
v 8.693428 33.893375 24.826500
v 8.693428 34.502106 24.687559
v 8.693424 35.124744 24.640900
v 8.693424 35.747391 24.687559
v 8.693424 36.356121 24.826500
v 8.693424 36.937347 25.054611
v 8.693424 37.478081 25.366804
v 8.693424 37.966251 25.756100
v 8.693424 38.390942 26.213808
v 8.693424 38.742676 26.729700
v 8.693424 39.013588 27.292252
v 8.693424 39.197624 27.888901
v 8.693424 39.290691 28.506321
v 8.693424 39.255726 29.441164
v 8.693424 39.302387 28.818516
v 8.693424 39.116791 30.049896
v 8.693424 38.888676 30.631124
v 8.693424 38.576477 31.171864
v 8.693424 38.187180 31.660032
v 8.693424 37.729465 32.084724
v 8.693424 37.213570 32.436455
v 8.693428 36.651016 32.707367
v 8.693428 36.054367 32.891411
v 8.693428 35.436951 32.984470
v 8.693428 34.812557 32.984470
v 8.693428 34.195141 32.891411
v 8.693428 33.598495 32.707367
v 8.693428 33.035938 32.436455
v 8.693428 32.520042 32.084724
v 8.693428 32.062332 31.660032
v 8.693428 31.673031 31.171864
v 8.693428 31.360834 30.631128
v 8.693428 31.132723 30.049900
v 8.693428 30.993782 29.441164
v 8.693428 30.947119 28.818520
v 8.693428 30.993778 28.195875
v 8.693428 31.132717 27.587139
v 8.693428 31.360834 27.005913
v 8.693428 31.673031 26.465176
v 8.693428 32.062328 25.977009
v 8.693428 32.520039 25.552317
v 8.693428 33.035934 25.200584
v 8.693428 33.598488 24.929668
v 8.693428 34.195137 24.745628
v 8.693424 34.812553 24.652563
v 8.693424 35.436943 24.652563
v 8.693424 36.054359 24.745625
v 8.693424 36.651009 24.929665
v 8.693424 37.213566 25.200577
v 8.693424 37.729458 25.552303
v 8.693424 38.187168 25.976995
v 8.693424 38.576473 26.465164
v 8.693424 38.888672 27.005899
v 8.693424 39.116787 27.587128
v 8.693424 39.255726 28.195864
v 8.761380 39.230492 29.437357
v 8.761380 39.276863 28.818516
v 8.761380 39.092400 30.042372
v 8.761384 38.865677 30.620052
v 8.761384 38.555389 31.157484
v 8.761384 38.168465 31.642668
v 8.761384 37.713554 32.064762
v 8.761384 37.200809 32.414349
v 8.761384 36.641689 32.683609
v 8.761384 36.048687 32.866524
v 8.761384 35.435043 32.959015
v 8.761388 34.814468 32.959015
v 8.761388 34.200821 32.866524
v 8.761388 33.607819 32.683609
v 8.761388 33.048698 32.414349
v 8.761388 32.535954 32.064762
v 8.761388 32.081043 31.642668
v 8.761388 31.694122 31.157484
v 8.761388 31.383835 30.620052
v 8.761388 31.157110 30.042372
v 8.761388 31.019018 29.437361
v 8.761388 30.972647 28.818520
v 8.761388 31.019018 28.199680
v 8.761388 31.157110 27.594664
v 8.761388 31.383831 27.016989
v 8.761388 31.694118 26.479551
v 8.761388 32.081039 25.994368
v 8.761388 32.535950 25.572268
v 8.761384 33.048695 25.222689
v 8.761384 33.607815 24.953428
v 8.761384 34.200817 24.770512
v 8.761384 34.814457 24.678017
v 8.761384 35.435036 24.678017
v 8.761384 36.048679 24.770508
v 8.761384 36.641682 24.953424
v 8.761384 37.200802 25.222679
v 8.761384 37.713547 25.572260
v 8.761380 38.168461 25.994360
v 8.761380 38.555382 26.479540
v 8.761380 38.865669 27.016975
v 8.761380 39.092392 27.594652
v 8.761380 39.230484 28.199669
v 8.458680 39.297054 29.131187
v 8.458680 39.203850 29.749544
v 8.458684 39.019531 30.347103
v 8.458684 38.748207 30.910517
v 8.458684 38.395939 31.427200
v 8.458684 37.970600 31.885609
v 8.458684 37.481686 32.275501
v 8.458684 36.940121 32.588169
v 8.458684 36.358009 32.816635
v 8.458684 35.748348 32.955784
v 8.458688 35.124756 33.002518
v 8.458688 34.501163 32.955784
v 8.458688 33.891499 32.816635
v 8.458688 33.309383 32.588169
v 8.458688 32.767822 32.275501
v 8.458688 32.278912 31.885609
v 8.458688 31.853571 31.427200
v 8.458688 31.501307 30.910521
v 8.458688 31.229979 30.347103
v 8.458688 31.045654 29.749548
v 8.458688 30.952454 29.131191
v 8.458688 30.952454 28.505848
v 8.458688 31.045654 27.887491
v 8.458688 31.229979 27.289936
v 8.458688 31.501303 26.726521
v 8.458688 31.853565 26.209841
v 8.458688 32.278912 25.751432
v 8.458688 32.767818 25.361536
v 8.458684 33.309380 25.048868
v 8.458684 33.891495 24.820404
v 8.458684 34.501152 24.681252
v 8.458684 35.124744 24.634516
v 8.458684 35.748337 24.681248
v 8.458684 36.358002 24.820400
v 8.458684 36.940117 25.048861
v 8.458684 37.481678 25.361532
v 8.458680 37.970589 25.751425
v 8.458680 38.395931 26.209827
v 8.458680 38.748199 26.726507
v 8.458680 39.019527 27.289921
v 8.458680 39.203850 27.887480
v 8.458680 39.297054 28.505844
v 8.402692 39.071136 29.413336
v 8.514672 39.115707 28.818516
v 8.514672 38.938400 29.994871
v 8.402692 38.720478 30.550129
v 8.514672 38.422234 31.066700
v 8.402692 38.050331 31.533056
v 8.514672 37.613075 31.938772
v 8.402696 37.120232 32.274784
v 8.514676 36.582813 32.533592
v 8.402696 36.012821 32.709408
v 8.514676 35.423000 32.798309
v 8.402696 34.826511 32.798309
v 8.514676 34.236683 32.709408
v 8.402696 33.666695 32.533592
v 8.514680 33.129280 32.274784
v 8.402700 32.636433 31.938772
v 8.514680 32.199177 31.533056
v 8.402700 31.827274 31.066700
v 8.514680 31.529030 30.550129
v 8.402700 31.311106 29.994871
v 8.514680 31.178373 29.413340
v 8.402700 31.133802 28.818520
v 8.514680 31.178373 28.223700
v 8.402700 31.311106 27.642168
v 8.514680 31.529026 27.086912
v 8.402700 31.827271 26.570335
v 8.514676 32.199173 26.103985
v 8.402696 32.636429 25.698269
v 8.514676 33.129272 25.362251
v 8.402696 33.666691 25.103443
v 8.514676 34.236679 24.927628
v 8.402696 34.826504 24.838724
v 8.514672 35.422989 24.838724
v 8.402692 36.012817 24.927624
v 8.514672 36.582806 25.103439
v 8.402692 37.120220 25.362247
v 8.514672 37.613068 25.698259
v 8.402692 38.050327 26.103971
v 8.514672 38.422230 26.570324
v 8.402692 38.720474 27.086901
v 8.514672 38.938396 27.642153
v 8.402692 39.071133 28.223688
v 5.764980 35.337475 33.380501
v 5.463964 35.337475 33.380501
v 5.463968 34.877098 33.380501
v 5.764980 34.877098 33.380501
v 5.761816 35.337475 24.345469
v 5.462028 35.337475 24.376141
v 5.462028 34.877098 24.376141
v 5.761816 34.877098 24.345469
v 5.742592 35.337475 24.217756
v 5.448176 35.337475 24.284128
v 5.448176 34.877098 24.284128
v 5.742592 34.877098 24.217756
v 5.704908 35.337475 24.093355
v 5.425892 35.337475 24.210571
v 5.425892 34.877098 24.210571
v 5.704908 34.877098 24.093355
v 5.640816 35.337475 23.976416
v 5.396392 35.337475 24.156755
v 5.396392 34.877098 24.156755
v 5.640816 34.877098 23.976416
v 5.547092 35.337475 23.879772
v 5.356184 35.337475 24.115295
v 5.356184 34.877098 24.115295
v 5.547096 34.877098 23.879772
v 5.446476 35.337475 23.816484
v 5.308576 35.337475 24.085356
v 5.308576 34.877098 24.085356
v 5.446476 34.877098 23.816484
v 5.344356 35.337475 23.774948
v 5.251520 35.337475 24.062147
v 5.251520 34.877098 24.062147
v 5.344356 34.877098 23.774948
v 5.241040 35.337475 23.749781
v 5.186516 35.337475 24.046316
v 5.186516 34.877098 24.046316
v 5.241040 34.877098 23.749781
v 5.138576 35.337475 23.736944
v 5.113360 35.337475 24.037151
v 5.113360 34.877098 24.037151
v 5.138576 34.877098 23.736944
v 4.008560 35.337475 23.736776
v 4.008544 35.337475 24.037788
v 4.008544 34.877098 24.037788
v 4.008560 34.877098 23.736776
v 3.497868 35.698692 23.690228
v 3.292968 35.660389 23.690228
v 3.292968 35.660389 24.078808
v 3.497868 35.698692 24.078808
v 3.115740 35.550659 23.690228
v 3.115740 35.550659 24.078808
v 2.990120 35.384312 23.690228
v 2.990120 35.384312 24.078808
v 2.933072 35.183815 23.690228
v 2.933072 35.183815 24.078808
v 2.952308 34.976254 23.690228
v 2.952308 34.976254 24.078808
v 3.045220 34.789654 23.690228
v 3.045220 34.789654 24.078808
v 3.199268 34.649223 23.690228
v 3.199268 34.649223 24.078808
v 3.393644 34.573921 23.690228
v 3.393644 34.573921 24.078808
v 3.602096 34.573921 23.690228
v 3.602096 34.573921 24.078808
v 3.796468 34.649223 23.690228
v 3.796468 34.649223 24.078808
v 3.950516 34.789654 23.690228
v 3.950516 34.789654 24.078808
v 4.043432 34.976254 23.690228
v 4.043432 34.976254 24.078808
v 4.062664 35.183819 23.690228
v 4.062664 35.183819 24.078808
v 4.005620 35.384312 23.690228
v 4.005620 35.384312 24.078808
v 3.880000 35.550659 23.690228
v 3.880000 35.550659 24.078808
v 3.702768 35.660393 23.690228
v 3.702768 35.660393 24.078808
v 5.639052 34.480053 26.788908
v 5.639052 34.489998 26.785681
v 5.639052 34.496143 26.777220
v 5.639052 34.496143 26.766764
v 5.639052 34.489998 26.758308
v 5.639052 34.480053 26.755075
v 5.639052 34.470112 26.758308
v 5.639052 34.463966 26.766764
v 5.639052 34.463966 26.777220
v 5.639052 34.470112 26.785681
v 5.602620 34.480053 26.788908
v 5.602620 34.489998 26.785681
v 5.602620 34.496143 26.777220
v 5.602620 34.496143 26.766764
v 5.602620 34.489998 26.758308
v 5.602620 34.480053 26.755075
v 5.602620 34.470112 26.758308
v 5.602620 34.463966 26.766764
v 5.602620 34.463966 26.777220
v 5.602620 34.470112 26.785681
v 5.690768 34.480053 26.838013
v 5.690768 34.502632 26.834028
v 5.690768 34.522491 26.822563
v 5.690768 34.537228 26.805000
v 5.690768 34.545071 26.783457
v 5.690768 34.545071 26.760529
v 5.690768 34.537228 26.738983
v 5.690768 34.522491 26.721420
v 5.690768 34.502632 26.709955
v 5.690768 34.480053 26.705976
v 5.690768 34.457474 26.709955
v 5.690768 34.437618 26.721420
v 5.690768 34.422882 26.738983
v 5.690768 34.415039 26.760529
v 5.690768 34.415039 26.783457
v 5.690768 34.422882 26.805000
v 5.690768 34.437618 26.822563
v 5.690768 34.457474 26.834028
v 5.674796 34.480053 26.838013
v 5.674796 34.502632 26.834028
v 5.674796 34.522491 26.822563
v 5.674796 34.537228 26.805000
v 5.674796 34.545071 26.783457
v 5.674796 34.545071 26.760529
v 5.674796 34.537228 26.738983
v 5.674796 34.522491 26.721420
v 5.674796 34.502632 26.709955
v 5.674796 34.480053 26.705976
v 5.674796 34.457474 26.709955
v 5.674796 34.437618 26.721420
v 5.674796 34.422882 26.738983
v 5.674796 34.415039 26.760529
v 5.674796 34.415039 26.783457
v 5.674796 34.422882 26.805000
v 5.674796 34.437618 26.822563
v 5.674796 34.457474 26.834028
v 5.673932 34.480053 26.815504
v 5.673932 34.521439 26.785440
v 5.673932 34.505630 26.736788
v 5.673932 34.454479 26.736788
v 5.673932 34.438671 26.785440
v 5.637500 34.480053 26.815504
v 5.637500 34.521439 26.785440
v 5.637500 34.505630 26.736788
v 5.637500 34.454479 26.736788
v 5.637500 34.438671 26.785440
v 5.639052 34.480053 26.551876
v 5.639052 34.489998 26.548643
v 5.639052 34.496143 26.540188
v 5.639052 34.496143 26.529732
v 5.639052 34.489998 26.521276
v 5.639052 34.480053 26.518044
v 5.639052 34.470112 26.521276
v 5.639052 34.463966 26.529732
v 5.639052 34.463966 26.540188
v 5.639052 34.470112 26.548643
v 5.602620 34.480053 26.551876
v 5.602620 34.489998 26.548643
v 5.602620 34.496143 26.540188
v 5.602620 34.496143 26.529732
v 5.602620 34.489998 26.521276
v 5.602620 34.480053 26.518044
v 5.602620 34.470112 26.521276
v 5.602620 34.463966 26.529732
v 5.602620 34.463966 26.540188
v 5.602620 34.470112 26.548643
v 5.690768 34.480053 26.600977
v 5.690768 34.502632 26.596996
v 5.690768 34.522491 26.585531
v 5.690768 34.537228 26.567968
v 5.690768 34.545071 26.546425
v 5.690768 34.545071 26.523497
v 5.690768 34.537228 26.501951
v 5.690768 34.522491 26.484388
v 5.690768 34.502632 26.472923
v 5.690768 34.480053 26.468945
v 5.690768 34.457474 26.472923
v 5.690768 34.437618 26.484388
v 5.690768 34.422882 26.501951
v 5.690768 34.415039 26.523497
v 5.690768 34.415039 26.546425
v 5.690768 34.422882 26.567968
v 5.690768 34.437618 26.585531
v 5.690768 34.457474 26.596996
v 5.674796 34.480053 26.600977
v 5.674796 34.502632 26.596996
v 5.674796 34.522491 26.585531
v 5.674796 34.537228 26.567968
v 5.674796 34.545071 26.546425
v 5.674796 34.545071 26.523497
v 5.674796 34.537228 26.501951
v 5.674796 34.522491 26.484388
v 5.674796 34.502632 26.472923
v 5.674796 34.480053 26.468945
v 5.674796 34.457474 26.472923
v 5.674796 34.437618 26.484388
v 5.674796 34.422882 26.501951
v 5.674796 34.415039 26.523497
v 5.674796 34.415039 26.546425
v 5.674796 34.422882 26.567968
v 5.674796 34.437618 26.585531
v 5.674796 34.457474 26.596996
v 5.673932 34.480053 26.578472
v 5.673932 34.521439 26.548409
v 5.673932 34.505630 26.499756
v 5.673932 34.454479 26.499756
v 5.673932 34.438671 26.548409
v 5.637500 34.480053 26.578472
v 5.637500 34.521439 26.548409
v 5.637500 34.505630 26.499756
v 5.637500 34.454479 26.499756
v 5.637500 34.438671 26.548409
v 5.639052 35.722729 26.788908
v 5.639052 35.732670 26.785681
v 5.639052 35.738819 26.777220
v 5.639052 35.738819 26.766764
v 5.639052 35.732670 26.758308
v 5.639052 35.722729 26.755075
v 5.639052 35.712788 26.758308
v 5.639052 35.706642 26.766764
v 5.639052 35.706642 26.777220
v 5.639052 35.712788 26.785681
v 5.602620 35.722729 26.788908
v 5.602620 35.732670 26.785681
v 5.602620 35.738819 26.777220
v 5.602620 35.738819 26.766764
v 5.602620 35.732670 26.758308
v 5.602620 35.722729 26.755075
v 5.602620 35.712788 26.758308
v 5.602620 35.706642 26.766764
v 5.602620 35.706642 26.777220
v 5.602620 35.712788 26.785681
v 5.690764 35.722729 26.838013
v 5.690764 35.745308 26.834028
v 5.690764 35.765163 26.822563
v 5.690764 35.779903 26.805000
v 5.690764 35.787743 26.783457
v 5.690764 35.787743 26.760529
v 5.690764 35.779903 26.738983
v 5.690764 35.765163 26.721420
v 5.690764 35.745308 26.709955
v 5.690764 35.722729 26.705976
v 5.690764 35.700150 26.709955
v 5.690764 35.680294 26.721420
v 5.690764 35.665558 26.738983
v 5.690764 35.657715 26.760529
v 5.690764 35.657715 26.783457
v 5.690764 35.665558 26.805000
v 5.690764 35.680294 26.822563
v 5.690764 35.700150 26.834028
v 5.674796 35.722729 26.838013
v 5.674796 35.745308 26.834028
v 5.674796 35.765163 26.822563
v 5.674796 35.779903 26.805000
v 5.674796 35.787743 26.783457
v 5.674796 35.787743 26.760529
v 5.674796 35.779903 26.738983
v 5.674796 35.765163 26.721420
v 5.674796 35.745308 26.709955
v 5.674796 35.722729 26.705976
v 5.674796 35.700150 26.709955
v 5.674796 35.680294 26.721420
v 5.674796 35.665558 26.738983
v 5.674796 35.657715 26.760529
v 5.674796 35.657715 26.783457
v 5.674796 35.665558 26.805000
v 5.674796 35.680294 26.822563
v 5.674796 35.700150 26.834028
v 5.673928 35.722729 26.815504
v 5.673928 35.764111 26.785440
v 5.673928 35.748306 26.736788
v 5.673928 35.697155 26.736788
v 5.673928 35.681347 26.785440
v 5.637500 35.722729 26.815504
v 5.637500 35.764111 26.785440
v 5.637500 35.748306 26.736788
v 5.637500 35.697155 26.736788
v 5.637500 35.681347 26.785440
v 5.639052 35.722729 26.551876
v 5.639052 35.732670 26.548643
v 5.639052 35.738819 26.540188
v 5.639052 35.738819 26.529732
v 5.639052 35.732670 26.521276
v 5.639052 35.722729 26.518044
v 5.639052 35.712788 26.521276
v 5.639052 35.706642 26.529732
v 5.639052 35.706642 26.540188
v 5.639052 35.712788 26.548643
v 5.602620 35.722729 26.551876
v 5.602620 35.732670 26.548643
v 5.602620 35.738819 26.540188
v 5.602620 35.738819 26.529732
v 5.602620 35.732670 26.521276
v 5.602620 35.722729 26.518044
v 5.602620 35.712788 26.521276
v 5.602620 35.706642 26.529732
v 5.602620 35.706642 26.540188
v 5.602620 35.712788 26.548643
v 5.690764 35.722729 26.600977
v 5.690764 35.745308 26.596996
v 5.690764 35.765163 26.585531
v 5.690764 35.779903 26.567968
v 5.690764 35.787743 26.546425
v 5.690764 35.787743 26.523497
v 5.690764 35.779903 26.501951
v 5.690764 35.765163 26.484388
v 5.690764 35.745308 26.472923
v 5.690764 35.722729 26.468945
v 5.690764 35.700150 26.472923
v 5.690764 35.680294 26.484388
v 5.690764 35.665558 26.501951
v 5.690764 35.657715 26.523497
v 5.690764 35.657715 26.546425
v 5.690764 35.665558 26.567968
v 5.690764 35.680294 26.585531
v 5.690764 35.700150 26.596996
v 5.674796 35.722729 26.600977
v 5.674796 35.745308 26.596996
v 5.674796 35.765163 26.585531
v 5.674796 35.779903 26.567968
v 5.674796 35.787743 26.546425
v 5.674796 35.787743 26.523497
v 5.674796 35.779903 26.501951
v 5.674796 35.765163 26.484388
v 5.674796 35.745308 26.472923
v 5.674796 35.722729 26.468945
v 5.674796 35.700150 26.472923
v 5.674796 35.680294 26.484388
v 5.674796 35.665558 26.501951
v 5.674796 35.657715 26.523497
v 5.674796 35.657715 26.546425
v 5.674796 35.665558 26.567968
v 5.674796 35.680294 26.585531
v 5.674796 35.700150 26.596996
v 5.673928 35.722729 26.578472
v 5.673928 35.764111 26.548409
v 5.673928 35.748306 26.499756
v 5.673928 35.697155 26.499756
v 5.673928 35.681347 26.548409
v 5.637500 35.722729 26.578472
v 5.637500 35.764111 26.548409
v 5.637500 35.748306 26.499756
v 5.637500 35.697155 26.499756
v 5.637500 35.681347 26.548409
v 5.687444 35.982754 26.893995
v 5.766848 35.982754 26.893995
v 5.766848 35.982754 26.409391
v 5.687444 35.982754 26.409391
v 5.685312 35.532310 26.893995
v 5.764384 35.524532 26.893995
v 5.764384 35.524532 26.409391
v 5.685312 35.532310 26.409391
v 5.682760 35.512970 26.893995
v 5.760944 35.498470 26.893995
v 5.760944 35.498470 26.409391
v 5.682760 35.512970 26.409391
v 5.678704 35.496067 26.893995
v 5.754572 35.471931 26.893995
v 5.754572 35.471931 26.409391
v 5.678704 35.496067 26.409391
v 5.672960 35.481705 26.893995
v 5.743984 35.445457 26.893995
v 5.743984 35.445457 26.409391
v 5.672960 35.481705 26.409391
v 5.665232 35.469471 26.893995
v 5.727984 35.420128 26.893995
v 5.727984 35.420128 26.409391
v 5.665232 35.469471 26.409391
v 5.654276 35.458157 26.893995
v 5.706352 35.397789 26.893995
v 5.706352 35.397789 26.409391
v 5.654276 35.458157 26.409391
v 5.641560 35.449039 26.893995
v 5.682620 35.380772 26.893995
v 5.682620 35.380772 26.409391
v 5.641560 35.449039 26.409391
v 5.629188 35.442898 26.893995
v 5.658784 35.368938 26.893995
v 5.658784 35.368938 26.409391
v 5.629188 35.442898 26.409391
v 5.616932 35.439098 26.893995
v 5.635032 35.361572 26.893995
v 5.635032 35.361572 26.409391
v 5.616932 35.439098 26.409391
v 5.604012 35.437042 26.893995
v 5.612100 35.357918 26.893995
v 5.612100 35.357918 26.409391
v 5.604012 35.437042 26.409391
v 5.589892 35.436398 26.893995
v 5.590488 35.356934 26.893995
v 5.590488 35.356934 26.409391
v 5.589892 35.436398 26.409391
v 5.555956 35.438141 26.893995
v 5.553156 35.358738 26.893995
v 5.553156 35.358738 26.409391
v 5.555956 35.438141 26.409391
v 5.536716 35.438175 26.893995
v 5.538240 35.358761 26.893995
v 5.538240 35.358761 26.409391
v 5.536716 35.438175 26.409391
v 5.517272 35.437393 26.893995
v 5.523832 35.358185 26.893995
v 5.523832 35.358185 26.409391
v 5.517272 35.437393 26.409391
v 5.496412 35.434765 26.893995
v 5.511460 35.356628 26.893995
v 5.511460 35.356628 26.409391
v 5.496412 35.434765 26.409391
v 5.474480 35.429047 26.893995
v 5.501092 35.353924 26.893995
v 5.501092 35.353924 26.409391
v 5.474480 35.429047 26.409391
v 5.452300 35.418987 26.893995
v 5.492212 35.349899 26.893995
v 5.492212 35.349899 26.409391
v 5.452300 35.418987 26.409391
v 5.431160 35.403831 26.893995
v 5.483840 35.343895 26.893995
v 5.483840 35.343895 26.409391
v 5.431160 35.403831 26.409391
v 5.412580 35.383915 26.893995
v 5.474772 35.334171 26.893995
v 5.474772 35.334171 26.409391
v 5.412580 35.383915 26.409391
v 5.397016 35.361099 26.893995
v 5.465592 35.320713 26.893995
v 5.465592 35.320713 26.409391
v 5.397016 35.361099 26.409391
v 5.385900 35.338985 26.893995
v 5.459332 35.308258 26.893995
v 5.459332 35.308258 26.409391
v 5.385900 35.338985 26.409391
v 5.378556 35.317318 26.893995
v 5.455440 35.296783 26.893995
v 5.455440 35.296783 26.409391
v 5.378556 35.317318 26.409391
v 5.374460 35.296589 26.893995
v 5.453208 35.285503 26.893995
v 5.453208 35.285503 26.409391
v 5.374460 35.296589 26.409391
v 5.687444 34.235935 26.893995
v 5.766852 34.235935 26.893995
v 5.766852 34.235935 26.409391
v 5.687444 34.235935 26.409391
v 5.685316 34.686378 26.893995
v 5.764384 34.694153 26.893995
v 5.764384 34.694153 26.409391
v 5.685316 34.686378 26.409391
v 5.682760 34.705723 26.893995
v 5.760944 34.720219 26.893995
v 5.760944 34.720219 26.409391
v 5.682760 34.705723 26.409391
v 5.678704 34.722626 26.893995
v 5.754576 34.746761 26.893995
v 5.754576 34.746761 26.409391
v 5.678704 34.722626 26.409391
v 5.672960 34.736984 26.893995
v 5.743984 34.773235 26.893995
v 5.743984 34.773235 26.409391
v 5.672960 34.736984 26.409391
v 5.665232 34.749218 26.893995
v 5.727984 34.798565 26.893995
v 5.727984 34.798565 26.409391
v 5.665232 34.749218 26.409391
v 5.654276 34.760529 26.893995
v 5.706352 34.820904 26.893995
v 5.706352 34.820904 26.409391
v 5.654276 34.760529 26.409391
v 5.641560 34.769650 26.893995
v 5.682620 34.837921 26.893995
v 5.682620 34.837921 26.409391
v 5.641560 34.769650 26.409391
v 5.629188 34.775791 26.893995
v 5.658784 34.849751 26.893995
v 5.658784 34.849751 26.409391
v 5.629188 34.775791 26.409391
v 5.616936 34.779591 26.893995
v 5.635032 34.857113 26.893995
v 5.635032 34.857113 26.409391
v 5.616932 34.779591 26.409391
v 5.604016 34.781651 26.893995
v 5.612100 34.860771 26.893995
v 5.612100 34.860771 26.409391
v 5.604016 34.781651 26.409391
v 5.589896 34.782295 26.893995
v 5.590488 34.861759 26.893995
v 5.590488 34.861759 26.409391
v 5.589896 34.782295 26.409391
v 5.570392 34.861137 26.893995
v 5.570388 34.861137 26.409391
v 5.555960 34.780552 26.893995
v 5.553156 34.859951 26.893995
v 5.553156 34.859951 26.409391
v 5.555960 34.780548 26.409391
v 5.538240 34.859924 26.893995
v 5.538240 34.859924 26.409391
v 5.517272 34.781296 26.893995
v 5.523832 34.860500 26.893995
v 5.523832 34.860500 26.409391
v 5.517272 34.781296 26.409391
v 5.496412 34.783920 26.893995
v 5.511460 34.862061 26.893995
v 5.511460 34.862061 26.409391
v 5.496412 34.783920 26.409391
v 5.474480 34.789646 26.893995
v 5.501092 34.864765 26.893995
v 5.501092 34.864765 26.409391
v 5.474480 34.789646 26.409391
v 5.452300 34.799702 26.893995
v 5.492212 34.868793 26.893995
v 5.492212 34.868793 26.409391
v 5.452300 34.799702 26.409391
v 5.431160 34.814857 26.893995
v 5.483840 34.874794 26.893995
v 5.483840 34.874794 26.409391
v 5.431160 34.814857 26.409391
v 5.412580 34.834778 26.893995
v 5.474772 34.884518 26.893995
v 5.474772 34.884518 26.409391
v 5.412580 34.834778 26.409391
v 5.397016 34.857590 26.893995
v 5.465592 34.897976 26.893995
v 5.465592 34.897972 26.409391
v 5.397016 34.857590 26.409391
v 5.385904 34.879704 26.893995
v 5.459332 34.910431 26.893995
v 5.459332 34.910431 26.409391
v 5.385904 34.879704 26.409391
v 5.378556 34.901375 26.893995
v 5.455440 34.921906 26.893995
v 5.455440 34.921906 26.409391
v 5.378556 34.901375 26.409391
v 5.374460 34.922104 26.893995
v 5.453208 34.933189 26.893995
v 5.453208 34.933189 26.409391
v 5.374460 34.922104 26.409391
v 5.372820 34.941422 26.893995
v 5.452204 34.945026 26.893995
v 5.452204 34.945026 26.409391
v 5.372820 34.941422 26.409391
v 5.639052 34.480053 31.242624
v 5.639052 34.489998 31.239391
v 5.639052 34.496143 31.230936
v 5.639052 34.496143 31.220480
v 5.639052 34.489998 31.212025
v 5.639052 34.480053 31.208792
v 5.639052 34.470112 31.212025
v 5.639052 34.463966 31.220480
v 5.639052 34.463966 31.230936
v 5.639052 34.470112 31.239391
v 5.602624 34.480053 31.242624
v 5.602624 34.489998 31.239391
v 5.602624 34.496143 31.230936
v 5.602624 34.496143 31.220480
v 5.602624 34.489998 31.212025
v 5.602624 34.480053 31.208792
v 5.602624 34.470112 31.212025
v 5.602624 34.463966 31.220480
v 5.602624 34.463966 31.230936
v 5.602624 34.470112 31.239391
v 5.690768 34.480053 31.291723
v 5.690768 34.502636 31.287745
v 5.690768 34.522491 31.276279
v 5.690768 34.537228 31.258717
v 5.690768 34.545071 31.237171
v 5.690768 34.545071 31.214245
v 5.690768 34.537228 31.192699
v 5.690768 34.522491 31.175137
v 5.690768 34.502636 31.163671
v 5.690768 34.480053 31.159693
v 5.690768 34.457474 31.163671
v 5.690768 34.437618 31.175137
v 5.690768 34.422882 31.192699
v 5.690768 34.415039 31.214245
v 5.690768 34.415039 31.237171
v 5.690768 34.422882 31.258717
v 5.690768 34.437618 31.276279
v 5.690768 34.457474 31.287745
v 5.674796 34.480053 31.291723
v 5.674796 34.502636 31.287745
v 5.674796 34.522491 31.276279
v 5.674796 34.537228 31.258717
v 5.674796 34.545071 31.237171
v 5.674796 34.545071 31.214245
v 5.674796 34.537228 31.192699
v 5.674796 34.522491 31.175137
v 5.674796 34.502636 31.163671
v 5.674796 34.480053 31.159693
v 5.674796 34.457474 31.163671
v 5.674796 34.437618 31.175137
v 5.674796 34.422882 31.192699
v 5.674796 34.415039 31.214245
v 5.674796 34.415039 31.237171
v 5.674796 34.422882 31.258717
v 5.674796 34.437618 31.276279
v 5.674796 34.457474 31.287745
v 5.673932 34.480053 31.269220
v 5.673932 34.521439 31.239157
v 5.673932 34.505630 31.190504
v 5.673932 34.454479 31.190504
v 5.673932 34.438671 31.239157
v 5.637500 34.480053 31.269220
v 5.637500 34.521439 31.239157
v 5.637500 34.505630 31.190504
v 5.637500 34.454479 31.190504
v 5.637500 34.438671 31.239157
v 5.639052 34.480053 31.005592
v 5.639052 34.489998 31.002359
v 5.639052 34.496143 30.993904
v 5.639052 34.496143 30.983448
v 5.639052 34.489998 30.974993
v 5.639052 34.480053 30.971760
v 5.639052 34.470112 30.974993
v 5.639052 34.463966 30.983448
v 5.639052 34.463966 30.993904
v 5.639052 34.470112 31.002359
v 5.602624 34.480053 31.005592
v 5.602624 34.489998 31.002359
v 5.602624 34.496143 30.993904
v 5.602624 34.496143 30.983448
v 5.602624 34.489998 30.974993
v 5.602624 34.480053 30.971760
v 5.602624 34.470112 30.974993
v 5.602624 34.463966 30.983448
v 5.602624 34.463966 30.993904
v 5.602624 34.470112 31.002359
v 5.690768 34.480053 31.054691
v 5.690768 34.502636 31.050713
v 5.690768 34.522491 31.039248
v 5.690768 34.537228 31.021685
v 5.690768 34.545071 31.000139
v 5.690768 34.545071 30.977213
v 5.690768 34.537228 30.955667
v 5.690768 34.522491 30.938105
v 5.690768 34.502636 30.926640
v 5.690768 34.480053 30.922655
v 5.690768 34.457474 30.926640
v 5.690768 34.437618 30.938105
v 5.690768 34.422882 30.955667
v 5.690768 34.415039 30.977213
v 5.690768 34.415039 31.000139
v 5.690768 34.422882 31.021685
v 5.690768 34.437618 31.039248
v 5.690768 34.457474 31.050713
v 5.674796 34.480053 31.054691
v 5.674796 34.502636 31.050713
v 5.674796 34.522491 31.039248
v 5.674796 34.537228 31.021685
v 5.674796 34.545071 31.000139
v 5.674796 34.545071 30.977213
v 5.674796 34.537228 30.955667
v 5.674796 34.522491 30.938105
v 5.674796 34.502636 30.926640
v 5.674796 34.480053 30.922655
v 5.674796 34.457474 30.926640
v 5.674796 34.437618 30.938105
v 5.674796 34.422882 30.955667
v 5.674796 34.415039 30.977213
v 5.674796 34.415039 31.000139
v 5.674796 34.422882 31.021685
v 5.674796 34.437618 31.039248
v 5.674796 34.457474 31.050713
v 5.673932 34.480053 31.032188
v 5.673932 34.521439 31.002119
v 5.673932 34.505630 30.953472
v 5.673932 34.454479 30.953472
v 5.673932 34.438671 31.002119
v 5.637500 34.480053 31.032188
v 5.637500 34.521439 31.002119
v 5.637500 34.505630 30.953472
v 5.637500 34.454479 30.953472
v 5.637500 34.438671 31.002119
v 5.639052 35.722729 31.242624
v 5.639052 35.732670 31.239391
v 5.639052 35.738819 31.230936
v 5.639052 35.738819 31.220480
v 5.639052 35.732670 31.212025
v 5.639052 35.722729 31.208792
v 5.639052 35.712788 31.212025
v 5.639052 35.706642 31.220480
v 5.639052 35.706642 31.230936
v 5.639052 35.712788 31.239391
v 5.602620 35.722729 31.242624
v 5.602620 35.732670 31.239391
v 5.602620 35.738819 31.230936
v 5.602620 35.738819 31.220480
v 5.602620 35.732670 31.212025
v 5.602620 35.722729 31.208792
v 5.602620 35.712788 31.212025
v 5.602620 35.706642 31.220480
v 5.602620 35.706642 31.230936
v 5.602620 35.712788 31.239391
v 5.690768 35.722729 31.291723
v 5.690768 35.745308 31.287745
v 5.690768 35.765163 31.276279
v 5.690768 35.779903 31.258717
v 5.690764 35.787743 31.237171
v 5.690764 35.787743 31.214245
v 5.690764 35.779903 31.192699
v 5.690768 35.765163 31.175137
v 5.690768 35.745308 31.163671
v 5.690768 35.722729 31.159693
v 5.690768 35.700150 31.163671
v 5.690768 35.680294 31.175137
v 5.690768 35.665558 31.192699
v 5.690768 35.657715 31.214245
v 5.690768 35.657715 31.237171
v 5.690768 35.665558 31.258717
v 5.690768 35.680294 31.276279
v 5.690768 35.700150 31.287745
v 5.674796 35.722729 31.291723
v 5.674796 35.745308 31.287745
v 5.674796 35.765163 31.276279
v 5.674796 35.779903 31.258717
v 5.674796 35.787743 31.237171
v 5.674796 35.787743 31.214245
v 5.674796 35.779903 31.192699
v 5.674796 35.765163 31.175137
v 5.674796 35.745308 31.163671
v 5.674796 35.722729 31.159693
v 5.674796 35.700150 31.163671
v 5.674796 35.680294 31.175137
v 5.674796 35.665558 31.192699
v 5.674796 35.657715 31.214245
v 5.674796 35.657715 31.237171
v 5.674796 35.665558 31.258717
v 5.674796 35.680294 31.276279
v 5.674796 35.700150 31.287745
v 5.673932 35.722729 31.269220
v 5.673932 35.764111 31.239157
v 5.673932 35.748306 31.190504
v 5.673932 35.697155 31.190504
v 5.673932 35.681347 31.239157
v 5.637500 35.722729 31.269220
v 5.637500 35.764111 31.239157
v 5.637500 35.748306 31.190504
v 5.637500 35.697155 31.190504
v 5.637500 35.681347 31.239157
v 5.639052 35.722729 31.005592
v 5.639052 35.732670 31.002359
v 5.639052 35.738819 30.993904
v 5.639052 35.738819 30.983448
v 5.639052 35.732670 30.974993
v 5.639052 35.722729 30.971760
v 5.639052 35.712788 30.974993
v 5.639052 35.706642 30.983448
v 5.639052 35.706642 30.993904
v 5.639052 35.712788 31.002359
v 5.602620 35.722729 31.005592
v 5.602620 35.732670 31.002359
v 5.602620 35.738819 30.993904
v 5.602620 35.738819 30.983448
v 5.602620 35.732670 30.974993
v 5.602620 35.722729 30.971760
v 5.602620 35.712788 30.974993
v 5.602620 35.706642 30.983448
v 5.602620 35.706642 30.993904
v 5.602620 35.712788 31.002359
v 5.690768 35.722729 31.054691
v 5.690764 35.745308 31.050713
v 5.690764 35.765163 31.039248
v 5.690764 35.779903 31.021685
v 5.690764 35.787743 31.000139
v 5.690764 35.787743 30.977213
v 5.690764 35.779903 30.955667
v 5.690764 35.765163 30.938105
v 5.690764 35.745308 30.926640
v 5.690764 35.722729 30.922655
v 5.690764 35.700150 30.926640
v 5.690768 35.680294 30.938105
v 5.690768 35.665558 30.955667
v 5.690768 35.657715 30.977213
v 5.690768 35.657715 31.000139
v 5.690768 35.665558 31.021685
v 5.690768 35.680294 31.039248
v 5.690768 35.700150 31.050713
v 5.674796 35.722729 31.054691
v 5.674796 35.745308 31.050713
v 5.674796 35.765163 31.039248
v 5.674796 35.779903 31.021685
v 5.674796 35.787743 31.000139
v 5.674796 35.787743 30.977213
v 5.674796 35.779903 30.955667
v 5.674796 35.765163 30.938105
v 5.674796 35.745308 30.926640
v 5.674796 35.722729 30.922655
v 5.674796 35.700150 30.926640
v 5.674796 35.680294 30.938105
v 5.674796 35.665558 30.955667
v 5.674796 35.657715 30.977213
v 5.674796 35.657715 31.000139
v 5.674796 35.665558 31.021685
v 5.674796 35.680294 31.039248
v 5.674796 35.700150 31.050713
v 5.673932 35.722729 31.032188
v 5.673932 35.764111 31.002119
v 5.673932 35.748306 30.953472
v 5.673932 35.697155 30.953472
v 5.673932 35.681347 31.002119
v 5.637500 35.722729 31.032188
v 5.637500 35.764111 31.002119
v 5.637500 35.748306 30.953472
v 5.637500 35.697155 30.953472
v 5.637500 35.681347 31.002119
v 5.687444 35.982754 31.347712
v 5.766848 35.982754 31.347712
v 5.766848 35.982754 30.863104
v 5.687444 35.982754 30.863104
v 5.685316 35.532310 31.347712
v 5.764384 35.524536 31.347712
v 5.764384 35.524536 30.863104
v 5.685316 35.532310 30.863104
v 5.682764 35.512970 31.347712
v 5.760944 35.498470 31.347712
v 5.760944 35.498470 30.863104
v 5.682760 35.512970 30.863104
v 5.678704 35.496067 31.347712
v 5.754576 35.471931 31.347712
v 5.754576 35.471931 30.863104
v 5.678704 35.496067 30.863104
v 5.672960 35.481705 31.347712
v 5.743984 35.445457 31.347712
v 5.743984 35.445457 30.863104
v 5.672960 35.481705 30.863104
v 5.665232 35.469471 31.347712
v 5.727984 35.420128 31.347712
v 5.727984 35.420128 30.863104
v 5.665232 35.469471 30.863104
v 5.654276 35.458157 31.347712
v 5.706352 35.397789 31.347712
v 5.706352 35.397789 30.863104
v 5.654276 35.458157 30.863104
v 5.641564 35.449039 31.347712
v 5.682620 35.380772 31.347712
v 5.682620 35.380772 30.863104
v 5.641560 35.449039 30.863104
v 5.629188 35.442898 31.347712
v 5.658784 35.368938 31.347712
v 5.658784 35.368938 30.863104
v 5.629188 35.442898 30.863104
v 5.616936 35.439098 31.347712
v 5.635032 35.361576 31.347712
v 5.635032 35.361576 30.863104
v 5.616932 35.439098 30.863104
v 5.604016 35.437042 31.347712
v 5.612100 35.357918 31.347712
v 5.612100 35.357918 30.863104
v 5.604016 35.437042 30.863104
v 5.589896 35.436398 31.347712
v 5.590488 35.356934 31.347712
v 5.590488 35.356934 30.863104
v 5.589896 35.436398 30.863104
v 5.570392 35.357552 31.347712
v 5.570392 35.357552 30.863104
v 5.555960 35.438141 31.347712
v 5.553156 35.358738 31.347712
v 5.553156 35.358738 30.863104
v 5.555960 35.438141 30.863104
v 5.536716 35.438175 31.347712
v 5.538240 35.358761 31.347712
v 5.538240 35.358761 30.863104
v 5.536716 35.438175 30.863104
v 5.517272 35.437393 31.347712
v 5.523832 35.358185 31.347712
v 5.523832 35.358185 30.863104
v 5.517272 35.437393 30.863104
v 5.496412 35.434765 31.347712
v 5.511460 35.356632 31.347712
v 5.511460 35.356628 30.863104
v 5.496412 35.434765 30.863104
v 5.474480 35.429047 31.347712
v 5.501092 35.353924 31.347712
v 5.501092 35.353924 30.863104
v 5.474480 35.429047 30.863104
v 5.452300 35.418987 31.347712
v 5.492212 35.349899 31.347712
v 5.492212 35.349899 30.863104
v 5.452300 35.418987 30.863104
v 5.431160 35.403831 31.347712
v 5.483840 35.343895 31.347712
v 5.483840 35.343895 30.863104
v 5.431160 35.403831 30.863104
v 5.412580 35.383915 31.347712
v 5.474772 35.334171 31.347712
v 5.474772 35.334171 30.863104
v 5.412580 35.383915 30.863104
v 5.397016 35.361099 31.347712
v 5.465592 35.320713 31.347712
v 5.465592 35.320713 30.863104
v 5.397016 35.361099 30.863104
v 5.385904 35.338985 31.347712
v 5.459332 35.308258 31.347712
v 5.459332 35.308258 30.863104
v 5.385904 35.338985 30.863104
v 5.378556 35.317318 31.347712
v 5.455440 35.296783 31.347712
v 5.455440 35.296783 30.863104
v 5.378556 35.317318 30.863104
v 5.374460 35.296589 31.347712
v 5.453212 35.285503 31.347712
v 5.453212 35.285503 30.863104
v 5.374460 35.296589 30.863104
v 5.687444 34.235935 31.347712
v 5.766852 34.235935 31.347712
v 5.766852 34.235935 30.863104
v 5.687444 34.235935 30.863104
v 5.685316 34.686378 31.347712
v 5.764384 34.694153 31.347712
v 5.764384 34.694153 30.863104
v 5.685316 34.686378 30.863104
v 5.682764 34.705723 31.347712
v 5.760944 34.720219 31.347712
v 5.760944 34.720219 30.863104
v 5.682764 34.705723 30.863104
v 5.678708 34.722626 31.347712
v 5.754576 34.746761 31.347712
v 5.754576 34.746761 30.863104
v 5.678708 34.722626 30.863104
v 5.672960 34.736988 31.347712
v 5.743984 34.773235 31.347712
v 5.743984 34.773235 30.863104
v 5.672960 34.736988 30.863104
v 5.665236 34.749218 31.347712
v 5.727988 34.798565 31.347712
v 5.727988 34.798565 30.863104
v 5.665236 34.749218 30.863104
v 5.654276 34.760529 31.347712
v 5.706352 34.820900 31.347712
v 5.706352 34.820900 30.863104
v 5.654276 34.760529 30.863104
v 5.641564 34.769650 31.347712
v 5.682620 34.837921 31.347712
v 5.682620 34.837921 30.863104
v 5.641564 34.769650 30.863104
v 5.629192 34.775791 31.347712
v 5.658788 34.849751 31.347712
v 5.658788 34.849751 30.863104
v 5.629188 34.775791 30.863104
v 5.616936 34.779591 31.347712
v 5.635032 34.857113 31.347712
v 5.635032 34.857113 30.863104
v 5.616936 34.779591 30.863104
v 5.604016 34.781651 31.347712
v 5.612100 34.860771 31.347712
v 5.612100 34.860771 30.863104
v 5.604016 34.781651 30.863104
v 5.589896 34.782295 31.347712
v 5.590488 34.861755 31.347712
v 5.590488 34.861755 30.863104
v 5.589896 34.782295 30.863104
v 5.570392 34.861137 31.347712
v 5.570392 34.861137 30.863104
v 5.555960 34.780552 31.347712
v 5.553156 34.859951 31.347712
v 5.553156 34.859951 30.863104
v 5.555960 34.780552 30.863104
v 5.536716 34.780518 31.347712
v 5.538240 34.859928 31.347712
v 5.538240 34.859928 30.863104
v 5.536716 34.780518 30.863104
v 5.517272 34.781296 31.347712
v 5.523832 34.860504 31.347712
v 5.523832 34.860504 30.863104
v 5.517272 34.781296 30.863104
v 5.496412 34.783924 31.347712
v 5.511460 34.862061 31.347712
v 5.511460 34.862061 30.863104
v 5.496412 34.783924 30.863104
v 5.474480 34.789646 31.347712
v 5.501092 34.864765 31.347712
v 5.501092 34.864765 30.863104
v 5.474480 34.789646 30.863104
v 5.452300 34.799702 31.347712
v 5.492212 34.868793 31.347712
v 5.492212 34.868793 30.863104
v 5.452300 34.799702 30.863104
v 5.431160 34.814857 31.347712
v 5.483844 34.874794 31.347712
v 5.483844 34.874794 30.863104
v 5.431160 34.814857 30.863104
v 5.412580 34.834778 31.347712
v 5.474772 34.884518 31.347712
v 5.474772 34.884518 30.863104
v 5.412580 34.834778 30.863104
v 5.397016 34.857590 31.347712
v 5.465592 34.897976 31.347712
v 5.465592 34.897976 30.863104
v 5.397016 34.857590 30.863104
v 5.385904 34.879704 31.347712
v 5.459332 34.910431 31.347712
v 5.459332 34.910431 30.863104
v 5.385904 34.879704 30.863104
v 5.378556 34.901375 31.347712
v 5.455440 34.921906 31.347712
v 5.455440 34.921906 30.863104
v 5.378556 34.901375 30.863104
v 5.374460 34.922104 31.347712
v 5.453212 34.933189 31.347712
v 5.453212 34.933189 30.863104
v 5.374460 34.922104 30.863104
v 5.372820 34.941422 31.347712
v 5.452208 34.945026 31.347712
v 5.452208 34.945026 30.863104
v 5.372820 34.941422 30.863104
v 8.783752 39.208405 29.434029
v 8.783752 39.254532 28.818516
v 8.783752 39.071053 30.035788
v 8.783752 38.845554 30.610359
v 8.783752 38.536934 31.144903
v 8.783752 38.152096 31.627480
v 8.783752 37.699627 32.047310
v 8.783756 37.189644 32.395008
v 8.783756 36.633530 32.662819
v 8.783756 36.043716 32.844749
v 8.783756 35.433376 32.936745
v 8.783756 34.816135 32.936745
v 8.783756 34.205791 32.844749
v 8.783760 33.615978 32.662819
v 8.783760 33.059868 32.395008
v 8.783760 32.549881 32.047310
v 8.783760 32.097416 31.627480
v 8.783760 31.712574 31.144903
v 8.783760 31.403954 30.610359
v 8.783760 31.178455 30.035791
v 8.783760 31.041107 29.434032
v 8.783760 30.994978 28.818520
v 8.783760 31.041101 28.203009
v 8.783760 31.178450 27.601248
v 8.783760 31.403954 27.026680
v 8.783760 31.712570 26.492136
v 8.783756 32.097408 26.009560
v 8.783756 32.549877 25.589731
v 8.783756 33.059860 25.242027
v 8.783756 33.615974 24.974220
v 8.783756 34.205788 24.792284
v 8.783756 34.816132 24.700289
v 8.783752 35.433365 24.700289
v 8.783752 36.043709 24.792284
v 8.783752 36.633522 24.974216
v 8.783752 37.189632 25.242020
v 8.783752 37.699623 25.589720
v 8.783752 38.152088 26.009552
v 8.783752 38.536930 26.492125
v 8.783752 38.845551 27.026665
v 8.783752 39.071053 27.601236
v 8.783752 39.208401 28.202995
v 9.097548 37.999672 29.251844
v 9.097548 38.032146 28.818516
v 9.097548 37.902977 29.675484
v 9.097552 37.744221 30.079988
v 9.097552 37.526955 30.456308
v 9.097552 37.256023 30.796043
v 9.097552 36.937481 31.091608
v 9.097552 36.578449 31.336391
v 9.097552 36.186943 31.524933
v 9.097552 35.771709 31.653011
v 9.097552 35.342022 31.717775
v 9.097552 34.907486 31.717775
v 9.097556 34.477798 31.653011
v 9.097556 34.062565 31.524933
v 9.097556 33.671059 31.336391
v 9.097556 33.312027 31.091608
v 9.097556 32.993484 30.796043
v 9.097556 32.722557 30.456308
v 9.097556 32.505287 30.079988
v 9.097556 32.346531 29.675488
v 9.097556 32.249840 29.251844
v 9.097556 32.217365 28.818516
v 9.097556 32.249840 28.385197
v 9.097556 32.346531 27.961552
v 9.097556 32.505287 27.557053
v 9.097556 32.722553 27.180729
v 9.097556 32.993484 26.840992
v 9.097552 33.312023 26.545431
v 9.097552 33.671059 26.300644
v 9.097552 34.062561 26.112108
v 9.097552 34.477795 25.984024
v 9.097552 34.907482 25.919260
v 9.097552 35.342018 25.919256
v 9.097552 35.771702 25.984020
v 9.097552 36.186939 26.112104
v 9.097552 36.578445 26.300640
v 9.097552 36.937477 26.545424
v 9.097548 37.256020 26.840984
v 9.097548 37.526951 27.180719
v 9.097548 37.744217 27.557039
v 9.097548 37.902973 27.961544
v 9.097548 37.999672 28.385183
s 1
usemtl itu_metal
f 5169 5168 5126 5127
f 5788 5789 5579 5746 5578
f 5755 5756 5546 5713 5545
f 6140 6144 6145 6141
f 5296 5295 5294 5293
f 5790 5791 5581 5748 5580
f 5764 5765 5555 5722 5554
f 5181 5180 5138 5139
f 5213 5212 5253 5254
f 5313 5314 5315 5316
f 5198 5197 5155 5156
f 5756 5757 5547 5714 5546
f 5377 5378 5379 5380
f 5226 5225 5266 5267
f 5164 5163 5121 5122
f 5393 5394 5395 5396
f 5219 5218 5259 5260
f 5203 5202 5160 5161
f 5204 5203 5161 5162
f 5441 5442 5443 5444
f 5174 5173 5131 5132
f 5163 5204 5162 5121
f 5329 5330 5331 5332
f 5165 5164 5122 5123
f 5197 5196 5154 5155
f 5217 5216 5257 5258
f 5216 5215 5256 5257
f 5784 5785 5575 5742 5574
f 5222 5221 5262 5263
f 5196 5195 5153 5154
f 5184 5183 5141 5142
f 5238 5237 5278 5279
f 5185 5184 5142 5143
f 6236 6237 6241 6240
f 5176 5175 5133 5134
f 5168 5167 5125 5126
f 6608 6612 6613 6609
f 5191 5190 5148 5149
f 5192 5191 5149 5150
f 5336 5335 5334 5333
f 5182 5181 5139 5140
f 5236 5235 5276 5277
f 5352 5351 5350 5349
f 5353 5354 5355 5356
f 5215 5214 5255 5256
f 5214 5213 5254 5255
f 5201 5200 5158 5159
f 5361 5362 5363 5364
f 5543 5710 5541 5751 5753
f 5541 5709 5542 5752 5751
f 5368 5367 5366 5365
f 5761 5762 5552 5719 5551
f 5762 5763 5553 5720 5552
f 5376 5375 5374 5373
f 5571 5738 5570 5780 5781
f 5199 5198 5156 5157
f 5778 5779 5569 5736 5568
f 5800 5804 5801 5797
f 5225 5224 5265 5266
f 5228 5227 5268 5269
f 5227 5226 5267 5268
f 5432 5431 5430 5429
f 5172 5171 5129 5130
f 5231 5230 5271 5272
f 5401 5402 5403 5404
f 5232 5231 5272 5273
f 5230 5229 5270 5271
f 5409 5410 5411 5412
f 5321 5322 5323 5324
f 5167 5166 5124 5125
f 6144 6148 6149 6145
f 5417 5418 5419 5420
f 5235 5234 5275 5276
f 5234 5233 5274 5275
f 5425 5426 5427 5428
f 5240 5239 5280 5281
f 5173 5172 5130 5131
f 5239 5238 5279 5280
f 5242 5241 5282 5283
f 5448 5447 5446 5445
f 5246 5245 5286 5287
f 5166 5165 5123 5124
f 5175 5174 5132 5133
f 5244 5243 5284 5285
f 5248 5247 5288 5206
f 5289 5290 5291 5292
f 5190 5189 5147 5148
f 5193 5192 5150 5151
f 5178 5177 5135 5136
f 5200 5199 5157 5158
f 6702 6703 6707 6706
f 5209 5208 5249 5250
f 5171 5170 5128 5129
f 5344 5343 5342 5341
f 5202 5201 5159 5160
f 5180 5179 5137 5138
f 5195 5194 5152 5153
f 5337 5338 5339 5340
f 5320 5319 5318 5317
f 5210 5209 5250 5251
f 5211 5210 5251 5252
f 5345 5346 5347 5348
f 5179 5178 5136 5137
f 5360 5359 5358 5357
f 5220 5219 5260 5261
f 5753 5754 5544 5711 5543
f 5545 5712 5544 5754 5755
f 5757 5758 5548 5715 5547
f 5759 5760 5550 5717 5549
f 5760 5761 5551 5718 5550
f 5218 5217 5258 5259
f 5221 5220 5261 5262
f 5763 5764 5554 5721 5553
f 5765 5766 5556 5723 5555
f 5557 5724 5556 5766 5767
f 5768 5769 5559 5726 5558
f 5767 5768 5558 5725 5557
f 5770 5771 5561 5728 5560
f 5769 5770 5560 5727 5559
f 5771 5772 5562 5729 5561
f 5772 5773 5563 5730 5562
f 5773 5774 5564 5731 5563
f 5774 5775 5565 5732 5564
f 5775 5776 5566 5733 5565
f 5224 5223 5264 5265
f 5776 5777 5567 5734 5566
f 5777 5778 5568 5735 5567
f 5779 5780 5570 5737 5569
f 5212 5211 5252 5253
f 5573 5740 5572 5782 5783
f 5781 5782 5572 5739 5571
f 5305 5306 5307 5308
f 5785 5786 5576 5743 5575
f 5783 5784 5574 5741 5573
f 5786 5787 5577 5744 5576
f 5787 5788 5578 5745 5577
f 5369 5370 5371 5372
f 5789 5790 5580 5747 5579
f 5582 5749 5581 5791 5792
f 5223 5222 5263 5264
f 5384 5383 5382 5381
f 5328 5327 5326 5325
f 5385 5386 5387 5388
f 5392 5391 5390 5389
f 5400 5399 5398 5397
f 5233 5232 5273 5274
f 5229 5228 5269 5270
f 5408 5407 5406 5405
f 5416 5415 5414 5413
f 5207 5248 5206 5205
f 5183 5182 5140 5141
f 5424 5423 5422 5421
f 5440 5439 5438 5437
f 6233 6237 6236 6232
f 5433 5434 5435 5436
f 6148 6152 6153 6149
f 5241 5240 5281 5282
f 6695 6699 6698 6694
f 5170 5169 5127 5128
f 5187 5186 5144 5145
f 5243 5242 5283 5284
f 5245 5244 5285 5286
f 5456 5455 5454 5453
f 5188 5187 5145 5146
f 6596 6600 6601 6597
f 6240 6241 6245 6244
f 5247 5246 5287 5288
f 5121 5162 5161 5160 5159 5158 5157 5156 5155 5154 5153 5152 5151 5150 5149 5148 5147 5146 5145 5144 5143 5142 5141 5140 5139 5138 5137 5136 5135 5134 5133 5132 5131 5130 5129 5128 5127 5126 5125 5124 5123 5122
f 5194 5193 5151 5152
f 5189 5188 5146 5147
f 6244 6245 6249 6248
f 5449 5450 5451 5452
f 5297 5298 5299 5300
f 5237 5236 5277 5278
f 5796 5800 5797 5793
f 5304 5303 5302 5301
f 5312 5311 5310 5309
f 6600 6604 6605 6601
f 6604 6608 6609 6605
f 5177 5176 5134 5135
f 6706 6707 6711 6710
f 6136 6140 6141 6137
f 6698 6699 6703 6702
f 5208 5207 5205 5249
f 5186 5185 5143 5144
f 5542 5750 5582 5792 5752
f 5549 5716 5548 5758 5759
f 5180 5181 5182 5183 5184 5185 5186 5187 5188 5189 5190 5191 5192 5193 5194 5195 5196 5197 5198 5199 5200 5201 5202 5203 5204 5163 5164 5165 5166 5167 5168 5169 5170 5171 5172 5173 5174 5175 5176 5177 5178 5179
f 6166 6170 6167 6163
f 6664 6668 6665 6661
f 6686 6690 6691 6687
f 6684 6688 6685 6681
f 6747 6751 6754 6750 6746 6740 6736 6733 6737 6743
f 6212 6216 6217 6213
f 6284 6290 6294 6298 6302 6306 6310 6314 6318 6322 6326 6330 6230 6226 6222 6218 6214 6210 6206 6202 6198 6194 6190 6186 6182 6178 6174 6170 6166 6162 6158 6154 6150 6146 6142 6138 6137 6141 6145 6149 6153 6157 6161 6165 6169 6173 6177 6181 6185 6189 6193 6197 6201 6205 6209 6213 6217 6221 6225 6229 6329 6325 6321 6317 6313 6309 6305 6301 6297 6293 6289 6286 6283 6280 6277 6273 6269 6265 6261 6257 6253 6249 6245 6241 6237 6233 6234 6238 6242 6246 6250 6254 6258 6262 6266 6270 6274 6278
f 6228 6328 6329 6229
f 6712 6709 6713 6716
f 5839 5840 5837 5838
f 6260 6261 6265 6264
f 6200 6204 6205 6201
f 5850 5848 5847 5849
f 6776 6777 6781 6780
f 6610 6614 6611 6607
f 6678 6682 6683 6679
f 6780 6781 6785 6784
f 6668 6672 6669 6665
f 6790 6787 6791 6794
f 5842 5839 5838 5841
f 5862 5860 5859 5861
f 6170 6174 6171 6167
f 5832 5836 5833 5829
f 6142 6146 6143 6139
f 6728 6725 6729 6732
f 6654 6658 6659 6655
f 6595 6596 6597 6598
f 6730 6731 6735 6734
f 5814 5818 5819 5815
f 5816 5820 5817 5813
f 5810 5814 5815 5811
f 5826 5830 5831 5827
f 5824 5828 5825 5821
f 5868 5866 5865 5867
f 6308 6309 6313 6312
f 6646 6650 6654 6655 6651 6647 6644 6641 6637 6636 6640 6643
f 6298 6295 6299 6302
f 6266 6263 6267 6270
f 6262 6259 6263 6266
f 6270 6267 6271 6274
f 6320 6321 6325 6324
f 6218 6222 6219 6215
f 6230 6330 6327 6227
f 6316 6317 6321 6320
f 6264 6265 6269 6268
f 6618 6622 6619 6615
f 5840 5870 5869 5837
f 6616 6620 6621 6617
f 6286 6289 6288 6285 6282 6279 6276 6272 6273 6277 6280 6283
f 6660 6664 6661 6657
f 6662 6666 6667 6663
f 6700 6697 6701 6704
f 6756 6757 6761 6760
f 6758 6755 6759 6762
f 6764 6768 6772 6776 6780 6784 6788 6792 6690 6686 6682 6678 6674 6670 6666 6662 6658 6654 6650 6646 6643 6640 6636 6632 6628 6624 6620 6616 6612 6608 6604 6600 6596 6595 6599 6603 6607 6611 6615 6619 6623 6627 6631 6635 6639 6645 6649 6653 6657 6661 6665 6669 6673 6677 6681 6685 6689 6791 6787 6783 6779 6775 6771 6767 6763 6759 6755 6751 6747 6743 6737 6733 6729 6725 6721 6717 6713 6709 6705 6701 6697 6693 6694 6698 6702 6706 6710 6714 6718 6722 6726 6730 6734 6738 6741 6744 6748 6752 6756 6760
f 6304 6305 6309 6308
f 5820 5824 5821 5817
f 5804 5808 5805 5801
f 5794 5798 5799 5795
f 5806 5810 5811 5807
f 5822 5826 5827 5823
f 5844 5842 5841 5843
f 5858 5856 5855 5857
f 5846 5844 5843 5845
f 5856 5854 5853 5855
f 5864 5862 5861 5863
f 5860 5858 5857 5859
f 5868 5870 5840 5839 5842 5844 5846 5848 5850 5852 5854 5856 5858 5860 5862 5864 5866
f 5830 5834 5835 5831
f 6146 6150 6147 6143
f 6168 6172 6173 6169
f 6194 6198 6195 6191
f 6204 6208 6209 6205
f 6222 6226 6223 6219
f 6214 6218 6215 6211
f 6226 6230 6227 6223
f 6172 6176 6177 6173
f 6294 6291 6295 6298
f 6238 6235 6239 6242
f 6246 6243 6247 6250
f 6254 6251 6255 6258
f 6290 6287 6291 6294
f 6300 6301 6305 6304
f 6242 6239 6243 6246
f 6322 6319 6323 6326
f 6614 6618 6615 6611
f 6612 6616 6617 6613
f 6624 6628 6629 6625
f 6628 6632 6633 6629
f 6632 6636 6637 6633
f 6281 6287 6290 6284 6278 6274 6271 6275
f 6666 6670 6671 6667
f 6670 6674 6675 6671
f 6674 6678 6679 6675
f 6680 6684 6681 6677
f 6708 6705 6709 6712
f 6704 6701 6705 6708
f 6720 6717 6721 6724
f 6162 6166 6163 6159
f 6718 6719 6723 6722
f 6652 6656 6653 6649 6645 6639 6635 6638 6642 6648
f 6754 6751 6755 6758
f 6762 6759 6763 6766
f 6768 6769 6773 6772
f 6778 6775 6779 6782
f 6782 6779 6783 6786
f 6788 6789 6793 6792
f 6184 6188 6192 6193 6189 6185 6181 6177 6176 6180
f 6784 6785 6789 6788
f 5812 5816 5813 5809
f 5798 5802 5803 5799
f 5802 5806 5807 5803
f 5808 5812 5809 5805
f 5818 5822 5823 5819
f 5834 5830 5826 5822 5818 5814 5810 5806 5802 5798 5794 5793 5797 5801 5805 5809 5813 5817 5821 5825 5829 5833
f 5828 5832 5829 5825
f 5831 5835 5836 5832 5828 5824 5820 5816 5812 5808 5804 5800 5796 5795 5799 5803 5807 5811 5815 5819 5823 5827
f 5852 5850 5849 5851
f 5848 5846 5845 5847
f 5854 5852 5851 5853
f 5836 5835 5834 5833
f 5793 5794 5795 5796
f 5866 5864 5863 5865
f 5870 5868 5867 5869
f 5869 5867 5865 5863 5861 5859 5857 5855 5853 5851 5849 5847 5845 5843 5841 5838 5837
f 6158 6162 6159 6155
f 6150 6154 6151 6147
f 6152 6156 6157 6153
f 6160 6164 6165 6161
f 6154 6158 6155 6151
f 6156 6160 6161 6157
f 6164 6168 6169 6165
f 6192 6196 6197 6193
f 6196 6200 6201 6197
f 6198 6202 6199 6195
f 6202 6206 6203 6199
f 6210 6214 6211 6207
f 6208 6212 6213 6209
f 6220 6224 6225 6221
f 6216 6220 6221 6217
f 6224 6228 6229 6225
f 6206 6210 6207 6203
f 6174 6178 6175 6171
f 6138 6142 6139 6135
f 6135 6136 6137 6138
f 6312 6313 6317 6316
f 6248 6249 6253 6252
f 6250 6247 6251 6254
f 6252 6253 6257 6256
f 6258 6255 6259 6262
f 6256 6257 6261 6260
f 6268 6269 6273 6272
f 6749 6753 6752 6748 6744 6741 6738 6734 6735 6739 6742 6745
f 6288 6289 6293 6292
f 6292 6293 6297 6296
f 6296 6297 6301 6300
f 6302 6299 6303 6306
f 6306 6303 6307 6310
f 6310 6307 6311 6314
f 6314 6311 6315 6318
f 6231 6234 6233 6232
f 6227 6327 6323 6319 6315 6311 6307 6303 6299 6295 6291 6287 6281 6275 6271 6267 6263 6259 6255 6251 6247 6243 6239 6235 6231 6232 6236 6240 6244 6248 6252 6256 6260 6264 6268 6272 6276 6279 6282 6285 6288 6292 6296 6300 6304 6308 6312 6316 6320 6324 6328 6228 6224 6220 6216 6212 6208 6204 6200 6196 6192 6188 6184 6180 6176 6172 6168 6164 6160 6156 6152 6148 6144 6140 6136 6135 6139 6143 6147 6151 6155 6159 6163 6167 6171 6175 6179 6183 6187 6191 6195 6199 6203 6207 6211 6215 6219 6223
f 6326 6323 6327 6330
f 6318 6315 6319 6322
f 6324 6325 6329 6328
f 6231 6235 6238 6234
f 6602 6606 6603 6599
f 6606 6610 6607 6603
f 6658 6662 6663 6659
f 6722 6723 6727 6726
f 6620 6624 6625 6621
f 6634 6638 6635 6631
f 6626 6630 6627 6623
f 6630 6634 6631 6627
f 6622 6626 6623 6619
f 6656 6660 6657 6653
f 6672 6676 6673 6669
f 6676 6680 6677 6673
f 6690 6792 6793 6691
f 6598 6602 6599 6595
f 6786 6783 6787 6790
f 6692 6794 6791 6689
f 6774 6771 6775 6778
f 6710 6711 6715 6714
f 6688 6692 6689 6685
f 6714 6715 6719 6718
f 6732 6729 6733 6736
f 6726 6727 6731 6730
f 6190 6194 6191 6187 6183 6179 6175 6178 6182 6186
f 6752 6753 6757 6756
f 6764 6765 6769 6768
f 6766 6763 6767 6770
f 6770 6767 6771 6774
f 6772 6773 6777 6776
f 6760 6761 6765 6764
f 6724 6721 6725 6728
f 6786 6790 6794 6692 6688 6684 6680 6676 6672 6668 6664 6660 6656 6652 6648 6642 6638 6634 6630 6626 6622 6618 6614 6610 6606 6602 6598 6597 6601 6605 6609 6613 6617 6621 6625 6629 6633 6637 6641 6644 6647 6651 6655 6659 6663 6667 6671 6675 6679 6683 6687 6691 6793 6789 6785 6781 6777 6773 6769 6765 6761 6757 6753 6749 6745 6742 6739 6735 6731 6727 6723 6719 6715 6711 6707 6703 6699 6695 6696 6700 6704 6708 6712 6716 6720 6724 6728 6732 6736 6740 6746 6750 6754 6758 6762 6766 6770 6774 6778 6782
f 6682 6686 6687 6683
f 6693 6696 6695 6694
f 6716 6713 6717 6720
f 6693 6697 6700 6696
f 5675 5465 5466 5676
f 5492 5702 5701 5491
f 5480 5648 5606 5649 5481
f 5459 5669 5667 5457
f 5700 6828 6827 5699
f 5488 5698 5697 5487
f 5653 5485 5484 5652 5610
f 5480 5690 5689 5479
f 6813 5685 5686 6814
f 5467 5677 5676 5466
f 5672 6800 6799 5671
f 5703 6831 6830 5702
f 5597 5639 5596 5722 5555 5723
f 5693 5483 5484 5694
f 5475 5643 5601 5644 5476
f 6805 5677 5678 6806
f 5611 5653 5610 5736 5569 5737
f 5587 5629 5586 5712 5545 5713
f 5683 6811 6810 5682
f 5603 5645 5602 5728 5561 5729
f 5691 5481 5482 5692
f 5593 5635 5592 5718 5551 5719
f 5580 5748 5622 5664 5621 5747
f 6824 5696 5697 6825
f 5601 5727 5560 5728 5602 5644
f 5599 5725 5558 5726 5600 5642
f 5595 5721 5554 5722 5596 5638
f 5574 5742 5616 5658 5615 5741
f 5483 5693 5692 5482
f 5597 5723 5556 5724 5598 5640
f 5585 5711 5544 5712 5586 5628
f 5617 5743 5576 5744 5618 5660
f 5591 5717 5550 5718 5592 5634
f 5548 5716 5590 5632 5589 5715
f 5552 5720 5594 5636 5593 5719
f 5568 5736 5610 5652 5609 5735
f 5617 5659 5616 5742 5575 5743
f 5607 5733 5566 5734 5608 5650
f 5619 5745 5578 5746 5620 5662
f 5570 5738 5612 5654 5611 5737
f 5605 5731 5564 5732 5606 5648
f 5476 5686 5685 5475
f 5582 5750 5624 5666 5623 5749
f 5686 5476 5477 5687
f 5541 5710 5584 5625 5583 5709
f 5603 5729 5562 5730 5604 5646
f 5695 5485 5486 5696
f 5464 5632 5590 5633 5465
f 5468 5678 5677 5467
f 5657 5489 5488 5656 5614
f 5599 5641 5598 5724 5557 5725
f 5607 5649 5606 5732 5565 5733
f 5623 5665 5622 5748 5581 5749
f 5650 5482 5481 5649 5607
f 5479 5647 5605 5648 5480
f 5585 5627 5584 5710 5543 5711
f 5583 5626 5624 5750 5542 5709
f 5476 5644 5602 5645 5477
f 5572 5740 5614 5656 5613 5739
f 5684 6812 6811 5683
f 6803 5675 5676 6804
f 5665 5497 5496 5664 5622
f 5637 5469 5468 5636 5594
f 5615 5657 5614 5740 5573 5741
f 5467 5635 5593 5636 5468
f 5641 5473 5472 5640 5598
f 5687 6815 6814 5686
f 5666 5498 5497 5665 5623
f 5663 5495 5494 5662 5620
f 5632 5464 5463 5631 5589
f 5688 5478 5479 5689
f 5458 5626 5583 5625 5457
f 6804 5676 5677 6805
f 5706 5496 5497 5707
f 6823 5695 5696 6824
f 5674 6802 6801 5673
f 5698 5488 5489 5699
f 5482 5650 5608 5651 5483
f 5695 6823 6822 5694
f 5698 6826 6825 5697
f 5643 5475 5474 5642 5600
f 5699 5489 5490 5700
f 5673 5463 5464 5674
f 5699 6827 6826 5698
f 6802 5674 5675 6803
f 5629 5461 5460 5628 5586
f 5493 5661 5619 5662 5494
f 6833 5705 5706 6834
f 6798 5670 5671 6799
f 5702 6830 6829 5701
f 5678 5468 5469 5679
f 6808 5680 5681 6809
f 5702 5492 5493 5703
f 6807 5679 5680 6808
f 5613 5655 5612 5738 5571 5739
f 5609 5651 5608 5734 5567 5735
f 6809 5681 5682 6810
f 5591 5633 5590 5716 5549 5717
f 5601 5643 5600 5726 5559 5727
f 5489 5657 5615 5658 5490
f 5589 5631 5588 5714 5547 5715
f 5605 5647 5604 5730 5563 5731
f 5475 5685 5684 5474
f 5485 5653 5611 5654 5486
f 5595 5637 5594 5720 5553 5721
f 6818 5690 5691 6819
f 5682 5472 5473 5683
f 5652 5484 5483 5651 5609
f 6831 5703 5704 6832
f 5635 5467 5466 5634 5592
f 5457 5625 5584 5627 5459
f 5491 5659 5617 5660 5492
f 5619 5661 5618 5744 5577 5745
f 5495 5663 5621 5664 5496
f 6817 5689 5690 6818
f 5667 6795 6796 5668
f 5630 5462 5461 5629 5587
f 6819 5691 5692 6820
f 5458 5668 5708 5498
f 5687 5477 5478 5688
f 6795 5667 5669 6797
f 5707 5497 5498 5708
f 6806 5678 5679 6807
f 5465 5633 5591 5634 5466
f 5670 6798 6797 5669
f 5491 5701 5700 5490
f 5655 5487 5486 5654 5612
f 5460 5670 5669 5459
f 5673 6801 6800 5672
f 5670 5460 5461 5671
f 5694 5484 5485 5695
f 5707 6835 6834 5706
f 5471 5681 5680 5470
f 5487 5697 5696 5486
f 5708 6836 6835 5707
f 5703 5493 5494 5704
f 5631 5463 5462 5630 5588
f 5469 5637 5595 5638 5470
f 5498 5666 5624 5626 5458
f 5477 5645 5603 5646 5478
f 5674 5464 5465 5675
f 6832 5704 5705 6833
f 5639 5471 5470 5638 5596
f 6816 5688 5689 6817
f 5496 5706 5705 5495
f 5693 6821 6820 5692
f 5463 5673 5672 5462
f 5459 5627 5585 5628 5460
f 5462 5672 5671 5461
f 5481 5691 5690 5480
f 5640 5472 5471 5639 5597
f 5701 6829 6828 5700
f 5694 6822 6821 5693
f 5661 5493 5492 5660 5618
f 5685 6813 6812 5684
f 5647 5479 5478 5646 5604
f 5679 5469 5470 5680
f 5474 5684 5683 5473
f 5681 5471 5472 5682
f 6815 5687 5688 6816
f 5487 5655 5613 5656 5488
f 6836 5708 5668 6796
f 5704 5494 5495 5705
f 5473 5641 5599 5642 5474
f 5587 5713 5546 5714 5588 5630
f 5659 5491 5490 5658 5616
f 5621 5663 5620 5746 5579 5747
f 5668 5458 5457 5667
f 5499 5501 5502 5503 5504 5505 5506 5507 5508 5509 5510 5511 5512 5513 5514 5515 5516 5517 5518 5519 5520 5521 5522 5523 5524 5525 5526 5527 5528 5529 5530 5531 5532 5533 5534 5535 5536 5537 5538 5539 5540 5500
f 6837 6838 6796 6795
f 6839 6837 6795 6797
f 6840 6839 6797 6798
f 6841 6840 6798 6799
f 6842 6841 6799 6800
f 6843 6842 6800 6801
f 6844 6843 6801 6802
f 6845 6844 6802 6803
f 6846 6845 6803 6804
f 6847 6846 6804 6805
f 6848 6847 6805 6806
f 6849 6848 6806 6807
f 6850 6849 6807 6808
f 6851 6850 6808 6809
f 6852 6851 6809 6810
f 6853 6852 6810 6811
f 6854 6853 6811 6812
f 6855 6854 6812 6813
f 6856 6855 6813 6814
f 6857 6856 6814 6815
f 6858 6857 6815 6816
f 6859 6858 6816 6817
f 6860 6859 6817 6818
f 6861 6860 6818 6819
f 6862 6861 6819 6820
f 6863 6862 6820 6821
f 6864 6863 6821 6822
f 6865 6864 6822 6823
f 6866 6865 6823 6824
f 6867 6866 6824 6825
f 6868 6867 6825 6826
f 6869 6868 6826 6827
f 6870 6869 6827 6828
f 6871 6870 6828 6829
f 6872 6871 6829 6830
f 6873 6872 6830 6831
f 6874 6873 6831 6832
f 6875 6874 6832 6833
f 6876 6875 6833 6834
f 6877 6876 6834 6835
f 6878 6877 6835 6836
f 6838 6878 6836 6796
f 5499 5500 6838 6837
f 5501 5499 6837 6839
f 5502 5501 6839 6840
f 5503 5502 6840 6841
f 5504 5503 6841 6842
f 5505 5504 6842 6843
f 5506 5505 6843 6844
f 5507 5506 6844 6845
f 5508 5507 6845 6846
f 5509 5508 6846 6847
f 5510 5509 6847 6848
f 5511 5510 6848 6849
f 5512 5511 6849 6850
f 5513 5512 6850 6851
f 5514 5513 6851 6852
f 5515 5514 6852 6853
f 5516 5515 6853 6854
f 5517 5516 6854 6855
f 5518 5517 6855 6856
f 5519 5518 6856 6857
f 5520 5519 6857 6858
f 5521 5520 6858 6859
f 5522 5521 6859 6860
f 5523 5522 6860 6861
f 5524 5523 6861 6862
f 5525 5524 6862 6863
f 5526 5525 6863 6864
f 5527 5526 6864 6865
f 5528 5527 6865 6866
f 5529 5528 6866 6867
f 5530 5529 6867 6868
f 5531 5530 6868 6869
f 5532 5531 6869 6870
f 5533 5532 6870 6871
f 5534 5533 6871 6872
f 5535 5534 6872 6873
f 5536 5535 6873 6874
f 5537 5536 6874 6875
f 5538 5537 6875 6876
f 5539 5538 6876 6877
f 5540 5539 6877 6878
f 5500 5540 6878 6838
f 5307 5311 5312 5308
f 5347 5351 5352 5348
f 5386 5390 5391 5387
f 5363 5367 5368 5364
f 5348 5352 5349 5345
f 5313 5317 5318 5314
f 5410 5414 5415 5411
f 5404 5408 5405 5401
f 5417 5421 5422 5418
f 5418 5422 5423 5419
f 5427 5431 5432 5428
f 5340 5344 5341 5337
f 5449 5453 5454 5450
f 5289 5293 5294 5290
f 5292 5296 5293 5289
f 5321 5325 5326 5322
f 5306 5310 5311 5307
f 5323 5327 5328 5324
f 5322 5326 5327 5323
f 5329 5333 5334 5330
f 5330 5334 5335 5331
f 5425 5429 5430 5426
f 5331 5335 5336 5332
f 5337 5341 5342 5338
f 5345 5349 5350 5346
f 5346 5350 5351 5347
f 5353 5357 5358 5354
f 5356 5360 5357 5353
f 5314 5318 5319 5315
f 5364 5368 5365 5361
f 5372 5376 5373 5369
f 5379 5383 5384 5380
f 5388 5392 5389 5385
f 5395 5399 5400 5396
f 5387 5391 5392 5388
f 5308 5312 5309 5305
f 5394 5398 5399 5395
f 5412 5416 5413 5409
f 5401 5405 5406 5402
f 5402 5406 5407 5403
f 5403 5407 5408 5404
f 5411 5415 5416 5412
f 5441 5445 5446 5442
f 5433 5437 5438 5434
f 5436 5440 5437 5433
f 5451 5455 5456 5452
f 5450 5454 5455 5451
f 5291 5295 5296 5292
f 5290 5294 5295 5291
f 5324 5328 5325 5321
f 5315 5319 5320 5316
f 5444 5448 5445 5441
f 5332 5336 5333 5329
f 5339 5343 5344 5340
f 5338 5342 5343 5339
f 5354 5358 5359 5355
f 5362 5366 5367 5363
f 5361 5365 5366 5362
f 5371 5375 5376 5372
f 5370 5374 5375 5371
f 5369 5373 5374 5370
f 5377 5381 5382 5378
f 5380 5384 5381 5377
f 5378 5382 5383 5379
f 5393 5397 5398 5394
f 5396 5400 5397 5393
f 5409 5413 5414 5410
f 5385 5389 5390 5386
f 5305 5309 5310 5306
f 5419 5423 5424 5420
f 5420 5424 5421 5417
f 5426 5430 5431 5427
f 5428 5432 5429 5425
f 5434 5438 5439 5435
f 5435 5439 5440 5436
f 5442 5446 5447 5443
f 5443 5447 5448 5444
f 5452 5456 5453 5449
f 5298 5302 5303 5299
f 5297 5301 5302 5298
f 5299 5303 5304 5300
f 5300 5304 5301 5297
f 5316 5320 5317 5313
f 5355 5359 5360 5356
f 6016 6015 6005 6006
f 6342 6341 6331 6332
f 6584 6583 6565 6566
f 6055 6054 6036 6037
f 5914 5913 5895 5896
f 6413 6412 6402 6403
f 5933 5932 5927 5928
f 5998 6002 5997 5993
f 6121 6120 6102 6103
f 6344 6343 6333 6334
f 6446 6445 6427 6428
f 6410 6409 6399 6400
f 6477 6476 6466 6467
f 6458 6462 6457 6453
f 6527 6526 6521 6522
f 6509 6508 6490 6491
f 6414 6413 6403 6404
f 5934 5933 5928 5929
f 5884 5883 5873 5874
f 5925 5924 5906 5907
f 5978 5977 5959 5960
f 6081 6080 6070 6071
f 5998 5999 6000 6001 6002
f 6110 6109 6091 6092
f 6378 6377 6359 6360
f 6512 6511 6493 6494
f 6548 6547 6537 6538
f 6570 6569 6551 6552
f 6514 6513 6495 6496
f 6117 6116 6098 6099
f 5922 5921 5903 5904
f 5885 5884 5874 5875
f 5887 5886 5876 5877
f 5924 5923 5905 5906
f 5951 5950 5940 5941
f 5999 5998 5993 5994
f 6046 6045 6027 6028
f 6019 6018 6008 6009
f 6122 6121 6103 6104
f 6134 6133 6128 6129
f 6124 6123 6105 6106
f 6346 6345 6335 6336
f 6395 6394 6389 6390
f 6403 6402 6401 6400 6399 6398 6397 6406 6405 6404
f 5911 5910 5892 5893
f 6048 6047 6029 6030
f 5986 5985 5967 5968
f 5983 5982 5964 5965
f 5976 5975 5957 5958
f 6015 6014 6004 6005
f 6018 6017 6007 6008
f 6044 6043 6025 6026
f 6085 6084 6074 6075
f 6045 6044 6026 6027
f 6119 6118 6100 6101
f 6133 6132 6127 6128
f 6447 6446 6428 6429
f 6343 6342 6332 6333
f 6375 6374 6356 6357
f 6379 6378 6360 6361
f 6380 6379 6361 6362
f 6462 6461 6456 6457
f 6440 6439 6421 6422
f 6449 6448 6430 6431
f 6435 6452 6434 6417
f 6506 6505 6487 6488
f 6539 6548 6538 6529
f 6540 6539 6529 6530
f 6583 6582 6564 6565
f 6578 6577 6559 6560
f 5932 5933 5934 5935 5936
f 6574 6573 6555 6556
f 5936 5935 5930 5931
f 5988 5987 5969 5970
f 5981 5980 5962 5963
f 5883 5882 5872 5873
f 5886 5885 5875 5876
f 5889 5888 5878 5879
f 5916 5915 5897 5898
f 5920 5919 5901 5902
f 5917 5916 5898 5899
f 5926 5925 5907 5908
f 5923 5922 5904 5905
f 5990 5989 5971 5972
f 5952 5951 5941 5942
f 6546 6545 6535 6536
f 5953 5952 5942 5943
f 5912 5911 5893 5894
f 5979 5978 5960 5961
f 5992 5975 5976 5977 5978 5979 5980 5981 5982 5983 5984 5985 5986 5987 5988 5989 5990 5991
f 5991 5990 5972 5973
f 5992 5991 5973 5974
f 5989 5988 5970 5971
f 6518 6501 6502 6503 6504 6505 6506 6507 6508 6509 6510 6511 6512 6513 6514 6515 6516 6517
f 6021 6020 6010 6011
f 6022 6013 6014 6015 6016 6017 6018 6019 6020 6021
f 6052 6051 6033 6034
f 6056 6055 6037 6038
f 6054 6053 6035 6036
f 6084 6083 6073 6074
f 6080 6079 6069 6070
f 6083 6082 6072 6073
f 6086 6085 6075 6076
f 6108 6107 6089 6090
f 6114 6113 6095 6096
f 6123 6122 6104 6105
f 6131 6130 6125 6126
f 6014 6013 6003 6004
f 6129 6128 6127 6126 6125
f 6386 6385 6367 6368
f 6347 6346 6336 6337
f 6337 6336 6335 6334 6333 6332 6331 6340 6339 6338
f 6374 6373 6355 6356
f 6373 6372 6354 6355
f 6383 6382 6364 6365
f 6381 6380 6362 6363
f 6384 6383 6365 6366
f 6411 6410 6400 6401
f 6408 6407 6397 6398
f 6396 6395 6390 6391
f 6412 6411 6401 6402
f 6407 6416 6406 6397
f 6460 6459 6454 6455
f 6444 6443 6425 6426
f 6474 6473 6463 6464
f 6458 6459 6460 6461 6462
f 6478 6477 6467 6468
f 6505 6504 6486 6487
f 6515 6514 6496 6497
f 6516 6515 6497 6498
f 6525 6524 6519 6520
f 6526 6525 6520 6521
f 6518 6517 6499 6500
f 6572 6571 6553 6554
f 5949 5948 5938 5939
f 6575 6574 6556 6557
f 6576 6575 6557 6558
f 6580 6579 6561 6562
f 6508 6507 6489 6490
f 6582 6581 6563 6564
f 6573 6572 6554 6555
f 6510 6509 6491 6492
f 6590 6591 6592 6593 6594
f 6594 6593 6588 6589
f 6568 6567 6549 6550
f 6523 6522 6521 6520 6519
f 6517 6516 6498 6499
f 6050 6049 6031 6032
f 6588 6587 6586 6585 6589
f 5888 5887 5877 5878
f 5882 5881 5871 5872
f 5881 5890 5880 5871
f 5890 5889 5879 5880
f 5881 5882 5883 5884 5885 5886 5887 5888 5889 5890
f 5879 5878 5877 5876 5875 5874 5873 5872 5871 5880
f 5918 5917 5899 5900
f 5984 5983 5965 5966
f 5916 5917 5918 5919 5920 5921 5922 5923 5924 5925 5926 5909 5910 5911 5912 5913 5914 5915
f 5915 5914 5896 5897
f 6053 6052 6034 6035
f 5895 5894 5893 5892 5891 5908 5907 5906 5905 5904 5903 5902 5901 5900 5899 5898 5897 5896
f 5935 5934 5929 5930
f 5948 5947 5937 5938
f 5932 5936 5931 5927
f 5985 5984 5966 5967
f 5955 5954 5944 5945
f 5950 5949 5939 5940
f 5956 5955 5945 5946
f 5954 5953 5943 5944
f 5947 5956 5946 5937
f 5939 5938 5937 5946 5945 5944 5943 5942 5941 5940
f 5977 5976 5958 5959
f 5980 5979 5961 5962
f 5950 5951 5952 5953 5954 5955 5956 5947 5948 5949
f 5921 5920 5902 5903
f 5987 5986 5968 5969
f 5982 5981 5963 5964
f 6042 6041 6023 6024
f 5913 5912 5894 5895
f 5975 5992 5974 5957
f 5909 5926 5908 5891
f 5959 5958 5957 5974 5973 5972 5971 5970 5969 5968 5967 5966 5965 5964 5963 5962 5961 5960
f 6001 6000 5995 5996
f 5919 5918 5900 5901
f 6000 5999 5994 5995
f 6017 6016 6006 6007
f 6041 6058 6040 6023
f 6106 6105 6104 6103 6102 6101 6100 6099 6098 6097 6096 6095 6094 6093 6092 6091 6090 6089
f 6002 6001 5996 5997
f 6049 6048 6030 6031
f 6013 6022 6012 6003
f 6005 6004 6003 6012 6011 6010 6009 6008 6007 6006
f 6043 6042 6024 6025
f 6051 6050 6032 6033
f 6022 6021 6011 6012
f 6020 6019 6009 6010
f 6111 6110 6092 6093
f 6047 6046 6028 6029
f 6033 6032 6031 6030 6029 6028 6027 6026 6025 6024 6023 6040 6039 6038 6037 6036 6035 6034
f 6058 6057 6039 6040
f 6057 6056 6038 6039
f 6066 6065 6060 6061
f 6054 6055 6056 6057 6058 6041 6042 6043 6044 6045 6046 6047 6048 6049 6050 6051 6052 6053
f 6065 6064 6059 6060
f 6067 6066 6061 6062
f 6087 6086 6076 6077
f 6064 6068 6063 6059
f 6064 6065 6066 6067 6068
f 6063 6062 6061 6060 6059
f 6082 6081 6071 6072
f 6079 6088 6078 6069
f 6069 6078 6077 6076 6075 6074 6073 6072 6071 6070
f 6088 6087 6077 6078
f 6080 6081 6082 6083 6084 6085 6086 6087 6088 6079
f 6112 6111 6093 6094
f 6113 6112 6094 6095
f 6120 6119 6101 6102
f 6116 6115 6097 6098
f 6107 6124 6106 6089
f 6112 6113 6114 6115 6116 6117 6118 6119 6120 6121 6122 6123 6124 6107 6108 6109 6110 6111
f 6130 6134 6129 6125
f 6132 6131 6126 6127
f 6118 6117 6099 6100
f 6115 6114 6096 6097
f 6068 6067 6062 6063
f 6369 6386 6368 6351
f 6503 6502 6484 6485
f 6502 6501 6483 6484
f 6345 6344 6334 6335
f 6349 6348 6338 6339
f 6348 6347 6337 6338
f 6372 6371 6353 6354
f 6350 6349 6339 6340
f 6341 6350 6340 6331
f 6341 6342 6343 6344 6345 6346 6347 6348 6349 6350
f 6376 6375 6357 6358
f 6371 6370 6352 6353
f 6370 6369 6351 6352
f 6385 6384 6366 6367
f 6382 6381 6363 6364
f 6351 6368 6367 6366 6365 6364 6363 6362 6361 6360 6359 6358 6357 6356 6355 6354 6353 6352
f 6393 6392 6387 6388
f 6374 6375 6376 6377 6378 6379 6380 6381 6382 6383 6384 6385 6386 6369 6370 6371 6372 6373
f 6445 6444 6426 6427
f 6392 6393 6394 6395 6396
f 6392 6396 6391 6387
f 6415 6414 6404 6405
f 6390 6389 6388 6387 6391
f 6409 6408 6398 6399
f 6408 6409 6410 6411 6412 6413 6414 6415 6416 6407
f 6438 6437 6419 6420
f 6416 6415 6405 6406
f 6436 6435 6417 6418
f 6451 6450 6432 6433
f 6442 6441 6423 6424
f 6443 6442 6424 6425
f 6439 6438 6420 6421
f 6473 6482 6472 6463
f 6441 6440 6422 6423
f 6437 6436 6418 6419
f 6461 6460 6455 6456
f 6579 6578 6560 6561
f 6459 6458 6453 6454
f 6131 6132 6133 6134 6130
f 6429 6428 6427 6426 6425 6424 6423 6422 6421 6420 6419 6418 6417 6434 6433 6432 6431 6430
f 6457 6456 6455 6454 6453
f 6450 6451 6452 6435 6436 6437 6438 6439 6440 6441 6442 6443 6444 6445 6446 6447 6448 6449
f 6452 6451 6433 6434
f 6476 6475 6465 6466
f 6475 6474 6464 6465
f 6479 6478 6468 6469
f 6504 6503 6485 6486
f 6481 6480 6470 6471
f 6450 6449 6431 6432
f 6482 6481 6471 6472
f 6480 6479 6469 6470
f 6476 6477 6478 6479 6480 6481 6482 6473 6474 6475
f 6471 6470 6469 6468 6467 6466 6465 6464 6463 6472
f 6507 6506 6488 6489
f 6448 6447 6429 6430
f 6394 6393 6388 6389
f 6524 6528 6523 6519
f 6501 6518 6500 6483
f 5997 5996 5995 5994 5993
f 6483 6500 6499 6498 6497 6496 6495 6494 6493 6492 6491 6490 6489 6488 6487 6486 6485 6484
f 6541 6540 6530 6531
f 6543 6542 6532 6533
f 6525 6526 6527 6528 6524
f 6542 6541 6531 6532
f 6545 6544 6534 6535
f 6544 6543 6533 6534
f 5931 5930 5929 5928 5927
f 6547 6546 6536 6537
f 6546 6547 6548 6539 6540 6541 6542 6543 6544 6545
f 6533 6532 6531 6530 6529 6538 6537 6536 6535 6534
f 6528 6527 6522 6523
f 6571 6570 6552 6553
f 6569 6568 6550 6551
f 6577 6576 6558 6559
f 6581 6580 6562 6563
f 6511 6510 6492 6493
f 6567 6584 6566 6549
f 6549 6566 6565 6564 6563 6562 6561 6560 6559 6558 6557 6556 6555 6554 6553 6552 6551 6550
f 6584 6567 6568 6569 6570 6571 6572 6573 6574 6575 6576 6577 6578 6579 6580 6581 6582 6583
f 6592 6591 6586 6587
f 6590 6594 6589 6585
f 6593 6592 6587 6588
f 6591 6590 6585 6586
f 6109 6108 6090 6091
f 6513 6512 6494 6495
f 6377 6376 6358 6359
f 5910 5909 5891 5892
o 02_-_Big_Dish.004_Mesh.012
v -8.778292 30.877718 28.818516
v -8.778304 30.924995 29.449408
v -8.778336 31.065775 30.066204
v -8.778392 31.296909 30.655128
v -8.778464 31.613239 31.203028
v -8.778556 32.007694 31.697660
v -8.778664 32.471466 32.127975
v -8.778784 32.994194 32.484364
v -8.778916 33.564198 32.758865
v -8.779056 34.168751 32.945343
v -8.779200 34.794342 33.039639
v -8.779348 35.427002 33.039635
v -8.779492 36.052593 32.945343
v -8.779628 36.657146 32.758865
v -8.779760 37.227150 32.484364
v -8.779884 37.749874 32.127975
v -8.779988 38.213646 31.697660
v -8.780080 38.608101 31.203028
v -8.780152 38.924431 30.655132
v -8.780208 39.155571 30.066204
v -8.780240 39.296349 29.449408
v -8.780248 39.343628 28.818520
v -8.780240 39.296349 28.187632
v -8.780204 39.155571 27.570835
v -8.780152 38.924435 26.981913
v -8.780080 38.608105 26.434011
v -8.779988 38.213650 25.939381
v -8.779880 37.749882 25.509064
v -8.779760 37.227154 25.152672
v -8.779628 36.657150 24.878172
v -8.779488 36.052597 24.691692
v -8.779344 35.427006 24.597401
v -8.779196 34.794350 24.597401
v -8.779052 34.168758 24.691692
v -8.778912 33.564205 24.878168
v -8.778780 32.994202 25.152668
v -8.778660 32.471474 25.509056
v -8.778552 32.007702 25.939371
v -8.778464 31.613247 26.434000
v -8.778388 31.296913 26.981899
v -8.778336 31.065779 27.570820
v -8.778304 30.924997 28.187620
v -9.128128 30.877634 28.818516
v -9.128140 30.924915 29.449408
v -9.128172 31.065695 30.066204
v -9.128228 31.296831 30.655128
v -9.128300 31.613159 31.203024
v -9.128392 32.007614 31.697660
v -9.128500 32.471386 32.127975
v -9.128620 32.994114 32.484364
v -9.128752 33.564117 32.758865
v -9.128892 34.168671 32.945343
v -9.129036 34.794262 33.039639
v -9.129180 35.426922 33.039635
v -9.129328 36.052513 32.945343
v -9.129468 36.657063 32.758865
v -9.129596 37.227070 32.484364
v -9.129720 37.749794 32.127975
v -9.129824 38.213566 31.697660
v -9.129916 38.608021 31.203028
v -9.129988 38.924351 30.655132
v -9.130044 39.155487 30.066204
v -9.130076 39.296265 29.449408
v -9.130084 39.343548 28.818520
v -9.130076 39.296268 28.187632
v -9.130044 39.155491 27.570835
v -9.129988 38.924355 26.981913
v -9.129916 38.608025 26.434011
v -9.129824 38.213570 25.939381
v -9.129716 37.749798 25.509064
v -9.129596 37.227074 25.152672
v -9.129464 36.657070 24.878172
v -9.129324 36.052517 24.691692
v -9.129180 35.426926 24.597401
v -9.129036 34.794270 24.597401
v -9.128888 34.168678 24.691692
v -9.128748 33.564125 24.878168
v -9.128620 32.994122 25.152668
v -9.128496 32.471394 25.509056
v -9.128392 32.007622 25.939371
v -9.128300 31.613161 26.434000
v -9.128228 31.296835 26.981895
v -9.128172 31.065699 27.570820
v -9.128140 30.924913 28.187620
v -9.083104 30.955074 28.818516
v -9.083112 31.001490 28.199156
v -11.744728 30.954458 28.818516
v -11.744736 31.000874 29.437868
v -11.744772 31.139078 30.043381
v -11.744824 31.365986 30.621532
v -11.744896 31.676531 31.159409
v -11.744984 32.063770 31.644993
v -11.745088 32.519058 32.067440
v -11.745208 33.032223 32.417309
v -11.745336 33.591801 32.686787
v -11.745472 34.185295 32.869858
v -11.745616 34.799442 32.962425
v -11.745760 35.420532 32.962425
v -11.745900 36.034679 32.869858
v -11.746040 36.628170 32.686787
v -11.746168 37.187752 32.417309
v -11.746288 37.700912 32.067440
v -11.746392 38.156204 31.644993
v -11.746480 38.543442 31.159409
v -11.746552 38.853985 30.621536
v -11.746604 39.080894 30.043381
v -11.746636 39.219097 29.437868
v -11.746648 39.265514 28.818520
v -11.746636 39.219097 28.199171
v -11.746604 39.080894 27.593660
v -11.746552 38.853985 27.015505
v -11.746480 38.543446 26.477633
v -11.746388 38.156204 25.992044
v -11.746284 37.700916 25.569599
v -11.746164 37.187756 25.219728
v -11.746036 36.628178 24.950249
v -11.745900 36.034687 24.767179
v -11.745756 35.420532 24.674612
v -11.745616 34.799450 24.674612
v -11.745472 34.185303 24.767176
v -11.745336 33.591808 24.950245
v -11.745204 33.032230 25.219725
v -11.745088 32.519066 25.569592
v -11.744980 32.063774 25.992037
v -11.744892 31.676535 26.477619
v -11.744820 31.365990 27.015491
v -11.744768 31.139082 27.593643
v -11.744736 31.000874 28.199156
v -9.083112 31.001490 29.437868
v -9.083144 31.139694 30.043381
v -9.083200 31.366602 30.621532
v -9.083272 31.677147 31.159409
v -9.083360 32.064384 31.644993
v -9.083464 32.519676 32.067440
v -9.083584 33.032837 32.417309
v -9.083712 33.592419 32.686787
v -9.083848 34.185909 32.869858
v -9.083992 34.800060 32.962425
v -9.084136 35.421146 32.962425
v -9.084276 36.035294 32.869858
v -9.084416 36.628788 32.686787
v -9.084544 37.188366 32.417309
v -9.084660 37.701530 32.067440
v -9.084768 38.156818 31.644997
v -9.084856 38.544060 31.159412
v -9.084928 38.854603 30.621536
v -9.084980 39.081512 30.043385
v -9.085012 39.219715 29.437868
v -9.085020 39.266129 28.818520
v -9.085012 39.219715 28.199171
v -9.084980 39.081509 27.593660
v -9.084928 38.854603 27.015509
v -9.084856 38.544060 26.477633
v -9.084764 38.156822 25.992048
v -9.084660 37.701534 25.569599
v -9.084540 37.188370 25.219732
v -9.084412 36.628792 24.950253
v -9.084276 36.035297 24.767179
v -9.084132 35.421150 24.674612
v -9.083988 34.800064 24.674612
v -9.083848 34.185917 24.767176
v -9.083712 33.592426 24.950245
v -9.083580 33.032845 25.219725
v -9.083464 32.519676 25.569592
v -9.083356 32.064388 25.992037
v -9.083268 31.677151 26.477619
v -9.083196 31.366606 27.015491
v -9.083144 31.139698 27.593643
v -11.001228 31.033569 29.385044
v -11.001232 31.045574 29.481060
v -11.001216 30.968523 29.490688
v -11.001212 30.956518 29.394676
v -11.483308 31.033459 29.385044
v -11.483312 31.045462 29.481060
v -11.483292 30.968410 29.490688
v -11.483292 30.956409 29.394676
v -11.001308 31.379250 30.560896
v -11.001320 31.422522 30.647440
v -11.001304 31.353071 30.682167
v -11.001292 31.309795 30.595625
v -11.483388 31.379139 30.560896
v -11.483400 31.422411 30.647440
v -11.483384 31.352959 30.682167
v -11.483372 31.309683 30.595625
v -11.001468 32.057186 31.583328
v -11.001484 32.125607 31.651749
v -11.001468 32.070698 31.706656
v -11.001452 32.002277 31.638235
v -11.483544 32.057076 31.583332
v -11.483560 32.125496 31.651752
v -11.483548 32.070587 31.706656
v -11.483532 32.002167 31.638235
v -11.001688 33.006485 32.360947
v -11.001708 33.093029 32.404221
v -11.001696 33.058308 32.473671
v -11.001676 32.971760 32.430397
v -11.483764 33.006374 32.360947
v -11.483784 33.092922 32.404221
v -11.483776 33.058193 32.473671
v -11.483756 32.971645 32.430397
v -11.001948 34.142273 32.825329
v -11.001972 34.238289 32.837330
v -11.001968 34.228657 32.914383
v -11.001948 34.132645 32.902382
v -11.484028 34.142166 32.825329
v -11.484048 34.238178 32.837330
v -11.484048 34.228546 32.914383
v -11.484024 34.132534 32.902382
v -11.002232 35.369995 32.926689
v -11.002256 35.466568 32.920654
v -11.002256 35.471409 32.998158
v -11.002232 35.374840 33.004192
v -11.484312 35.369881 32.926689
v -11.484332 35.466454 32.920654
v -11.484336 35.471298 32.998158
v -11.484312 35.374725 33.004192
v -11.002508 36.567707 32.673698
v -11.002528 36.654255 32.630424
v -11.002536 36.688980 32.699879
v -11.002516 36.602436 32.743149
v -11.484588 36.567596 32.673698
v -11.484608 36.654144 32.630424
v -11.484616 36.688866 32.699879
v -11.484596 36.602322 32.743149
v -11.002756 37.639423 32.074196
v -11.002772 37.707844 32.005775
v -11.002784 37.762749 32.060680
v -11.002768 37.694332 32.129105
v -11.484836 37.639309 32.074196
v -11.484852 37.707729 32.005775
v -11.484864 37.762638 32.060684
v -11.484848 37.694218 32.129105
v -11.002952 38.487251 31.185320
v -11.002960 38.530525 31.098772
v -11.002976 38.599979 31.133499
v -11.002968 38.556702 31.220043
v -11.485032 38.487141 31.185320
v -11.485040 38.530415 31.098772
v -11.485056 38.599865 31.133499
v -11.485048 38.556595 31.220043
v -11.003076 39.031666 30.080900
v -11.003084 39.055134 29.987032
v -11.003100 39.130466 30.005863
v -11.003096 39.106998 30.099731
v -11.485156 39.031555 30.080900
v -11.485160 39.055023 29.987032
v -11.485180 39.130356 30.005863
v -11.485176 39.106888 30.099731
v -11.003120 39.226860 28.866899
v -11.003120 39.226860 28.770140
v -11.003140 39.304512 28.770140
v -11.003140 39.304512 28.866899
v -11.485200 39.226749 28.866899
v -11.485200 39.226749 28.770140
v -11.485220 39.304398 28.770140
v -11.485220 39.304398 28.866899
v -11.003080 39.055134 27.650011
v -11.003076 39.031666 27.556141
v -11.003092 39.106998 27.537304
v -11.003100 39.130466 27.631176
v -11.485160 39.055023 27.650007
v -11.485156 39.031555 27.556141
v -11.485172 39.106888 27.537304
v -11.485176 39.130356 27.631176
v -11.002964 38.550373 26.539295
v -11.002948 38.481953 26.470877
v -11.002964 38.536861 26.415968
v -11.002976 38.605282 26.484388
v -11.485044 38.550262 26.539291
v -11.485028 38.481842 26.470877
v -11.485040 38.536751 26.415968
v -11.485056 38.605171 26.484388
v -11.002768 37.707848 25.631264
v -11.002756 37.639427 25.562843
v -11.002768 37.694332 25.507936
v -11.002784 37.762753 25.576357
v -11.484848 37.707733 25.631264
v -11.484832 37.639313 25.562843
v -11.484848 37.694221 25.507936
v -11.484864 37.762642 25.576357
v -11.002528 36.665867 24.999647
v -11.002508 36.571995 24.976179
v -11.002512 36.590828 24.900852
v -11.002532 36.684700 24.924320
v -11.484608 36.665752 24.999647
v -11.484588 36.571880 24.976179
v -11.484592 36.590717 24.900852
v -11.484612 36.684589 24.924316
v -11.002252 35.466576 24.716379
v -11.002228 35.369999 24.710344
v -11.002232 35.374844 24.632845
v -11.002252 35.471413 24.638880
v -11.484332 35.466461 24.716379
v -11.484308 35.369888 24.710344
v -11.484312 35.374729 24.632845
v -11.484332 35.471306 24.638876
v -11.001968 34.241825 24.793108
v -11.001948 34.147953 24.816576
v -11.001944 34.129124 24.741243
v -11.001964 34.222992 24.717775
v -11.484048 34.241714 24.793108
v -11.484028 34.147842 24.816576
v -11.484024 34.129009 24.741243
v -11.484044 34.222881 24.717775
v -11.001704 33.094067 25.212969
v -11.001688 33.025646 25.281387
v -11.001676 32.970737 25.226480
v -11.001692 33.039158 25.158060
v -11.483784 33.093952 25.212969
v -11.483768 33.025536 25.281387
v -11.483756 32.970627 25.226480
v -11.483772 33.039047 25.158060
v -11.001480 32.120308 25.966124
v -11.001468 32.077038 26.052671
v -11.001452 32.007587 26.017944
v -11.001464 32.050858 25.931400
v -11.483560 32.120197 25.966124
v -11.483548 32.076927 26.052671
v -11.483532 32.007473 26.017944
v -11.483544 32.050747 25.931400
v -11.001320 31.427826 27.008736
v -11.001304 31.359406 27.077156
v -11.001292 31.304499 27.022247
v -11.001308 31.372917 26.953829
v -11.483400 31.427713 27.008736
v -11.483384 31.359295 27.077156
v -11.483372 31.304386 27.022247
v -11.483388 31.372807 26.953829
v -11.001232 31.039875 28.150776
v -11.001232 31.039875 28.247536
v -11.001212 30.962223 28.247536
v -11.001212 30.962223 28.150776
v -11.483308 31.039762 28.150776
v -11.483308 31.039762 28.247536
v -11.483292 30.962111 28.247536
v -11.483292 30.962111 28.150776
v -11.746096 30.988478 29.439735
v -11.746088 30.941927 28.818516
v -11.746128 31.127098 30.047075
v -11.746184 31.354691 30.626972
v -11.746256 31.666170 31.166471
v -11.746344 32.054577 31.653521
v -11.746452 32.511242 32.077240
v -11.746568 33.025955 32.428165
v -11.746700 33.587223 32.698456
v -11.746836 34.182507 32.882076
v -11.746980 34.798508 32.974922
v -11.747124 35.421467 32.974922
v -11.747264 36.037468 32.882076
v -11.747404 36.632751 32.698456
v -11.747532 37.194019 32.428165
v -11.747652 37.708729 32.077240
v -11.747756 38.165390 31.653521
v -11.747844 38.553802 31.166471
v -11.747916 38.865284 30.626972
v -11.747972 39.092873 30.047075
v -11.748004 39.231495 29.439735
v -11.748012 39.278049 28.818520
v -11.748000 39.231495 28.197300
v -11.747968 39.092873 27.589964
v -11.747916 38.865280 27.010069
v -11.747844 38.553802 26.470568
v -11.747756 38.165394 25.983521
v -11.747648 37.708733 25.559795
v -11.747528 37.194023 25.208872
v -11.747400 36.632755 24.938580
v -11.747264 36.037476 24.754959
v -11.747120 35.421474 24.662107
v -11.746976 34.798515 24.662107
v -11.746836 34.182514 24.754955
v -11.746696 33.587231 24.938572
v -11.746568 33.025963 25.208868
v -11.746448 32.511246 25.559788
v -11.746344 32.054585 25.983507
v -11.746252 31.666174 26.470556
v -11.746180 31.354694 27.010052
v -11.746128 31.127102 27.589949
v -11.746096 30.988478 28.197292
v -12.156456 33.440010 29.070211
v -12.156452 33.421146 28.818516
v -12.156468 33.496174 29.316284
v -12.156488 33.588387 29.551235
v -12.156516 33.714584 29.769819
v -12.156556 33.871956 29.967155
v -12.156596 34.056980 30.138832
v -12.156644 34.265518 30.281012
v -12.156700 34.492924 30.390524
v -12.156752 34.734112 30.464920
v -12.156812 34.983692 30.502541
v -12.156868 35.236095 30.502541
v -12.156928 35.485676 30.464920
v -12.156984 35.726860 30.390524
v -12.157036 35.954262 30.281012
v -12.157084 36.162807 30.138832
v -12.157128 36.347828 29.967155
v -12.157164 36.505199 29.769819
v -12.157192 36.631397 29.551235
v -12.157212 36.723610 29.316284
v -12.157224 36.779774 29.070211
v -12.157232 36.798634 28.818516
v -12.157224 36.779774 28.566824
v -12.157212 36.723610 28.320751
v -12.157192 36.631397 28.085800
v -12.157160 36.505199 27.867216
v -12.157124 36.347832 27.669880
v -12.157084 36.162807 27.498203
v -12.157036 35.954266 27.356024
v -12.156984 35.726864 27.246508
v -12.156928 35.485676 27.172112
v -12.156868 35.236095 27.134497
v -12.156812 34.983692 27.134497
v -12.156752 34.734116 27.172112
v -12.156696 34.492928 27.246508
v -12.156644 34.265522 27.356020
v -12.156596 34.056976 27.498199
v -12.156552 33.871960 27.669876
v -12.156516 33.714584 27.867212
v -12.156488 33.588387 28.085796
v -12.156468 33.496174 28.320744
v -12.156456 33.440010 28.566816
v -11.413404 30.972778 29.442112
v -11.530788 30.926018 28.818516
v -11.530832 31.111906 30.051777
v -11.413488 31.340395 30.633892
v -11.530960 31.653038 31.175455
v -11.413652 32.042961 31.664371
v -11.531152 32.501347 32.089718
v -11.413876 33.018055 32.441982
v -11.531404 33.581444 32.713306
v -11.414144 34.179035 32.897629
v -11.531684 34.797367 32.990833
v -11.414432 35.422733 32.990833
v -11.531972 36.041065 32.897629
v -11.414712 36.638657 32.713306
v -11.532240 37.202045 32.441982
v -11.414964 37.718754 32.089718
v -11.532464 38.177139 31.664371
v -11.415160 38.567059 31.175461
v -11.532628 38.879704 30.633896
v -11.415284 39.108192 30.051781
v -11.532712 39.247322 29.442112
v -11.415324 39.294079 28.818520
v -11.532712 39.247322 28.194923
v -11.415284 39.108192 27.585260
v -11.532628 38.879707 27.003143
v -11.415156 38.567062 26.461580
v -11.532464 38.177143 25.972668
v -11.414960 37.718758 25.547323
v -11.532240 37.202049 25.195057
v -11.414712 36.638660 24.923729
v -11.531968 36.041073 24.739405
v -11.414428 35.422741 24.646204
v -11.531684 34.797371 24.646200
v -11.414144 34.179039 24.739405
v -11.531400 33.581451 24.923723
v -11.413876 33.018063 25.195047
v -11.531152 32.501350 25.547316
v -11.413648 32.042965 25.972656
v -11.530956 31.653046 26.461569
v -11.413488 31.340399 27.003132
v -11.530832 31.111906 27.585249
v -11.413404 30.972778 28.194912
v -11.706836 30.944057 29.130713
v -11.706856 31.037119 29.748123
v -11.706900 31.221163 30.344772
v -11.706964 31.492071 30.907324
v -11.707044 31.843803 31.423220
v -11.707144 32.268494 31.880928
v -11.707256 32.756657 32.270226
v -11.707380 33.297394 32.582420
v -11.707516 33.878624 32.810535
v -11.707656 34.487354 32.949474
v -11.707800 35.109993 32.996136
v -11.707944 35.732639 32.949474
v -11.708084 36.341370 32.810535
v -11.708216 36.922596 32.582420
v -11.708344 37.463329 32.270226
v -11.708456 37.951500 31.880928
v -11.708552 38.376186 31.423220
v -11.708636 38.727917 30.907328
v -11.708696 38.998829 30.344776
v -11.708740 39.182869 29.748129
v -11.708760 39.275932 29.130713
v -11.708760 39.275932 28.506329
v -11.708740 39.182873 27.888912
v -11.708696 38.998829 27.292265
v -11.708632 38.727921 26.729712
v -11.708552 38.376190 26.213820
v -11.708456 37.951500 25.756111
v -11.708340 37.463333 25.366808
v -11.708216 36.922604 25.054617
v -11.708080 36.341373 24.826500
v -11.707940 35.732643 24.687559
v -11.707796 35.110001 24.640900
v -11.707652 34.487362 24.687559
v -11.707512 33.878624 24.826500
v -11.707380 33.297401 25.054611
v -11.707252 32.756664 25.366804
v -11.707140 32.268497 25.756100
v -11.707044 31.843805 26.213808
v -11.706960 31.492077 26.729700
v -11.706900 31.221163 27.292252
v -11.706856 31.037123 27.888901
v -11.706836 30.944057 28.506321
v -11.706844 30.979023 29.441164
v -11.706832 30.932362 28.818516
v -11.706876 31.117962 30.049896
v -11.706928 31.346079 30.631124
v -11.707000 31.658270 31.171864
v -11.707092 32.047573 31.660032
v -11.707196 32.505283 32.084724
v -11.707316 33.021179 32.436455
v -11.707448 33.583733 32.707367
v -11.707584 34.180386 32.891411
v -11.707728 34.797802 32.984470
v -11.707872 35.422192 32.984470
v -11.708016 36.039608 32.891411
v -11.708152 36.636257 32.707367
v -11.708280 37.198814 32.436455
v -11.708400 37.714706 32.084724
v -11.708508 38.172417 31.660032
v -11.708596 38.561718 31.171864
v -11.708668 38.873913 30.631128
v -11.708720 39.102032 30.049900
v -11.708752 39.240971 29.441164
v -11.708764 39.287632 28.818520
v -11.708752 39.240971 28.195875
v -11.708720 39.102028 27.587139
v -11.708668 38.873913 27.005913
v -11.708596 38.561722 26.465176
v -11.708504 38.172421 25.977009
v -11.708400 37.714710 25.552317
v -11.708280 37.198818 25.200584
v -11.708148 36.636261 24.929668
v -11.708012 36.039616 24.745628
v -11.707868 35.422199 24.652563
v -11.707724 34.797806 24.652563
v -11.707584 34.180389 24.745625
v -11.707444 33.583740 24.929665
v -11.707316 33.021187 25.200577
v -11.707196 32.505291 25.552303
v -11.707092 32.047577 25.976995
v -11.707000 31.658278 26.465164
v -11.706928 31.346083 27.005899
v -11.706876 31.117966 27.587128
v -11.706844 30.979023 28.195864
v -11.774808 31.004246 29.437357
v -11.774800 30.957870 28.818516
v -11.774840 31.142334 30.042372
v -11.774892 31.369059 30.620052
v -11.774964 31.679346 31.157484
v -11.775056 32.066265 31.642668
v -11.775160 32.521183 32.064762
v -11.775280 33.033928 32.414349
v -11.775408 33.593044 32.683609
v -11.775544 34.186050 32.866524
v -11.775688 34.799694 32.959015
v -11.775832 35.420265 32.959015
v -11.775972 36.033909 32.866524
v -11.776108 36.626915 32.683609
v -11.776236 37.186035 32.414349
v -11.776356 37.698780 32.064762
v -11.776460 38.153690 31.642668
v -11.776552 38.540615 31.157484
v -11.776620 38.850903 30.620052
v -11.776676 39.077621 30.042372
v -11.776704 39.215714 29.437361
v -11.776716 39.262089 28.818520
v -11.776704 39.215714 28.199680
v -11.776672 39.077621 27.594664
v -11.776620 38.850903 27.016989
v -11.776548 38.540615 26.479551
v -11.776460 38.153694 25.994368
v -11.776356 37.698784 25.572268
v -11.776236 37.186039 25.222689
v -11.776108 36.626923 24.953428
v -11.775968 36.033916 24.770512
v -11.775828 35.420273 24.678017
v -11.775684 34.799698 24.678017
v -11.775544 34.186054 24.770508
v -11.775404 33.593048 24.953424
v -11.775276 33.033932 25.222679
v -11.775156 32.521187 25.572260
v -11.775052 32.066273 25.994360
v -11.774964 31.679350 26.479540
v -11.774892 31.369062 27.016975
v -11.774840 31.142338 27.594652
v -11.774808 31.004246 28.199669
v -11.472092 30.937750 29.131187
v -11.472116 31.030951 29.749544
v -11.472160 31.215275 30.347103
v -11.472220 31.486599 30.910517
v -11.472304 31.838867 31.427200
v -11.472400 32.264206 31.885609
v -11.472516 32.753117 32.275501
v -11.472640 33.294678 32.588169
v -11.472772 33.876793 32.816635
v -11.472916 34.486458 32.955784
v -11.473060 35.110050 33.002518
v -11.473204 35.733643 32.955784
v -11.473344 36.343307 32.816635
v -11.473476 36.925419 32.588169
v -11.473604 37.466984 32.275501
v -11.473716 37.955891 31.885609
v -11.473816 38.381229 31.427200
v -11.473896 38.733498 30.910521
v -11.473956 39.004826 30.347103
v -11.474000 39.189148 29.749548
v -11.474020 39.282349 29.131191
v -11.474020 39.282349 28.505848
v -11.474000 39.189148 27.887491
v -11.473956 39.004826 27.289936
v -11.473896 38.733501 26.726521
v -11.473812 38.381233 26.209841
v -11.473712 37.955894 25.751432
v -11.473600 37.466988 25.361536
v -11.473476 36.925426 25.048868
v -11.473340 36.343311 24.820404
v -11.473200 35.733650 24.681252
v -11.473056 35.110058 24.634516
v -11.472912 34.486462 24.681248
v -11.472772 33.876801 24.820400
v -11.472636 33.294685 25.048861
v -11.472512 32.753124 25.361532
v -11.472400 32.264214 25.751425
v -11.472300 31.838869 26.209827
v -11.472220 31.486603 26.726507
v -11.472156 31.215279 27.289921
v -11.472116 31.030954 27.887480
v -11.472092 30.937750 28.505844
v -11.416156 31.163683 29.413336
v -11.528124 31.119081 28.818516
v -11.528168 31.296391 29.994871
v -11.416236 31.514339 30.550129
v -11.528284 31.812553 31.066700
v -11.416392 32.184486 31.533056
v -11.528472 32.621719 31.938772
v -11.416608 33.114586 32.274784
v -11.528712 33.651978 32.533592
v -11.416864 34.221989 32.709408
v -11.528980 34.811794 32.798309
v -11.417136 35.408306 32.798309
v -11.529252 35.998108 32.709408
v -11.417404 36.568123 32.533592
v -11.529508 37.105515 32.274784
v -11.417644 37.598381 31.938772
v -11.529724 38.035614 31.533056
v -11.417828 38.407543 31.066700
v -11.529880 38.705761 30.550129
v -11.417948 38.923710 29.994871
v -11.529960 39.056416 29.413340
v -11.417988 39.101013 28.818520
v -11.529960 39.056416 28.223700
v -11.417948 38.923710 27.642168
v -11.529876 38.705761 27.086912
v -11.417828 38.407547 26.570335
v -11.529724 38.035614 26.103985
v -11.417640 37.598385 25.698269
v -11.529508 37.105518 25.362251
v -11.417404 36.568127 25.103443
v -11.529252 35.998116 24.927628
v -11.417136 35.408314 24.838724
v -11.528976 34.811798 24.838724
v -11.416860 34.221996 24.927624
v -11.528708 33.651981 25.103439
v -11.416604 33.114594 25.362247
v -11.528472 32.621723 25.698259
v -11.416392 32.184490 26.103971
v -11.528284 31.812561 26.570324
v -11.416236 31.514341 27.086901
v -11.528164 31.296391 27.642153
v -11.416156 31.163683 28.223688
v -8.779304 34.897949 33.380501
v -8.478288 34.898018 33.380501
v -8.478396 35.358395 33.380501
v -8.779412 35.358322 33.380501
v -8.776140 34.897949 24.345469
v -8.476352 34.898018 24.376141
v -8.476460 35.358395 24.376141
v -8.776248 35.358326 24.345469
v -8.756916 34.897953 24.217756
v -8.462500 34.898022 24.284128
v -8.462608 35.358398 24.284128
v -8.757024 35.358330 24.217756
v -8.719232 34.897961 24.093355
v -8.440216 34.898026 24.210571
v -8.440320 35.358402 24.210571
v -8.719336 35.358337 24.093355
v -8.655140 34.897976 23.976416
v -8.410716 34.898033 24.156755
v -8.410820 35.358410 24.156755
v -8.655248 35.358353 23.976416
v -8.561416 34.897999 23.879772
v -8.370504 34.898041 24.115295
v -8.370612 35.358418 24.115295
v -8.561524 35.358376 23.879772
v -8.460800 34.898022 23.816484
v -8.322900 34.898052 24.085356
v -8.323008 35.358429 24.085356
v -8.460908 35.358398 23.816484
v -8.358676 34.898045 23.774948
v -8.265840 34.898067 24.062147
v -8.265948 35.358440 24.062147
v -8.358784 35.358421 23.774948
v -8.255364 34.898071 23.749781
v -8.200840 34.898083 24.046316
v -8.200944 35.358459 24.046316
v -8.255472 35.358444 23.749781
v -8.152900 34.898094 23.736944
v -8.127684 34.898098 24.037151
v -8.127788 35.358475 24.037151
v -8.153004 35.358471 23.736944
v -7.022880 34.898354 23.736776
v -7.022868 34.898354 24.037788
v -7.022976 35.358730 24.037788
v -7.022988 35.358730 23.736776
v -6.512108 34.537251 23.690228
v -6.307216 34.575600 23.690228
v -6.307216 34.575600 24.078808
v -6.512108 34.537251 24.078808
v -6.130012 34.685375 23.690228
v -6.130012 34.685375 24.078808
v -6.004432 34.851753 23.690228
v -6.004432 34.851753 24.078808
v -5.947432 35.052258 23.690228
v -5.947432 35.052258 24.078808
v -5.966712 35.259819 23.690228
v -5.966712 35.259819 24.078808
v -6.059672 35.446392 23.690228
v -6.059672 35.446392 24.078808
v -6.213752 35.586788 23.690228
v -6.213752 35.586788 24.078808
v -6.408144 35.662045 23.690228
v -6.408144 35.662045 24.078808
v -6.616596 35.661999 23.690228
v -6.616596 35.661999 24.078808
v -6.810952 35.586655 23.690228
v -6.810952 35.586655 24.078808
v -6.964968 35.446186 23.690228
v -6.964968 35.446186 24.078808
v -7.057840 35.259567 23.690228
v -7.057840 35.259567 24.078808
v -7.077024 35.051998 23.690228
v -7.077024 35.051998 24.078808
v -7.019932 34.851517 23.690228
v -7.019932 34.851517 24.078808
v -6.894272 34.685196 23.690228
v -6.894272 34.685196 24.078808
v -6.717020 34.575504 23.690228
v -6.717020 34.575504 24.078808
v -8.653572 35.755398 26.788908
v -8.653568 35.745453 26.785681
v -8.653568 35.739311 26.777220
v -8.653568 35.739311 26.766764
v -8.653568 35.745453 26.758308
v -8.653572 35.755398 26.755075
v -8.653572 35.765343 26.758308
v -8.653576 35.771484 26.766764
v -8.653576 35.771484 26.777220
v -8.653572 35.765343 26.785681
v -8.617140 35.755405 26.788908
v -8.617140 35.745461 26.785681
v -8.617136 35.739319 26.777220
v -8.617136 35.739319 26.766764
v -8.617140 35.745461 26.758308
v -8.617140 35.755405 26.755075
v -8.617144 35.765350 26.758308
v -8.617144 35.771496 26.766764
v -8.617144 35.771496 26.777220
v -8.617144 35.765350 26.785681
v -8.705288 35.755386 26.838013
v -8.705284 35.732807 26.834028
v -8.705276 35.712952 26.822563
v -8.705272 35.698215 26.805000
v -8.705272 35.690369 26.783457
v -8.705272 35.690369 26.760529
v -8.705272 35.698215 26.738983
v -8.705276 35.712952 26.721420
v -8.705284 35.732807 26.709955
v -8.705288 35.755386 26.705976
v -8.705292 35.777966 26.709955
v -8.705296 35.797821 26.721420
v -8.705300 35.812557 26.738983
v -8.705304 35.820396 26.760529
v -8.705304 35.820396 26.783457
v -8.705300 35.812557 26.805000
v -8.705296 35.797821 26.822563
v -8.705292 35.777966 26.834028
v -8.689316 35.755390 26.838013
v -8.689312 35.732811 26.834028
v -8.689308 35.712955 26.822563
v -8.689304 35.698219 26.805000
v -8.689300 35.690372 26.783457
v -8.689300 35.690372 26.760529
v -8.689304 35.698219 26.738983
v -8.689308 35.712955 26.721420
v -8.689312 35.732811 26.709955
v -8.689316 35.755390 26.705976
v -8.689320 35.777969 26.709955
v -8.689324 35.797825 26.721420
v -8.689328 35.812561 26.738983
v -8.689332 35.820400 26.760529
v -8.689332 35.820400 26.783457
v -8.689328 35.812561 26.805000
v -8.689324 35.797825 26.822563
v -8.689320 35.777969 26.834028
v -8.688452 35.755390 26.815504
v -8.688444 35.714005 26.785440
v -8.688444 35.729813 26.736788
v -8.688456 35.780968 26.736788
v -8.688460 35.796776 26.785440
v -8.652020 35.755398 26.815504
v -8.652012 35.714012 26.785440
v -8.652016 35.729820 26.736788
v -8.652028 35.780975 26.736788
v -8.652032 35.796783 26.785440
v -8.653572 35.755398 26.551876
v -8.653568 35.745453 26.548643
v -8.653568 35.739311 26.540188
v -8.653568 35.739311 26.529732
v -8.653568 35.745453 26.521276
v -8.653572 35.755398 26.518044
v -8.653572 35.765343 26.521276
v -8.653576 35.771484 26.529732
v -8.653576 35.771484 26.540188
v -8.653572 35.765343 26.548643
v -8.617140 35.755405 26.551876
v -8.617140 35.745461 26.548643
v -8.617136 35.739319 26.540188
v -8.617136 35.739319 26.529732
v -8.617140 35.745461 26.521276
v -8.617140 35.755405 26.518044
v -8.617144 35.765350 26.521276
v -8.617144 35.771496 26.529732
v -8.617144 35.771496 26.540188
v -8.617144 35.765350 26.548643
v -8.705288 35.755386 26.600977
v -8.705284 35.732807 26.596996
v -8.705276 35.712952 26.585531
v -8.705272 35.698215 26.567968
v -8.705272 35.690369 26.546425
v -8.705272 35.690369 26.523497
v -8.705272 35.698215 26.501951
v -8.705276 35.712952 26.484388
v -8.705280 35.732807 26.472923
v -8.705288 35.755386 26.468945
v -8.705292 35.777966 26.472923
v -8.705296 35.797821 26.484388
v -8.705300 35.812557 26.501951
v -8.705304 35.820396 26.523497
v -8.705304 35.820396 26.546425
v -8.705300 35.812557 26.567968
v -8.705296 35.797821 26.585531
v -8.705292 35.777966 26.596996
v -8.689316 35.755390 26.600977
v -8.689312 35.732811 26.596996
v -8.689308 35.712955 26.585531
v -8.689304 35.698219 26.567968
v -8.689300 35.690372 26.546425
v -8.689300 35.690372 26.523497
v -8.689304 35.698219 26.501951
v -8.689308 35.712955 26.484388
v -8.689312 35.732811 26.472923
v -8.689316 35.755390 26.468945
v -8.689320 35.777969 26.472923
v -8.689324 35.797825 26.484388
v -8.689328 35.812561 26.501951
v -8.689332 35.820400 26.523497
v -8.689332 35.820400 26.546425
v -8.689328 35.812561 26.567968
v -8.689324 35.797825 26.585531
v -8.689320 35.777969 26.596996
v -8.688452 35.755390 26.578472
v -8.688440 35.714005 26.548409
v -8.688444 35.729813 26.499756
v -8.688456 35.780968 26.499756
v -8.688460 35.796776 26.548409
v -8.652020 35.755398 26.578472
v -8.652012 35.714012 26.548409
v -8.652016 35.729820 26.499756
v -8.652028 35.780975 26.499756
v -8.652032 35.796783 26.548409
v -8.653284 34.512722 26.788908
v -8.653284 34.502777 26.785681
v -8.653280 34.496635 26.777220
v -8.653280 34.496635 26.766764
v -8.653284 34.502777 26.758308
v -8.653284 34.512722 26.755075
v -8.653288 34.522667 26.758308
v -8.653288 34.528809 26.766764
v -8.653288 34.528809 26.777220
v -8.653288 34.522667 26.785681
v -8.616856 34.512730 26.788908
v -8.616852 34.502789 26.785681
v -8.616852 34.496643 26.777220
v -8.616852 34.496643 26.766764
v -8.616852 34.502789 26.758308
v -8.616856 34.512730 26.755075
v -8.616856 34.522675 26.758308
v -8.616860 34.528816 26.766764
v -8.616860 34.528816 26.777220
v -8.616856 34.522675 26.785681
v -8.705000 34.512711 26.838013
v -8.704996 34.490131 26.834028
v -8.704992 34.470276 26.822563
v -8.704988 34.455540 26.805000
v -8.704984 34.447697 26.783457
v -8.704984 34.447697 26.760529
v -8.704988 34.455540 26.738983
v -8.704992 34.470276 26.721420
v -8.704996 34.490131 26.709955
v -8.705000 34.512711 26.705976
v -8.705004 34.535290 26.709955
v -8.705008 34.555145 26.721420
v -8.705012 34.569881 26.738983
v -8.705016 34.577724 26.760529
v -8.705016 34.577724 26.783457
v -8.705012 34.569881 26.805000
v -8.705008 34.555145 26.822563
v -8.705004 34.535290 26.834028
v -8.689028 34.512714 26.838013
v -8.689024 34.490135 26.834028
v -8.689020 34.470280 26.822563
v -8.689016 34.455544 26.805000
v -8.689012 34.447701 26.783457
v -8.689012 34.447701 26.760529
v -8.689016 34.455544 26.738983
v -8.689020 34.470280 26.721420
v -8.689024 34.490135 26.709955
v -8.689028 34.512714 26.705976
v -8.689032 34.535294 26.709955
v -8.689040 34.555149 26.721420
v -8.689044 34.569885 26.738983
v -8.689044 34.577728 26.760529
v -8.689044 34.577728 26.783457
v -8.689044 34.569885 26.805000
v -8.689040 34.555149 26.822563
v -8.689032 34.535294 26.834028
v -8.688164 34.512714 26.815504
v -8.688156 34.471329 26.785440
v -8.688160 34.487137 26.736788
v -8.688168 34.538292 26.736788
v -8.688172 34.554096 26.785440
v -8.651736 34.512722 26.815504
v -8.651724 34.471340 26.785440
v -8.651728 34.487144 26.736788
v -8.651740 34.538300 26.736788
v -8.651744 34.554108 26.785440
v -8.653284 34.512722 26.551876
v -8.653284 34.502777 26.548643
v -8.653280 34.496635 26.540188
v -8.653280 34.496635 26.529732
v -8.653284 34.502777 26.521276
v -8.653284 34.512722 26.518044
v -8.653288 34.522667 26.521276
v -8.653288 34.528809 26.529732
v -8.653288 34.528809 26.540188
v -8.653288 34.522667 26.548643
v -8.616856 34.512730 26.551876
v -8.616852 34.502789 26.548643
v -8.616852 34.496643 26.540188
v -8.616852 34.496643 26.529732
v -8.616852 34.502789 26.521276
v -8.616856 34.512730 26.518044
v -8.616856 34.522675 26.521276
v -8.616860 34.528816 26.529732
v -8.616860 34.528816 26.540188
v -8.616856 34.522675 26.548643
v -8.705000 34.512711 26.600977
v -8.704996 34.490131 26.596996
v -8.704992 34.470276 26.585531
v -8.704988 34.455540 26.567968
v -8.704984 34.447697 26.546425
v -8.704984 34.447697 26.523497
v -8.704988 34.455540 26.501951
v -8.704992 34.470276 26.484388
v -8.704996 34.490131 26.472923
v -8.705000 34.512711 26.468945
v -8.705004 34.535290 26.472923
v -8.705008 34.555145 26.484388
v -8.705012 34.569881 26.501951
v -8.705016 34.577724 26.523497
v -8.705016 34.577724 26.546425
v -8.705012 34.569881 26.567968
v -8.705008 34.555145 26.585531
v -8.705004 34.535290 26.596996
v -8.689028 34.512714 26.600977
v -8.689024 34.490135 26.596996
v -8.689020 34.470280 26.585531
v -8.689016 34.455544 26.567968
v -8.689012 34.447701 26.546425
v -8.689012 34.447701 26.523497
v -8.689016 34.455544 26.501951
v -8.689020 34.470280 26.484388
v -8.689024 34.490135 26.472923
v -8.689028 34.512714 26.468945
v -8.689032 34.535294 26.472923
v -8.689040 34.555149 26.484388
v -8.689044 34.569885 26.501951
v -8.689044 34.577728 26.523497
v -8.689044 34.577728 26.546425
v -8.689044 34.569885 26.567968
v -8.689040 34.555149 26.585531
v -8.689032 34.535294 26.596996
v -8.688164 34.512714 26.578472
v -8.688156 34.471329 26.548409
v -8.688160 34.487137 26.499756
v -8.688168 34.538288 26.499756
v -8.688172 34.554096 26.548409
v -8.651736 34.512722 26.578472
v -8.651724 34.471340 26.548409
v -8.651728 34.487144 26.499756
v -8.651740 34.538300 26.499756
v -8.651744 34.554108 26.548409
v -8.701616 34.252686 26.893995
v -8.781024 34.252666 26.893995
v -8.781024 34.252666 26.409391
v -8.701616 34.252686 26.409391
v -8.699592 34.703129 26.893995
v -8.778664 34.710892 26.893995
v -8.778664 34.710892 26.409391
v -8.699592 34.703129 26.409391
v -8.697044 34.722473 26.893995
v -8.775228 34.736950 26.893995
v -8.775228 34.736950 26.409391
v -8.697044 34.722473 26.409391
v -8.692992 34.739380 26.893995
v -8.768868 34.763496 26.893995
v -8.768864 34.763496 26.409391
v -8.692992 34.739380 26.409391
v -8.687248 34.753738 26.893995
v -8.758280 34.789970 26.893995
v -8.758280 34.789970 26.409391
v -8.687248 34.753738 26.409391
v -8.679524 34.765972 26.893995
v -8.742288 34.815308 26.893995
v -8.742288 34.815308 26.409391
v -8.679524 34.765972 26.409391
v -8.668572 34.777290 26.893995
v -8.720660 34.837646 26.893995
v -8.720660 34.837646 26.409391
v -8.668572 34.777290 26.409391
v -8.655860 34.786411 26.893995
v -8.696932 34.854675 26.893995
v -8.696932 34.854675 26.409391
v -8.655860 34.786411 26.409391
v -8.643488 34.792553 26.893995
v -8.673100 34.866508 26.893995
v -8.673100 34.866508 26.409391
v -8.643488 34.792553 26.409391
v -8.631232 34.796356 26.893995
v -8.649348 34.873878 26.893995
v -8.649348 34.873878 26.409391
v -8.631232 34.796356 26.409391
v -8.618316 34.798416 26.893995
v -8.626420 34.877537 26.893995
v -8.626420 34.877537 26.409391
v -8.618312 34.798416 26.409391
v -8.604196 34.799065 26.893995
v -8.604804 34.878529 26.893995
v -8.604804 34.878529 26.409391
v -8.604196 34.799065 26.409391
v -8.570260 34.797329 26.893995
v -8.567476 34.876736 26.893995
v -8.567476 34.876736 26.409391
v -8.570260 34.797329 26.409391
v -8.551016 34.797302 26.893995
v -8.552556 34.876709 26.893995
v -8.552556 34.876709 26.409391
v -8.551016 34.797302 26.409391
v -8.531572 34.798084 26.893995
v -8.538152 34.877289 26.893995
v -8.538152 34.877289 26.409391
v -8.531572 34.798084 26.409391
v -8.510712 34.800716 26.893995
v -8.525780 34.878853 26.893995
v -8.525780 34.878853 26.409391
v -8.510712 34.800716 26.409391
v -8.488780 34.806446 26.893995
v -8.515412 34.881557 26.893995
v -8.515412 34.881557 26.409391
v -8.488780 34.806446 26.409391
v -8.466604 34.816505 26.893995
v -8.506532 34.885590 26.893995
v -8.506532 34.885590 26.409391
v -8.466604 34.816505 26.409391
v -8.445468 34.831665 26.893995
v -8.498164 34.891590 26.893995
v -8.498164 34.891590 26.409391
v -8.445468 34.831665 26.409391
v -8.426892 34.851589 26.893995
v -8.489096 34.901318 26.893995
v -8.489096 34.901318 26.409391
v -8.426892 34.851589 26.409391
v -8.411336 34.874409 26.893995
v -8.479920 34.914780 26.893995
v -8.479920 34.914780 26.409391
v -8.411336 34.874409 26.409391
v -8.400224 34.896523 26.893995
v -8.473660 34.927235 26.893995
v -8.473660 34.927235 26.409391
v -8.400224 34.896523 26.409391
v -8.392884 34.918194 26.893995
v -8.469772 34.938709 26.893995
v -8.469772 34.938709 26.409391
v -8.392884 34.918194 26.409391
v -8.388792 34.938923 26.893995
v -8.467544 34.949993 26.893995
v -8.467544 34.949993 26.409391
v -8.388792 34.938923 26.409391
v -8.702020 35.999508 26.893995
v -8.781428 35.999485 26.893995
v -8.781428 35.999485 26.409391
v -8.702020 35.999504 26.409391
v -8.699788 35.549061 26.893995
v -8.778856 35.541267 26.893995
v -8.778856 35.541267 26.409391
v -8.699788 35.549061 26.409391
v -8.697232 35.529716 26.893995
v -8.775408 35.515205 26.893995
v -8.775408 35.515205 26.409391
v -8.697232 35.529716 26.409391
v -8.693172 35.512817 26.893995
v -8.769032 35.488663 26.893995
v -8.769032 35.488663 26.409391
v -8.693172 35.512817 26.409391
v -8.687420 35.498459 26.893995
v -8.758436 35.462193 26.893995
v -8.758436 35.462193 26.409391
v -8.687420 35.498459 26.409391
v -8.679692 35.486225 26.893995
v -8.742432 35.436867 26.893995
v -8.742432 35.436867 26.409391
v -8.679692 35.486225 26.409391
v -8.668732 35.474918 26.893995
v -8.720792 35.414539 26.893995
v -8.720792 35.414539 26.409391
v -8.668732 35.474918 26.409391
v -8.656016 35.465801 26.893995
v -8.697060 35.397522 26.893995
v -8.697060 35.397522 26.409391
v -8.656016 35.465801 26.409391
v -8.643640 35.459663 26.893995
v -8.673220 35.385693 26.893995
v -8.673220 35.385693 26.409391
v -8.643640 35.459663 26.409391
v -8.631384 35.455868 26.893995
v -8.649464 35.378338 26.893995
v -8.649464 35.378338 26.409391
v -8.631384 35.455868 26.409391
v -8.618464 35.453812 26.893995
v -8.626532 35.374687 26.893995
v -8.626532 35.374687 26.409391
v -8.618464 35.453812 26.409391
v -8.604344 35.453171 26.893995
v -8.604920 35.373707 26.893995
v -8.604920 35.373707 26.409391
v -8.604344 35.453171 26.409391
v -8.584824 35.374325 26.893995
v -8.584824 35.374325 26.409391
v -8.570408 35.454922 26.893995
v -8.567592 35.375519 26.893995
v -8.567588 35.375519 26.409391
v -8.570408 35.454922 26.409391
v -8.552672 35.375549 26.893995
v -8.552672 35.375549 26.409391
v -8.531724 35.454182 26.893995
v -8.538268 35.374973 26.893995
v -8.538264 35.374973 26.409391
v -8.531724 35.454182 26.409391
v -8.510864 35.451561 26.893995
v -8.525892 35.373417 26.893995
v -8.525892 35.373417 26.409391
v -8.510864 35.451561 26.409391
v -8.488928 35.445847 26.893995
v -8.515524 35.370720 26.893995
v -8.515524 35.370720 26.409391
v -8.488928 35.445847 26.409391
v -8.466748 35.435791 26.893995
v -8.506644 35.366695 26.893995
v -8.506644 35.366695 26.409391
v -8.466744 35.435791 26.409391
v -8.445604 35.420643 26.893995
v -8.498272 35.360695 26.893995
v -8.498272 35.360695 26.409391
v -8.445604 35.420643 26.409391
v -8.427020 35.400726 26.893995
v -8.489200 35.350971 26.893995
v -8.489200 35.350971 26.409391
v -8.427020 35.400726 26.409391
v -8.411452 35.377914 26.893995
v -8.480016 35.337517 26.893995
v -8.480016 35.337517 26.409391
v -8.411452 35.377914 26.409391
v -8.400332 35.355804 26.893995
v -8.473752 35.325062 26.893995
v -8.473752 35.325062 26.409391
v -8.400332 35.355804 26.409391
v -8.392980 35.334137 26.893995
v -8.469860 35.313587 26.893995
v -8.469860 35.313587 26.409391
v -8.392980 35.334137 26.409391
v -8.388876 35.313412 26.893995
v -8.467628 35.302307 26.893995
v -8.467628 35.302307 26.409391
v -8.388876 35.313412 26.409391
v -8.387232 35.294090 26.893995
v -8.466620 35.290470 26.893995
v -8.466620 35.290470 26.409391
v -8.387232 35.294090 26.409391
v -8.653572 35.755398 31.242624
v -8.653572 35.745453 31.239391
v -8.653568 35.739311 31.230936
v -8.653568 35.739311 31.220480
v -8.653572 35.745453 31.212025
v -8.653572 35.755398 31.208792
v -8.653576 35.765343 31.212025
v -8.653576 35.771488 31.220480
v -8.653576 35.771488 31.230936
v -8.653576 35.765343 31.239391
v -8.617144 35.755405 31.242624
v -8.617140 35.745461 31.239391
v -8.617140 35.739319 31.230936
v -8.617140 35.739319 31.220480
v -8.617140 35.745461 31.212025
v -8.617144 35.755405 31.208792
v -8.617144 35.765350 31.212025
v -8.617148 35.771496 31.220480
v -8.617148 35.771496 31.230936
v -8.617144 35.765350 31.239391
v -8.705288 35.755386 31.291723
v -8.705284 35.732807 31.287745
v -8.705280 35.712952 31.276279
v -8.705276 35.698215 31.258717
v -8.705272 35.690369 31.237171
v -8.705272 35.690369 31.214245
v -8.705276 35.698215 31.192699
v -8.705280 35.712952 31.175137
v -8.705284 35.732807 31.163671
v -8.705288 35.755386 31.159693
v -8.705292 35.777966 31.163671
v -8.705296 35.797821 31.175137
v -8.705300 35.812557 31.192699
v -8.705304 35.820400 31.214245
v -8.705304 35.820400 31.237171
v -8.705300 35.812557 31.258717
v -8.705296 35.797821 31.276279
v -8.705292 35.777966 31.287745
v -8.689316 35.755390 31.291723
v -8.689312 35.732811 31.287745
v -8.689308 35.712955 31.276279
v -8.689304 35.698219 31.258717
v -8.689300 35.690376 31.237171
v -8.689300 35.690376 31.214245
v -8.689304 35.698219 31.192699
v -8.689308 35.712955 31.175137
v -8.689312 35.732811 31.163671
v -8.689316 35.755390 31.159693
v -8.689320 35.777969 31.163671
v -8.689328 35.797825 31.175137
v -8.689332 35.812561 31.192699
v -8.689332 35.820404 31.214245
v -8.689332 35.820404 31.237171
v -8.689332 35.812561 31.258717
v -8.689328 35.797825 31.276279
v -8.689320 35.777969 31.287745
v -8.688452 35.755390 31.269220
v -8.688444 35.714005 31.239157
v -8.688448 35.729813 31.190504
v -8.688456 35.780968 31.190504
v -8.688460 35.796776 31.239157
v -8.652024 35.755398 31.269220
v -8.652012 35.714016 31.239157
v -8.652016 35.729824 31.190504
v -8.652028 35.780975 31.190504
v -8.652032 35.796783 31.239157
v -8.653572 35.755398 31.005592
v -8.653572 35.745453 31.002359
v -8.653568 35.739311 30.993904
v -8.653568 35.739311 30.983448
v -8.653572 35.745453 30.974993
v -8.653572 35.755398 30.971760
v -8.653576 35.765343 30.974993
v -8.653576 35.771488 30.983448
v -8.653576 35.771488 30.993904
v -8.653576 35.765343 31.002359
v -8.617144 35.755405 31.005592
v -8.617140 35.745461 31.002359
v -8.617140 35.739319 30.993904
v -8.617140 35.739319 30.983448
v -8.617140 35.745461 30.974993
v -8.617144 35.755405 30.971760
v -8.617144 35.765350 30.974993
v -8.617148 35.771496 30.983448
v -8.617148 35.771496 30.993904
v -8.617144 35.765350 31.002359
v -8.705288 35.755386 31.054691
v -8.705284 35.732807 31.050713
v -8.705280 35.712952 31.039248
v -8.705276 35.698215 31.021685
v -8.705272 35.690369 31.000139
v -8.705272 35.690369 30.977213
v -8.705276 35.698215 30.955667
v -8.705280 35.712952 30.938105
v -8.705284 35.732807 30.926640
v -8.705288 35.755386 30.922655
v -8.705292 35.777966 30.926640
v -8.705296 35.797821 30.938105
v -8.705300 35.812557 30.955667
v -8.705304 35.820396 30.977213
v -8.705304 35.820396 31.000139
v -8.705300 35.812557 31.021685
v -8.705296 35.797821 31.039248
v -8.705292 35.777966 31.050713
v -8.689316 35.755390 31.054691
v -8.689312 35.732811 31.050713
v -8.689308 35.712955 31.039248
v -8.689304 35.698219 31.021685
v -8.689300 35.690372 31.000139
v -8.689300 35.690372 30.977213
v -8.689304 35.698219 30.955667
v -8.689308 35.712955 30.938105
v -8.689312 35.732811 30.926640
v -8.689316 35.755390 30.922655
v -8.689320 35.777969 30.926640
v -8.689328 35.797825 30.938105
v -8.689332 35.812561 30.955667
v -8.689332 35.820404 30.977213
v -8.689332 35.820404 31.000139
v -8.689332 35.812561 31.021685
v -8.689328 35.797825 31.039248
v -8.689320 35.777969 31.050713
v -8.688452 35.755390 31.032188
v -8.688444 35.714005 31.002119
v -8.688448 35.729813 30.953472
v -8.688456 35.780968 30.953472
v -8.688460 35.796776 31.002119
v -8.652024 35.755398 31.032188
v -8.652012 35.714016 31.002119
v -8.652016 35.729824 30.953472
v -8.652028 35.780975 30.953472
v -8.652032 35.796783 31.002119
v -8.653284 34.512722 31.242624
v -8.653284 34.502777 31.239391
v -8.653284 34.496635 31.230936
v -8.653284 34.496635 31.220480
v -8.653284 34.502777 31.212025
v -8.653284 34.512722 31.208792
v -8.653288 34.522667 31.212025
v -8.653288 34.528809 31.220480
v -8.653288 34.528809 31.230936
v -8.653288 34.522667 31.239391
v -8.616856 34.512730 31.242624
v -8.616852 34.502789 31.239391
v -8.616852 34.496643 31.230936
v -8.616852 34.496643 31.220480
v -8.616852 34.502789 31.212025
v -8.616856 34.512730 31.208792
v -8.616856 34.522675 31.212025
v -8.616860 34.528820 31.220480
v -8.616860 34.528820 31.230936
v -8.616856 34.522675 31.239391
v -8.705000 34.512711 31.291723
v -8.704996 34.490131 31.287745
v -8.704992 34.470276 31.276279
v -8.704988 34.455540 31.258717
v -8.704984 34.447697 31.237171
v -8.704984 34.447697 31.214245
v -8.704988 34.455540 31.192699
v -8.704992 34.470276 31.175137
v -8.704996 34.490131 31.163671
v -8.705000 34.512711 31.159693
v -8.705004 34.535290 31.163671
v -8.705012 34.555145 31.175137
v -8.705016 34.569881 31.192699
v -8.705016 34.577728 31.214245
v -8.705016 34.577728 31.237171
v -8.705016 34.569881 31.258717
v -8.705012 34.555145 31.276279
v -8.705004 34.535290 31.287745
v -8.689028 34.512714 31.291723
v -8.689024 34.490135 31.287745
v -8.689020 34.470280 31.276279
v -8.689016 34.455544 31.258717
v -8.689016 34.447701 31.237171
v -8.689016 34.447701 31.214245
v -8.689016 34.455544 31.192699
v -8.689020 34.470280 31.175137
v -8.689024 34.490135 31.163671
v -8.689028 34.512714 31.159693
v -8.689036 34.535294 31.163671
v -8.689040 34.555149 31.175137
v -8.689044 34.569885 31.192699
v -8.689044 34.577732 31.214245
v -8.689044 34.577732 31.237171
v -8.689044 34.569885 31.258717
v -8.689040 34.555149 31.276279
v -8.689036 34.535294 31.287745
v -8.688164 34.512714 31.269220
v -8.688156 34.471329 31.239157
v -8.688160 34.487137 31.190504
v -8.688172 34.538292 31.190504
v -8.688176 34.554100 31.239157
v -8.651736 34.512722 31.269220
v -8.651724 34.471344 31.239157
v -8.651728 34.487144 31.190504
v -8.651740 34.538300 31.190504
v -8.651744 34.554108 31.239157
v -8.653284 34.512722 31.005592
v -8.653284 34.502777 31.002359
v -8.653284 34.496635 30.993904
v -8.653284 34.496635 30.983448
v -8.653284 34.502777 30.974993
v -8.653284 34.512722 30.971760
v -8.653288 34.522667 30.974993
v -8.653288 34.528809 30.983448
v -8.653288 34.528809 30.993904
v -8.653288 34.522667 31.002359
v -8.616856 34.512730 31.005592
v -8.616852 34.502789 31.002359
v -8.616852 34.496643 30.993904
v -8.616852 34.496643 30.983448
v -8.616852 34.502789 30.974993
v -8.616856 34.512730 30.971760
v -8.616856 34.522675 30.974993
v -8.616860 34.528820 30.983448
v -8.616860 34.528820 30.993904
v -8.616856 34.522675 31.002359
v -8.705000 34.512711 31.054691
v -8.704996 34.490131 31.050713
v -8.704992 34.470276 31.039248
v -8.704988 34.455540 31.021685
v -8.704984 34.447697 31.000139
v -8.704984 34.447697 30.977213
v -8.704988 34.455540 30.955667
v -8.704992 34.470276 30.938105
v -8.704996 34.490131 30.926640
v -8.705000 34.512711 30.922655
v -8.705004 34.535290 30.926640
v -8.705012 34.555145 30.938105
v -8.705012 34.569881 30.955667
v -8.705016 34.577724 30.977213
v -8.705016 34.577728 31.000139
v -8.705016 34.569881 31.021685
v -8.705012 34.555145 31.039248
v -8.705004 34.535290 31.050713
v -8.689028 34.512714 31.054691
v -8.689024 34.490135 31.050713
v -8.689020 34.470280 31.039248
v -8.689016 34.455544 31.021685
v -8.689016 34.447701 31.000139
v -8.689016 34.447701 30.977213
v -8.689016 34.455544 30.955667
v -8.689020 34.470280 30.938105
v -8.689024 34.490135 30.926640
v -8.689028 34.512714 30.922655
v -8.689036 34.535294 30.926640
v -8.689040 34.555149 30.938105
v -8.689044 34.569885 30.955667
v -8.689044 34.577732 30.977213
v -8.689044 34.577732 31.000139
v -8.689044 34.569885 31.021685
v -8.689040 34.555149 31.039248
v -8.689036 34.535294 31.050713
v -8.688164 34.512714 31.032188
v -8.688156 34.471329 31.002119
v -8.688160 34.487137 30.953472
v -8.688172 34.538292 30.953472
v -8.688176 34.554100 31.002119
v -8.651736 34.512722 31.032188
v -8.651724 34.471344 31.002119
v -8.651728 34.487144 30.953472
v -8.651740 34.538300 30.953472
v -8.651744 34.554108 31.002119
v -8.701620 34.252686 31.347712
v -8.781024 34.252666 31.347712
v -8.781024 34.252666 30.863104
v -8.701620 34.252686 30.863104
v -8.699592 34.703129 31.347712
v -8.778664 34.710892 31.347712
v -8.778664 34.710892 30.863104
v -8.699592 34.703129 30.863104
v -8.697044 34.722473 31.347712
v -8.775232 34.736950 31.347712
v -8.775232 34.736950 30.863104
v -8.697044 34.722473 30.863104
v -8.692992 34.739380 31.347712
v -8.768868 34.763500 31.347712
v -8.768868 34.763500 30.863104
v -8.692992 34.739380 30.863104
v -8.687252 34.753738 31.347712
v -8.758284 34.789970 31.347712
v -8.758280 34.789970 30.863104
v -8.687252 34.753738 30.863104
v -8.679528 34.765976 31.347712
v -8.742288 34.815308 31.347712
v -8.742288 34.815308 30.863104
v -8.679528 34.765976 30.863104
v -8.668572 34.777290 31.347712
v -8.720660 34.837646 31.347712
v -8.720660 34.837646 30.863104
v -8.668572 34.777290 30.863104
v -8.655860 34.786411 31.347712
v -8.696932 34.854675 31.347712
v -8.696932 34.854675 30.863104
v -8.655860 34.786411 30.863104
v -8.643488 34.792553 31.347712
v -8.673100 34.866508 31.347712
v -8.673100 34.866508 30.863104
v -8.643488 34.792553 30.863104
v -8.631236 34.796360 31.347712
v -8.649348 34.873878 31.347712
v -8.649348 34.873878 30.863104
v -8.631236 34.796360 30.863104
v -8.618316 34.798420 31.347712
v -8.626420 34.877537 31.347712
v -8.626420 34.877537 30.863104
v -8.618316 34.798420 30.863104
v -8.604196 34.799065 31.347712
v -8.604808 34.878529 31.347712
v -8.604808 34.878529 30.863104
v -8.604196 34.799065 30.863104
v -8.584708 34.877918 31.347712
v -8.584708 34.877918 30.863104
v -8.570260 34.797329 31.347712
v -8.567476 34.876736 31.347712
v -8.567476 34.876736 30.863104
v -8.570260 34.797329 30.863104
v -8.551016 34.797302 31.347712
v -8.552556 34.876709 31.347712
v -8.552556 34.876709 30.863104
v -8.551016 34.797302 30.863104
v -8.531572 34.798088 31.347712
v -8.538152 34.877289 31.347712
v -8.538152 34.877289 30.863104
v -8.531572 34.798088 30.863104
v -8.510712 34.800720 31.347712
v -8.525780 34.878853 31.347712
v -8.525780 34.878853 30.863104
v -8.510712 34.800720 30.863104
v -8.488780 34.806446 31.347712
v -8.515412 34.881557 31.347712
v -8.515412 34.881557 30.863104
v -8.488780 34.806446 30.863104
v -8.466604 34.816505 31.347712
v -8.506532 34.885590 31.347712
v -8.506532 34.885590 30.863104
v -8.466604 34.816505 30.863104
v -8.445468 34.831665 31.347712
v -8.498164 34.891590 31.347712
v -8.498164 34.891590 30.863104
v -8.445468 34.831665 30.863104
v -8.426892 34.851589 31.347712
v -8.489096 34.901318 31.347712
v -8.489096 34.901318 30.863104
v -8.426892 34.851589 30.863104
v -8.411336 34.874409 31.347712
v -8.479920 34.914780 31.347712
v -8.479920 34.914780 30.863104
v -8.411336 34.874409 30.863104
v -8.400224 34.896523 31.347712
v -8.473660 34.927235 31.347712
v -8.473660 34.927235 30.863104
v -8.400224 34.896523 30.863104
v -8.392884 34.918194 31.347712
v -8.469772 34.938709 31.347712
v -8.469772 34.938709 30.863104
v -8.392884 34.918194 30.863104
v -8.388792 34.938923 31.347712
v -8.467544 34.949993 31.347712
v -8.467544 34.949993 30.863104
v -8.388792 34.938923 30.863104
v -8.702020 35.999508 31.347712
v -8.781428 35.999485 31.347712
v -8.781428 35.999485 30.863104
v -8.702020 35.999508 30.863104
v -8.699788 35.549061 31.347712
v -8.778856 35.541267 31.347712
v -8.778856 35.541267 30.863104
v -8.699788 35.549061 30.863104
v -8.697232 35.529716 31.347712
v -8.775408 35.515205 31.347712
v -8.775408 35.515205 30.863104
v -8.697232 35.529716 30.863104
v -8.693172 35.512817 31.347712
v -8.769036 35.488663 31.347712
v -8.769036 35.488663 30.863104
v -8.693172 35.512817 30.863104
v -8.687424 35.498459 31.347712
v -8.758436 35.462193 31.347712
v -8.758436 35.462193 30.863104
v -8.687424 35.498459 30.863104
v -8.679692 35.486225 31.347712
v -8.742432 35.436867 31.347712
v -8.742432 35.436867 30.863104
v -8.679692 35.486225 30.863104
v -8.668732 35.474918 31.347712
v -8.720796 35.414539 31.347712
v -8.720796 35.414539 30.863104
v -8.668732 35.474918 30.863104
v -8.656016 35.465801 31.347712
v -8.697060 35.397522 31.347712
v -8.697060 35.397522 30.863104
v -8.656016 35.465801 30.863104
v -8.643644 35.459663 31.347712
v -8.673220 35.385693 31.347712
v -8.673220 35.385693 30.863104
v -8.643644 35.459663 30.863104
v -8.631388 35.455868 31.347712
v -8.649464 35.378338 31.347712
v -8.649464 35.378338 30.863104
v -8.631384 35.455868 30.863104
v -8.618468 35.453812 31.347712
v -8.626532 35.374687 31.347712
v -8.626532 35.374687 30.863104
v -8.618468 35.453812 30.863104
v -8.604348 35.453171 31.347712
v -8.604920 35.373707 31.347712
v -8.604920 35.373707 30.863104
v -8.604348 35.453171 30.863104
v -8.584824 35.374325 31.347712
v -8.584824 35.374325 30.863104
v -8.570412 35.454922 31.347712
v -8.567592 35.375519 31.347712
v -8.567592 35.375519 30.863104
v -8.570412 35.454922 30.863104
v -8.551168 35.454960 31.347712
v -8.552672 35.375549 31.347712
v -8.552672 35.375549 30.863104
v -8.551168 35.454960 30.863104
v -8.531724 35.454182 31.347712
v -8.538268 35.374973 31.347712
v -8.538268 35.374973 30.863104
v -8.531724 35.454182 30.863104
v -8.510864 35.451561 31.347712
v -8.525896 35.373417 31.347712
v -8.525892 35.373417 30.863104
v -8.510864 35.451561 30.863104
v -8.488928 35.445847 31.347712
v -8.515524 35.370720 31.347712
v -8.515524 35.370720 30.863104
v -8.488928 35.445847 30.863104
v -8.466748 35.435791 31.347712
v -8.506644 35.366695 31.347712
v -8.506644 35.366695 30.863104
v -8.466748 35.435791 30.863104
v -8.445604 35.420643 31.347712
v -8.498272 35.360695 31.347712
v -8.498272 35.360695 30.863104
v -8.445604 35.420643 30.863104
v -8.427020 35.400726 31.347712
v -8.489200 35.350971 31.347712
v -8.489200 35.350971 30.863104
v -8.427020 35.400726 30.863104
v -8.411452 35.377914 31.347712
v -8.480016 35.337517 31.347712
v -8.480016 35.337517 30.863104
v -8.411452 35.377914 30.863104
v -8.400332 35.355804 31.347712
v -8.473752 35.325062 31.347712
v -8.473752 35.325062 30.863104
v -8.400332 35.355804 30.863104
v -8.392980 35.334137 31.347712
v -8.469860 35.313587 31.347712
v -8.469860 35.313587 30.863104
v -8.392980 35.334137 30.863104
v -8.388880 35.313412 31.347712
v -8.467628 35.302307 31.347712
v -8.467628 35.302307 30.863104
v -8.388876 35.313412 30.863104
v -8.387236 35.294090 31.347712
v -8.466620 35.290470 31.347712
v -8.466620 35.290470 30.863104
v -8.387236 35.294090 30.863104
v -11.797184 31.026325 29.434029
v -11.797172 30.980198 28.818516
v -11.797216 31.163673 30.035788
v -11.797268 31.389175 30.610359
v -11.797340 31.697794 31.144903
v -11.797428 32.082634 31.627480
v -11.797532 32.535103 32.047310
v -11.797652 33.045086 32.395008
v -11.797780 33.601200 32.662819
v -11.797916 34.191013 32.844749
v -11.798056 34.801357 32.936745
v -11.798200 35.418594 32.936745
v -11.798340 36.028938 32.844749
v -11.798476 36.618752 32.662819
v -11.798604 37.174862 32.395008
v -11.798724 37.684845 32.047310
v -11.798828 38.137314 31.627480
v -11.798916 38.522156 31.144903
v -11.798988 38.830772 30.610359
v -11.799040 39.056274 30.035791
v -11.799072 39.193626 29.434032
v -11.799080 39.239750 28.818520
v -11.799072 39.193626 28.203009
v -11.799040 39.056278 27.601248
v -11.798988 38.830772 27.026680
v -11.798916 38.522160 26.492136
v -11.798828 38.137318 26.009560
v -11.798720 37.684849 25.589731
v -11.798604 37.174866 25.242027
v -11.798476 36.618759 24.974220
v -11.798336 36.028942 24.792284
v -11.798196 35.418598 24.700289
v -11.798056 34.801361 24.700289
v -11.797912 34.191017 24.792284
v -11.797780 33.601208 24.974216
v -11.797648 33.045094 25.242020
v -11.797532 32.535107 25.589720
v -11.797428 32.082638 26.009552
v -11.797340 31.697798 26.492125
v -11.797268 31.389177 27.026665
v -11.797216 31.163673 27.601236
v -11.797184 31.026325 28.202995
v -12.111260 32.234985 29.251844
v -12.111252 32.202511 28.818516
v -12.111284 32.331676 29.675484
v -12.111320 32.490433 30.079988
v -12.111372 32.707703 30.456308
v -12.111432 32.978634 30.796043
v -12.111508 33.297173 31.091608
v -12.111588 33.656208 31.336391
v -12.111680 34.047714 31.524933
v -12.111776 34.462948 31.653011
v -12.111876 34.892635 31.717775
v -12.111976 35.327171 31.717775
v -12.112076 35.756859 31.653011
v -12.112172 36.172089 31.524933
v -12.112260 36.563599 31.336391
v -12.112344 36.922630 31.091608
v -12.112416 37.241169 30.796043
v -12.112480 37.512100 30.456308
v -12.112528 37.729370 30.079988
v -12.112568 37.888126 29.675488
v -12.112588 37.984818 29.251844
v -12.112596 38.017288 28.818516
v -12.112588 37.984818 28.385197
v -12.112564 37.888126 27.961552
v -12.112528 37.729370 27.557053
v -12.112480 37.512100 27.180729
v -12.112416 37.241169 26.840992
v -12.112344 36.922634 26.545431
v -12.112260 36.563599 26.300644
v -12.112168 36.172092 26.112108
v -12.112072 35.756863 25.984024
v -12.111972 35.327175 25.919260
v -12.111872 34.892639 25.919256
v -12.111776 34.462955 25.984020
v -12.111680 34.047718 26.112104
v -12.111588 33.656212 26.300640
v -12.111504 33.297176 26.545424
v -12.111432 32.978638 26.840984
v -12.111368 32.707706 27.180719
v -12.111320 32.490437 27.557039
v -12.111284 32.331680 27.961544
v -12.111260 32.234985 28.385183
s 1
usemtl itu_metal
f 6927 6926 6884 6885
f 7546 7547 7337 7504 7336
f 7513 7514 7304 7471 7303
f 7898 7902 7903 7899
f 7054 7053 7052 7051
f 7548 7549 7339 7506 7338
f 7522 7523 7313 7480 7312
f 6939 6938 6896 6897
f 6971 6970 7011 7012
f 7071 7072 7073 7074
f 6956 6955 6913 6914
f 7514 7515 7305 7472 7304
f 7135 7136 7137 7138
f 6984 6983 7024 7025
f 6922 6921 6879 6880
f 7151 7152 7153 7154
f 6977 6976 7017 7018
f 6961 6960 6918 6919
f 6962 6961 6919 6920
f 7199 7200 7201 7202
f 6932 6931 6889 6890
f 6921 6962 6920 6879
f 7087 7088 7089 7090
f 6923 6922 6880 6881
f 6955 6954 6912 6913
f 6975 6974 7015 7016
f 6974 6973 7014 7015
f 7542 7543 7333 7500 7332
f 6980 6979 7020 7021
f 6954 6953 6911 6912
f 6942 6941 6899 6900
f 6996 6995 7036 7037
f 6943 6942 6900 6901
f 7994 7995 7999 7998
f 6934 6933 6891 6892
f 6926 6925 6883 6884
f 8366 8370 8371 8367
f 6949 6948 6906 6907
f 6950 6949 6907 6908
f 7094 7093 7092 7091
f 6940 6939 6897 6898
f 6994 6993 7034 7035
f 7110 7109 7108 7107
f 7111 7112 7113 7114
f 6973 6972 7013 7014
f 6972 6971 7012 7013
f 6959 6958 6916 6917
f 7119 7120 7121 7122
f 7301 7468 7299 7509 7511
f 7299 7467 7300 7510 7509
f 7126 7125 7124 7123
f 7519 7520 7310 7477 7309
f 7520 7521 7311 7478 7310
f 7134 7133 7132 7131
f 7329 7496 7328 7538 7539
f 6957 6956 6914 6915
f 7536 7537 7327 7494 7326
f 7558 7562 7559 7555
f 6983 6982 7023 7024
f 6986 6985 7026 7027
f 6985 6984 7025 7026
f 7190 7189 7188 7187
f 6930 6929 6887 6888
f 6989 6988 7029 7030
f 7159 7160 7161 7162
f 6990 6989 7030 7031
f 6988 6987 7028 7029
f 7167 7168 7169 7170
f 7079 7080 7081 7082
f 6925 6924 6882 6883
f 7902 7906 7907 7903
f 7175 7176 7177 7178
f 6993 6992 7033 7034
f 6992 6991 7032 7033
f 7183 7184 7185 7186
f 6998 6997 7038 7039
f 6931 6930 6888 6889
f 6997 6996 7037 7038
f 7000 6999 7040 7041
f 7206 7205 7204 7203
f 7004 7003 7044 7045
f 6924 6923 6881 6882
f 6933 6932 6890 6891
f 7002 7001 7042 7043
f 7006 7005 7046 6964
f 7047 7048 7049 7050
f 6948 6947 6905 6906
f 6951 6950 6908 6909
f 6936 6935 6893 6894
f 6958 6957 6915 6916
f 8460 8461 8465 8464
f 6967 6966 7007 7008
f 6929 6928 6886 6887
f 7102 7101 7100 7099
f 6960 6959 6917 6918
f 6938 6937 6895 6896
f 6953 6952 6910 6911
f 7095 7096 7097 7098
f 7078 7077 7076 7075
f 6968 6967 7008 7009
f 6969 6968 7009 7010
f 7103 7104 7105 7106
f 6937 6936 6894 6895
f 7118 7117 7116 7115
f 6978 6977 7018 7019
f 7511 7512 7302 7469 7301
f 7303 7470 7302 7512 7513
f 7515 7516 7306 7473 7305
f 7517 7518 7308 7475 7307
f 7518 7519 7309 7476 7308
f 6976 6975 7016 7017
f 6979 6978 7019 7020
f 7521 7522 7312 7479 7311
f 7523 7524 7314 7481 7313
f 7315 7482 7314 7524 7525
f 7526 7527 7317 7484 7316
f 7525 7526 7316 7483 7315
f 7528 7529 7319 7486 7318
f 7527 7528 7318 7485 7317
f 7529 7530 7320 7487 7319
f 7530 7531 7321 7488 7320
f 7531 7532 7322 7489 7321
f 7532 7533 7323 7490 7322
f 7533 7534 7324 7491 7323
f 6982 6981 7022 7023
f 7534 7535 7325 7492 7324
f 7535 7536 7326 7493 7325
f 7537 7538 7328 7495 7327
f 6970 6969 7010 7011
f 7331 7498 7330 7540 7541
f 7539 7540 7330 7497 7329
f 7063 7064 7065 7066
f 7543 7544 7334 7501 7333
f 7541 7542 7332 7499 7331
f 7544 7545 7335 7502 7334
f 7545 7546 7336 7503 7335
f 7127 7128 7129 7130
f 7547 7548 7338 7505 7337
f 7340 7507 7339 7549 7550
f 6981 6980 7021 7022
f 7142 7141 7140 7139
f 7086 7085 7084 7083
f 7143 7144 7145 7146
f 7150 7149 7148 7147
f 7158 7157 7156 7155
f 6991 6990 7031 7032
f 6987 6986 7027 7028
f 7166 7165 7164 7163
f 7174 7173 7172 7171
f 6965 7006 6964 6963
f 6941 6940 6898 6899
f 7182 7181 7180 7179
f 7198 7197 7196 7195
f 7991 7995 7994 7990
f 7191 7192 7193 7194
f 7906 7910 7911 7907
f 6999 6998 7039 7040
f 8453 8457 8456 8452
f 6928 6927 6885 6886
f 6945 6944 6902 6903
f 7001 7000 7041 7042
f 7003 7002 7043 7044
f 7214 7213 7212 7211
f 6946 6945 6903 6904
f 8354 8358 8359 8355
f 7998 7999 8003 8002
f 7005 7004 7045 7046
f 6879 6920 6919 6918 6917 6916 6915 6914 6913 6912 6911 6910 6909 6908 6907 6906 6905 6904 6903 6902 6901 6900 6899 6898 6897 6896 6895 6894 6893 6892 6891 6890 6889 6888 6887 6886 6885 6884 6883 6882 6881 6880
f 6952 6951 6909 6910
f 6947 6946 6904 6905
f 8002 8003 8007 8006
f 7207 7208 7209 7210
f 7055 7056 7057 7058
f 6995 6994 7035 7036
f 7554 7558 7555 7551
f 7062 7061 7060 7059
f 7070 7069 7068 7067
f 8358 8362 8363 8359
f 8362 8366 8367 8363
f 6935 6934 6892 6893
f 8464 8465 8469 8468
f 7894 7898 7899 7895
f 8456 8457 8461 8460
f 6966 6965 6963 7007
f 6944 6943 6901 6902
f 7300 7508 7340 7550 7510
f 7307 7474 7306 7516 7517
f 6938 6939 6940 6941 6942 6943 6944 6945 6946 6947 6948 6949 6950 6951 6952 6953 6954 6955 6956 6957 6958 6959 6960 6961 6962 6921 6922 6923 6924 6925 6926 6927 6928 6929 6930 6931 6932 6933 6934 6935 6936 6937
f 7924 7928 7925 7921
f 8422 8426 8423 8419
f 8444 8448 8449 8445
f 8442 8446 8443 8439
f 8505 8509 8512 8508 8504 8498 8494 8491 8495 8501
f 7970 7974 7975 7971
f 8042 8048 8052 8056 8060 8064 8068 8072 8076 8080 8084 8088 7988 7984 7980 7976 7972 7968 7964 7960 7956 7952 7948 7944 7940 7936 7932 7928 7924 7920 7916 7912 7908 7904 7900 7896 7895 7899 7903 7907 7911 7915 7919 7923 7927 7931 7935 7939 7943 7947 7951 7955 7959 7963 7967 7971 7975 7979 7983 7987 8087 8083 8079 8075 8071 8067 8063 8059 8055 8051 8047 8044 8041 8038 8035 8031 8027 8023 8019 8015 8011 8007 8003 7999 7995 7991 7992 7996 8000 8004 8008 8012 8016 8020 8024 8028 8032 8036
f 7986 8086 8087 7987
f 8470 8467 8471 8474
f 7597 7598 7595 7596
f 8018 8019 8023 8022
f 7958 7962 7963 7959
f 7608 7606 7605 7607
f 8534 8535 8539 8538
f 8368 8372 8369 8365
f 8436 8440 8441 8437
f 8538 8539 8543 8542
f 8426 8430 8427 8423
f 8548 8545 8549 8552
f 7600 7597 7596 7599
f 7620 7618 7617 7619
f 7928 7932 7929 7925
f 7590 7594 7591 7587
f 7900 7904 7901 7897
f 8486 8483 8487 8490
f 8412 8416 8417 8413
f 8353 8354 8355 8356
f 8488 8489 8493 8492
f 7572 7576 7577 7573
f 7574 7578 7575 7571
f 7568 7572 7573 7569
f 7584 7588 7589 7585
f 7582 7586 7583 7579
f 7626 7624 7623 7625
f 8066 8067 8071 8070
f 8404 8408 8412 8413 8409 8405 8402 8399 8395 8394 8398 8401
f 8056 8053 8057 8060
f 8024 8021 8025 8028
f 8020 8017 8021 8024
f 8028 8025 8029 8032
f 8078 8079 8083 8082
f 7976 7980 7977 7973
f 7988 8088 8085 7985
f 8074 8075 8079 8078
f 8022 8023 8027 8026
f 8376 8380 8377 8373
f 7598 7628 7627 7595
f 8374 8378 8379 8375
f 8044 8047 8046 8043 8040 8037 8034 8030 8031 8035 8038 8041
f 8418 8422 8419 8415
f 8420 8424 8425 8421
f 8458 8455 8459 8462
f 8514 8515 8519 8518
f 8516 8513 8517 8520
f 8522 8526 8530 8534 8538 8542 8546 8550 8448 8444 8440 8436 8432 8428 8424 8420 8416 8412 8408 8404 8401 8398 8394 8390 8386 8382 8378 8374 8370 8366 8362 8358 8354 8353 8357 8361 8365 8369 8373 8377 8381 8385 8389 8393 8397 8403 8407 8411 8415 8419 8423 8427 8431 8435 8439 8443 8447 8549 8545 8541 8537 8533 8529 8525 8521 8517 8513 8509 8505 8501 8495 8491 8487 8483 8479 8475 8471 8467 8463 8459 8455 8451 8452 8456 8460 8464 8468 8472 8476 8480 8484 8488 8492 8496 8499 8502 8506 8510 8514 8518
f 8062 8063 8067 8066
f 7578 7582 7579 7575
f 7562 7566 7563 7559
f 7552 7556 7557 7553
f 7564 7568 7569 7565
f 7580 7584 7585 7581
f 7602 7600 7599 7601
f 7616 7614 7613 7615
f 7604 7602 7601 7603
f 7614 7612 7611 7613
f 7622 7620 7619 7621
f 7618 7616 7615 7617
f 7626 7628 7598 7597 7600 7602 7604 7606 7608 7610 7612 7614 7616 7618 7620 7622 7624
f 7588 7592 7593 7589
f 7904 7908 7905 7901
f 7926 7930 7931 7927
f 7952 7956 7953 7949
f 7962 7966 7967 7963
f 7980 7984 7981 7977
f 7972 7976 7973 7969
f 7984 7988 7985 7981
f 7930 7934 7935 7931
f 8052 8049 8053 8056
f 7996 7993 7997 8000
f 8004 8001 8005 8008
f 8012 8009 8013 8016
f 8048 8045 8049 8052
f 8058 8059 8063 8062
f 8000 7997 8001 8004
f 8080 8077 8081 8084
f 8372 8376 8373 8369
f 8370 8374 8375 8371
f 8382 8386 8387 8383
f 8386 8390 8391 8387
f 8390 8394 8395 8391
f 8039 8045 8048 8042 8036 8032 8029 8033
f 8424 8428 8429 8425
f 8428 8432 8433 8429
f 8432 8436 8437 8433
f 8438 8442 8439 8435
f 8466 8463 8467 8470
f 8462 8459 8463 8466
f 8478 8475 8479 8482
f 7920 7924 7921 7917
f 8476 8477 8481 8480
f 8410 8414 8411 8407 8403 8397 8393 8396 8400 8406
f 8512 8509 8513 8516
f 8520 8517 8521 8524
f 8526 8527 8531 8530
f 8536 8533 8537 8540
f 8540 8537 8541 8544
f 8546 8547 8551 8550
f 7942 7946 7950 7951 7947 7943 7939 7935 7934 7938
f 8542 8543 8547 8546
f 7570 7574 7571 7567
f 7556 7560 7561 7557
f 7560 7564 7565 7561
f 7566 7570 7567 7563
f 7576 7580 7581 7577
f 7592 7588 7584 7580 7576 7572 7568 7564 7560 7556 7552 7551 7555 7559 7563 7567 7571 7575 7579 7583 7587 7591
f 7586 7590 7587 7583
f 7589 7593 7594 7590 7586 7582 7578 7574 7570 7566 7562 7558 7554 7553 7557 7561 7565 7569 7573 7577 7581 7585
f 7610 7608 7607 7609
f 7606 7604 7603 7605
f 7612 7610 7609 7611
f 7594 7593 7592 7591
f 7551 7552 7553 7554
f 7624 7622 7621 7623
f 7628 7626 7625 7627
f 7627 7625 7623 7621 7619 7617 7615 7613 7611 7609 7607 7605 7603 7601 7599 7596 7595
f 7916 7920 7917 7913
f 7908 7912 7909 7905
f 7910 7914 7915 7911
f 7918 7922 7923 7919
f 7912 7916 7913 7909
f 7914 7918 7919 7915
f 7922 7926 7927 7923
f 7950 7954 7955 7951
f 7954 7958 7959 7955
f 7956 7960 7957 7953
f 7960 7964 7961 7957
f 7968 7972 7969 7965
f 7966 7970 7971 7967
f 7978 7982 7983 7979
f 7974 7978 7979 7975
f 7982 7986 7987 7983
f 7964 7968 7965 7961
f 7932 7936 7933 7929
f 7896 7900 7897 7893
f 7893 7894 7895 7896
f 8070 8071 8075 8074
f 8006 8007 8011 8010
f 8008 8005 8009 8012
f 8010 8011 8015 8014
f 8016 8013 8017 8020
f 8014 8015 8019 8018
f 8026 8027 8031 8030
f 8507 8511 8510 8506 8502 8499 8496 8492 8493 8497 8500 8503
f 8046 8047 8051 8050
f 8050 8051 8055 8054
f 8054 8055 8059 8058
f 8060 8057 8061 8064
f 8064 8061 8065 8068
f 8068 8065 8069 8072
f 8072 8069 8073 8076
f 7989 7992 7991 7990
f 7985 8085 8081 8077 8073 8069 8065 8061 8057 8053 8049 8045 8039 8033 8029 8025 8021 8017 8013 8009 8005 8001 7997 7993 7989 7990 7994 7998 8002 8006 8010 8014 8018 8022 8026 8030 8034 8037 8040 8043 8046 8050 8054 8058 8062 8066 8070 8074 8078 8082 8086 7986 7982 7978 7974 7970 7966 7962 7958 7954 7950 7946 7942 7938 7934 7930 7926 7922 7918 7914 7910 7906 7902 7898 7894 7893 7897 7901 7905 7909 7913 7917 7921 7925 7929 7933 7937 7941 7945 7949 7953 7957 7961 7965 7969 7973 7977 7981
f 8084 8081 8085 8088
f 8076 8073 8077 8080
f 8082 8083 8087 8086
f 7989 7993 7996 7992
f 8360 8364 8361 8357
f 8364 8368 8365 8361
f 8416 8420 8421 8417
f 8480 8481 8485 8484
f 8378 8382 8383 8379
f 8392 8396 8393 8389
f 8384 8388 8385 8381
f 8388 8392 8389 8385
f 8380 8384 8381 8377
f 8414 8418 8415 8411
f 8430 8434 8431 8427
f 8434 8438 8435 8431
f 8448 8550 8551 8449
f 8356 8360 8357 8353
f 8544 8541 8545 8548
f 8450 8552 8549 8447
f 8532 8529 8533 8536
f 8468 8469 8473 8472
f 8446 8450 8447 8443
f 8472 8473 8477 8476
f 8490 8487 8491 8494
f 8484 8485 8489 8488
f 7948 7952 7949 7945 7941 7937 7933 7936 7940 7944
f 8510 8511 8515 8514
f 8522 8523 8527 8526
f 8524 8521 8525 8528
f 8528 8525 8529 8532
f 8530 8531 8535 8534
f 8518 8519 8523 8522
f 8482 8479 8483 8486
f 8544 8548 8552 8450 8446 8442 8438 8434 8430 8426 8422 8418 8414 8410 8406 8400 8396 8392 8388 8384 8380 8376 8372 8368 8364 8360 8356 8355 8359 8363 8367 8371 8375 8379 8383 8387 8391 8395 8399 8402 8405 8409 8413 8417 8421 8425 8429 8433 8437 8441 8445 8449 8551 8547 8543 8539 8535 8531 8527 8523 8519 8515 8511 8507 8503 8500 8497 8493 8489 8485 8481 8477 8473 8469 8465 8461 8457 8453 8454 8458 8462 8466 8470 8474 8478 8482 8486 8490 8494 8498 8504 8508 8512 8516 8520 8524 8528 8532 8536 8540
f 8440 8444 8445 8441
f 8451 8454 8453 8452
f 8474 8471 8475 8478
f 8451 8455 8458 8454
f 7433 7223 7224 7434
f 7250 7460 7459 7249
f 7238 7406 7364 7407 7239
f 7217 7427 7425 7215
f 7458 8586 8585 7457
f 7246 7456 7455 7245
f 7411 7243 7242 7410 7368
f 7238 7448 7447 7237
f 8571 7443 7444 8572
f 7225 7435 7434 7224
f 7430 8558 8557 7429
f 7461 8589 8588 7460
f 7355 7397 7354 7480 7313 7481
f 7451 7241 7242 7452
f 7233 7401 7359 7402 7234
f 8563 7435 7436 8564
f 7369 7411 7368 7494 7327 7495
f 7345 7387 7344 7470 7303 7471
f 7441 8569 8568 7440
f 7361 7403 7360 7486 7319 7487
f 7449 7239 7240 7450
f 7351 7393 7350 7476 7309 7477
f 7338 7506 7380 7422 7379 7505
f 8582 7454 7455 8583
f 7359 7485 7318 7486 7360 7402
f 7357 7483 7316 7484 7358 7400
f 7353 7479 7312 7480 7354 7396
f 7332 7500 7374 7416 7373 7499
f 7241 7451 7450 7240
f 7355 7481 7314 7482 7356 7398
f 7343 7469 7302 7470 7344 7386
f 7375 7501 7334 7502 7376 7418
f 7349 7475 7308 7476 7350 7392
f 7306 7474 7348 7390 7347 7473
f 7310 7478 7352 7394 7351 7477
f 7326 7494 7368 7410 7367 7493
f 7375 7417 7374 7500 7333 7501
f 7365 7491 7324 7492 7366 7408
f 7377 7503 7336 7504 7378 7420
f 7328 7496 7370 7412 7369 7495
f 7363 7489 7322 7490 7364 7406
f 7234 7444 7443 7233
f 7340 7508 7382 7424 7381 7507
f 7444 7234 7235 7445
f 7299 7468 7342 7383 7341 7467
f 7361 7487 7320 7488 7362 7404
f 7453 7243 7244 7454
f 7222 7390 7348 7391 7223
f 7226 7436 7435 7225
f 7415 7247 7246 7414 7372
f 7357 7399 7356 7482 7315 7483
f 7365 7407 7364 7490 7323 7491
f 7381 7423 7380 7506 7339 7507
f 7408 7240 7239 7407 7365
f 7237 7405 7363 7406 7238
f 7343 7385 7342 7468 7301 7469
f 7341 7384 7382 7508 7300 7467
f 7234 7402 7360 7403 7235
f 7330 7498 7372 7414 7371 7497
f 7442 8570 8569 7441
f 8561 7433 7434 8562
f 7423 7255 7254 7422 7380
f 7395 7227 7226 7394 7352
f 7373 7415 7372 7498 7331 7499
f 7225 7393 7351 7394 7226
f 7399 7231 7230 7398 7356
f 7445 8573 8572 7444
f 7424 7256 7255 7423 7381
f 7421 7253 7252 7420 7378
f 7390 7222 7221 7389 7347
f 7446 7236 7237 7447
f 7216 7384 7341 7383 7215
f 8562 7434 7435 8563
f 7464 7254 7255 7465
f 8581 7453 7454 8582
f 7432 8560 8559 7431
f 7456 7246 7247 7457
f 7240 7408 7366 7409 7241
f 7453 8581 8580 7452
f 7456 8584 8583 7455
f 7401 7233 7232 7400 7358
f 7457 7247 7248 7458
f 7431 7221 7222 7432
f 7457 8585 8584 7456
f 8560 7432 7433 8561
f 7387 7219 7218 7386 7344
f 7251 7419 7377 7420 7252
f 8591 7463 7464 8592
f 8556 7428 7429 8557
f 7460 8588 8587 7459
f 7436 7226 7227 7437
f 8566 7438 7439 8567
f 7460 7250 7251 7461
f 8565 7437 7438 8566
f 7371 7413 7370 7496 7329 7497
f 7367 7409 7366 7492 7325 7493
f 8567 7439 7440 8568
f 7349 7391 7348 7474 7307 7475
f 7359 7401 7358 7484 7317 7485
f 7247 7415 7373 7416 7248
f 7347 7389 7346 7472 7305 7473
f 7363 7405 7362 7488 7321 7489
f 7233 7443 7442 7232
f 7243 7411 7369 7412 7244
f 7353 7395 7352 7478 7311 7479
f 8576 7448 7449 8577
f 7440 7230 7231 7441
f 7410 7242 7241 7409 7367
f 8589 7461 7462 8590
f 7393 7225 7224 7392 7350
f 7215 7383 7342 7385 7217
f 7249 7417 7375 7418 7250
f 7377 7419 7376 7502 7335 7503
f 7253 7421 7379 7422 7254
f 8575 7447 7448 8576
f 7425 8553 8554 7426
f 7388 7220 7219 7387 7345
f 8577 7449 7450 8578
f 7216 7426 7466 7256
f 7445 7235 7236 7446
f 8553 7425 7427 8555
f 7465 7255 7256 7466
f 8564 7436 7437 8565
f 7223 7391 7349 7392 7224
f 7428 8556 8555 7427
f 7249 7459 7458 7248
f 7413 7245 7244 7412 7370
f 7218 7428 7427 7217
f 7431 8559 8558 7430
f 7428 7218 7219 7429
f 7452 7242 7243 7453
f 7465 8593 8592 7464
f 7229 7439 7438 7228
f 7245 7455 7454 7244
f 7466 8594 8593 7465
f 7461 7251 7252 7462
f 7389 7221 7220 7388 7346
f 7227 7395 7353 7396 7228
f 7256 7424 7382 7384 7216
f 7235 7403 7361 7404 7236
f 7432 7222 7223 7433
f 8590 7462 7463 8591
f 7397 7229 7228 7396 7354
f 8574 7446 7447 8575
f 7254 7464 7463 7253
f 7451 8579 8578 7450
f 7221 7431 7430 7220
f 7217 7385 7343 7386 7218
f 7220 7430 7429 7219
f 7239 7449 7448 7238
f 7398 7230 7229 7397 7355
f 7459 8587 8586 7458
f 7452 8580 8579 7451
f 7419 7251 7250 7418 7376
f 7443 8571 8570 7442
f 7405 7237 7236 7404 7362
f 7437 7227 7228 7438
f 7232 7442 7441 7231
f 7439 7229 7230 7440
f 8573 7445 7446 8574
f 7245 7413 7371 7414 7246
f 8594 7466 7426 8554
f 7462 7252 7253 7463
f 7231 7399 7357 7400 7232
f 7345 7471 7304 7472 7346 7388
f 7417 7249 7248 7416 7374
f 7379 7421 7378 7504 7337 7505
f 7426 7216 7215 7425
f 7257 7259 7260 7261 7262 7263 7264 7265 7266 7267 7268 7269 7270 7271 7272 7273 7274 7275 7276 7277 7278 7279 7280 7281 7282 7283 7284 7285 7286 7287 7288 7289 7290 7291 7292 7293 7294 7295 7296 7297 7298 7258
f 8595 8596 8554 8553
f 8597 8595 8553 8555
f 8598 8597 8555 8556
f 8599 8598 8556 8557
f 8600 8599 8557 8558
f 8601 8600 8558 8559
f 8602 8601 8559 8560
f 8603 8602 8560 8561
f 8604 8603 8561 8562
f 8605 8604 8562 8563
f 8606 8605 8563 8564
f 8607 8606 8564 8565
f 8608 8607 8565 8566
f 8609 8608 8566 8567
f 8610 8609 8567 8568
f 8611 8610 8568 8569
f 8612 8611 8569 8570
f 8613 8612 8570 8571
f 8614 8613 8571 8572
f 8615 8614 8572 8573
f 8616 8615 8573 8574
f 8617 8616 8574 8575
f 8618 8617 8575 8576
f 8619 8618 8576 8577
f 8620 8619 8577 8578
f 8621 8620 8578 8579
f 8622 8621 8579 8580
f 8623 8622 8580 8581
f 8624 8623 8581 8582
f 8625 8624 8582 8583
f 8626 8625 8583 8584
f 8627 8626 8584 8585
f 8628 8627 8585 8586
f 8629 8628 8586 8587
f 8630 8629 8587 8588
f 8631 8630 8588 8589
f 8632 8631 8589 8590
f 8633 8632 8590 8591
f 8634 8633 8591 8592
f 8635 8634 8592 8593
f 8636 8635 8593 8594
f 8596 8636 8594 8554
f 7257 7258 8596 8595
f 7259 7257 8595 8597
f 7260 7259 8597 8598
f 7261 7260 8598 8599
f 7262 7261 8599 8600
f 7263 7262 8600 8601
f 7264 7263 8601 8602
f 7265 7264 8602 8603
f 7266 7265 8603 8604
f 7267 7266 8604 8605
f 7268 7267 8605 8606
f 7269 7268 8606 8607
f 7270 7269 8607 8608
f 7271 7270 8608 8609
f 7272 7271 8609 8610
f 7273 7272 8610 8611
f 7274 7273 8611 8612
f 7275 7274 8612 8613
f 7276 7275 8613 8614
f 7277 7276 8614 8615
f 7278 7277 8615 8616
f 7279 7278 8616 8617
f 7280 7279 8617 8618
f 7281 7280 8618 8619
f 7282 7281 8619 8620
f 7283 7282 8620 8621
f 7284 7283 8621 8622
f 7285 7284 8622 8623
f 7286 7285 8623 8624
f 7287 7286 8624 8625
f 7288 7287 8625 8626
f 7289 7288 8626 8627
f 7290 7289 8627 8628
f 7291 7290 8628 8629
f 7292 7291 8629 8630
f 7293 7292 8630 8631
f 7294 7293 8631 8632
f 7295 7294 8632 8633
f 7296 7295 8633 8634
f 7297 7296 8634 8635
f 7298 7297 8635 8636
f 7258 7298 8636 8596
f 7065 7069 7070 7066
f 7105 7109 7110 7106
f 7144 7148 7149 7145
f 7121 7125 7126 7122
f 7106 7110 7107 7103
f 7071 7075 7076 7072
f 7168 7172 7173 7169
f 7162 7166 7163 7159
f 7175 7179 7180 7176
f 7176 7180 7181 7177
f 7185 7189 7190 7186
f 7098 7102 7099 7095
f 7207 7211 7212 7208
f 7047 7051 7052 7048
f 7050 7054 7051 7047
f 7079 7083 7084 7080
f 7064 7068 7069 7065
f 7081 7085 7086 7082
f 7080 7084 7085 7081
f 7087 7091 7092 7088
f 7088 7092 7093 7089
f 7183 7187 7188 7184
f 7089 7093 7094 7090
f 7095 7099 7100 7096
f 7103 7107 7108 7104
f 7104 7108 7109 7105
f 7111 7115 7116 7112
f 7114 7118 7115 7111
f 7072 7076 7077 7073
f 7122 7126 7123 7119
f 7130 7134 7131 7127
f 7137 7141 7142 7138
f 7146 7150 7147 7143
f 7153 7157 7158 7154
f 7145 7149 7150 7146
f 7066 7070 7067 7063
f 7152 7156 7157 7153
f 7170 7174 7171 7167
f 7159 7163 7164 7160
f 7160 7164 7165 7161
f 7161 7165 7166 7162
f 7169 7173 7174 7170
f 7199 7203 7204 7200
f 7191 7195 7196 7192
f 7194 7198 7195 7191
f 7209 7213 7214 7210
f 7208 7212 7213 7209
f 7049 7053 7054 7050
f 7048 7052 7053 7049
f 7082 7086 7083 7079
f 7073 7077 7078 7074
f 7202 7206 7203 7199
f 7090 7094 7091 7087
f 7097 7101 7102 7098
f 7096 7100 7101 7097
f 7112 7116 7117 7113
f 7120 7124 7125 7121
f 7119 7123 7124 7120
f 7129 7133 7134 7130
f 7128 7132 7133 7129
f 7127 7131 7132 7128
f 7135 7139 7140 7136
f 7138 7142 7139 7135
f 7136 7140 7141 7137
f 7151 7155 7156 7152
f 7154 7158 7155 7151
f 7167 7171 7172 7168
f 7143 7147 7148 7144
f 7063 7067 7068 7064
f 7177 7181 7182 7178
f 7178 7182 7179 7175
f 7184 7188 7189 7185
f 7186 7190 7187 7183
f 7192 7196 7197 7193
f 7193 7197 7198 7194
f 7200 7204 7205 7201
f 7201 7205 7206 7202
f 7210 7214 7211 7207
f 7056 7060 7061 7057
f 7055 7059 7060 7056
f 7057 7061 7062 7058
f 7058 7062 7059 7055
f 7074 7078 7075 7071
f 7113 7117 7118 7114
f 7774 7773 7763 7764
f 8100 8099 8089 8090
f 8342 8341 8323 8324
f 7813 7812 7794 7795
f 7672 7671 7653 7654
f 8171 8170 8160 8161
f 7691 7690 7685 7686
f 7756 7760 7755 7751
f 7879 7878 7860 7861
f 8102 8101 8091 8092
f 8204 8203 8185 8186
f 8168 8167 8157 8158
f 8235 8234 8224 8225
f 8216 8220 8215 8211
f 8285 8284 8279 8280
f 8267 8266 8248 8249
f 8172 8171 8161 8162
f 7692 7691 7686 7687
f 7642 7641 7631 7632
f 7683 7682 7664 7665
f 7736 7735 7717 7718
f 7839 7838 7828 7829
f 7756 7757 7758 7759 7760
f 7868 7867 7849 7850
f 8136 8135 8117 8118
f 8270 8269 8251 8252
f 8306 8305 8295 8296
f 8328 8327 8309 8310
f 8272 8271 8253 8254
f 7875 7874 7856 7857
f 7680 7679 7661 7662
f 7643 7642 7632 7633
f 7645 7644 7634 7635
f 7682 7681 7663 7664
f 7709 7708 7698 7699
f 7757 7756 7751 7752
f 7804 7803 7785 7786
f 7777 7776 7766 7767
f 7880 7879 7861 7862
f 7892 7891 7886 7887
f 7882 7881 7863 7864
f 8104 8103 8093 8094
f 8153 8152 8147 8148
f 8161 8160 8159 8158 8157 8156 8155 8164 8163 8162
f 7669 7668 7650 7651
f 7806 7805 7787 7788
f 7744 7743 7725 7726
f 7741 7740 7722 7723
f 7734 7733 7715 7716
f 7773 7772 7762 7763
f 7776 7775 7765 7766
f 7802 7801 7783 7784
f 7843 7842 7832 7833
f 7803 7802 7784 7785
f 7877 7876 7858 7859
f 7891 7890 7885 7886
f 8205 8204 8186 8187
f 8101 8100 8090 8091
f 8133 8132 8114 8115
f 8137 8136 8118 8119
f 8138 8137 8119 8120
f 8220 8219 8214 8215
f 8198 8197 8179 8180
f 8207 8206 8188 8189
f 8193 8210 8192 8175
f 8264 8263 8245 8246
f 8297 8306 8296 8287
f 8298 8297 8287 8288
f 8341 8340 8322 8323
f 8336 8335 8317 8318
f 7690 7691 7692 7693 7694
f 8332 8331 8313 8314
f 7694 7693 7688 7689
f 7746 7745 7727 7728
f 7739 7738 7720 7721
f 7641 7640 7630 7631
f 7644 7643 7633 7634
f 7647 7646 7636 7637
f 7674 7673 7655 7656
f 7678 7677 7659 7660
f 7675 7674 7656 7657
f 7684 7683 7665 7666
f 7681 7680 7662 7663
f 7748 7747 7729 7730
f 7710 7709 7699 7700
f 8304 8303 8293 8294
f 7711 7710 7700 7701
f 7670 7669 7651 7652
f 7737 7736 7718 7719
f 7750 7733 7734 7735 7736 7737 7738 7739 7740 7741 7742 7743 7744 7745 7746 7747 7748 7749
f 7749 7748 7730 7731
f 7750 7749 7731 7732
f 7747 7746 7728 7729
f 8276 8259 8260 8261 8262 8263 8264 8265 8266 8267 8268 8269 8270 8271 8272 8273 8274 8275
f 7779 7778 7768 7769
f 7780 7771 7772 7773 7774 7775 7776 7777 7778 7779
f 7810 7809 7791 7792
f 7814 7813 7795 7796
f 7812 7811 7793 7794
f 7842 7841 7831 7832
f 7838 7837 7827 7828
f 7841 7840 7830 7831
f 7844 7843 7833 7834
f 7866 7865 7847 7848
f 7872 7871 7853 7854
f 7881 7880 7862 7863
f 7889 7888 7883 7884
f 7772 7771 7761 7762
f 7887 7886 7885 7884 7883
f 8144 8143 8125 8126
f 8105 8104 8094 8095
f 8095 8094 8093 8092 8091 8090 8089 8098 8097 8096
f 8132 8131 8113 8114
f 8131 8130 8112 8113
f 8141 8140 8122 8123
f 8139 8138 8120 8121
f 8142 8141 8123 8124
f 8169 8168 8158 8159
f 8166 8165 8155 8156
f 8154 8153 8148 8149
f 8170 8169 8159 8160
f 8165 8174 8164 8155
f 8218 8217 8212 8213
f 8202 8201 8183 8184
f 8232 8231 8221 8222
f 8216 8217 8218 8219 8220
f 8236 8235 8225 8226
f 8263 8262 8244 8245
f 8273 8272 8254 8255
f 8274 8273 8255 8256
f 8283 8282 8277 8278
f 8284 8283 8278 8279
f 8276 8275 8257 8258
f 8330 8329 8311 8312
f 7707 7706 7696 7697
f 8333 8332 8314 8315
f 8334 8333 8315 8316
f 8338 8337 8319 8320
f 8266 8265 8247 8248
f 8340 8339 8321 8322
f 8331 8330 8312 8313
f 8268 8267 8249 8250
f 8348 8349 8350 8351 8352
f 8352 8351 8346 8347
f 8326 8325 8307 8308
f 8281 8280 8279 8278 8277
f 8275 8274 8256 8257
f 7808 7807 7789 7790
f 8346 8345 8344 8343 8347
f 7646 7645 7635 7636
f 7640 7639 7629 7630
f 7639 7648 7638 7629
f 7648 7647 7637 7638
f 7639 7640 7641 7642 7643 7644 7645 7646 7647 7648
f 7637 7636 7635 7634 7633 7632 7631 7630 7629 7638
f 7676 7675 7657 7658
f 7742 7741 7723 7724
f 7674 7675 7676 7677 7678 7679 7680 7681 7682 7683 7684 7667 7668 7669 7670 7671 7672 7673
f 7673 7672 7654 7655
f 7811 7810 7792 7793
f 7653 7652 7651 7650 7649 7666 7665 7664 7663 7662 7661 7660 7659 7658 7657 7656 7655 7654
f 7693 7692 7687 7688
f 7706 7705 7695 7696
f 7690 7694 7689 7685
f 7743 7742 7724 7725
f 7713 7712 7702 7703
f 7708 7707 7697 7698
f 7714 7713 7703 7704
f 7712 7711 7701 7702
f 7705 7714 7704 7695
f 7697 7696 7695 7704 7703 7702 7701 7700 7699 7698
f 7735 7734 7716 7717
f 7738 7737 7719 7720
f 7708 7709 7710 7711 7712 7713 7714 7705 7706 7707
f 7679 7678 7660 7661
f 7745 7744 7726 7727
f 7740 7739 7721 7722
f 7800 7799 7781 7782
f 7671 7670 7652 7653
f 7733 7750 7732 7715
f 7667 7684 7666 7649
f 7717 7716 7715 7732 7731 7730 7729 7728 7727 7726 7725 7724 7723 7722 7721 7720 7719 7718
f 7759 7758 7753 7754
f 7677 7676 7658 7659
f 7758 7757 7752 7753
f 7775 7774 7764 7765
f 7799 7816 7798 7781
f 7864 7863 7862 7861 7860 7859 7858 7857 7856 7855 7854 7853 7852 7851 7850 7849 7848 7847
f 7760 7759 7754 7755
f 7807 7806 7788 7789
f 7771 7780 7770 7761
f 7763 7762 7761 7770 7769 7768 7767 7766 7765 7764
f 7801 7800 7782 7783
f 7809 7808 7790 7791
f 7780 7779 7769 7770
f 7778 7777 7767 7768
f 7869 7868 7850 7851
f 7805 7804 7786 7787
f 7791 7790 7789 7788 7787 7786 7785 7784 7783 7782 7781 7798 7797 7796 7795 7794 7793 7792
f 7816 7815 7797 7798
f 7815 7814 7796 7797
f 7824 7823 7818 7819
f 7812 7813 7814 7815 7816 7799 7800 7801 7802 7803 7804 7805 7806 7807 7808 7809 7810 7811
f 7823 7822 7817 7818
f 7825 7824 7819 7820
f 7845 7844 7834 7835
f 7822 7826 7821 7817
f 7822 7823 7824 7825 7826
f 7821 7820 7819 7818 7817
f 7840 7839 7829 7830
f 7837 7846 7836 7827
f 7827 7836 7835 7834 7833 7832 7831 7830 7829 7828
f 7846 7845 7835 7836
f 7838 7839 7840 7841 7842 7843 7844 7845 7846 7837
f 7870 7869 7851 7852
f 7871 7870 7852 7853
f 7878 7877 7859 7860
f 7874 7873 7855 7856
f 7865 7882 7864 7847
f 7870 7871 7872 7873 7874 7875 7876 7877 7878 7879 7880 7881 7882 7865 7866 7867 7868 7869
f 7888 7892 7887 7883
f 7890 7889 7884 7885
f 7876 7875 7857 7858
f 7873 7872 7854 7855
f 7826 7825 7820 7821
f 8127 8144 8126 8109
f 8261 8260 8242 8243
f 8260 8259 8241 8242
f 8103 8102 8092 8093
f 8107 8106 8096 8097
f 8106 8105 8095 8096
f 8130 8129 8111 8112
f 8108 8107 8097 8098
f 8099 8108 8098 8089
f 8099 8100 8101 8102 8103 8104 8105 8106 8107 8108
f 8134 8133 8115 8116
f 8129 8128 8110 8111
f 8128 8127 8109 8110
f 8143 8142 8124 8125
f 8140 8139 8121 8122
f 8109 8126 8125 8124 8123 8122 8121 8120 8119 8118 8117 8116 8115 8114 8113 8112 8111 8110
f 8151 8150 8145 8146
f 8132 8133 8134 8135 8136 8137 8138 8139 8140 8141 8142 8143 8144 8127 8128 8129 8130 8131
f 8203 8202 8184 8185
f 8150 8151 8152 8153 8154
f 8150 8154 8149 8145
f 8173 8172 8162 8163
f 8148 8147 8146 8145 8149
f 8167 8166 8156 8157
f 8166 8167 8168 8169 8170 8171 8172 8173 8174 8165
f 8196 8195 8177 8178
f 8174 8173 8163 8164
f 8194 8193 8175 8176
f 8209 8208 8190 8191
f 8200 8199 8181 8182
f 8201 8200 8182 8183
f 8197 8196 8178 8179
f 8231 8240 8230 8221
f 8199 8198 8180 8181
f 8195 8194 8176 8177
f 8219 8218 8213 8214
f 8337 8336 8318 8319
f 8217 8216 8211 8212
f 7889 7890 7891 7892 7888
f 8187 8186 8185 8184 8183 8182 8181 8180 8179 8178 8177 8176 8175 8192 8191 8190 8189 8188
f 8215 8214 8213 8212 8211
f 8208 8209 8210 8193 8194 8195 8196 8197 8198 8199 8200 8201 8202 8203 8204 8205 8206 8207
f 8210 8209 8191 8192
f 8234 8233 8223 8224
f 8233 8232 8222 8223
f 8237 8236 8226 8227
f 8262 8261 8243 8244
f 8239 8238 8228 8229
f 8208 8207 8189 8190
f 8240 8239 8229 8230
f 8238 8237 8227 8228
f 8234 8235 8236 8237 8238 8239 8240 8231 8232 8233
f 8229 8228 8227 8226 8225 8224 8223 8222 8221 8230
f 8265 8264 8246 8247
f 8206 8205 8187 8188
f 8152 8151 8146 8147
f 8282 8286 8281 8277
f 8259 8276 8258 8241
f 7755 7754 7753 7752 7751
f 8241 8258 8257 8256 8255 8254 8253 8252 8251 8250 8249 8248 8247 8246 8245 8244 8243 8242
f 8299 8298 8288 8289
f 8301 8300 8290 8291
f 8283 8284 8285 8286 8282
f 8300 8299 8289 8290
f 8303 8302 8292 8293
f 8302 8301 8291 8292
f 7689 7688 7687 7686 7685
f 8305 8304 8294 8295
f 8304 8305 8306 8297 8298 8299 8300 8301 8302 8303
f 8291 8290 8289 8288 8287 8296 8295 8294 8293 8292
f 8286 8285 8280 8281
f 8329 8328 8310 8311
f 8327 8326 8308 8309
f 8335 8334 8316 8317
f 8339 8338 8320 8321
f 8269 8268 8250 8251
f 8325 8342 8324 8307
f 8307 8324 8323 8322 8321 8320 8319 8318 8317 8316 8315 8314 8313 8312 8311 8310 8309 8308
f 8342 8325 8326 8327 8328 8329 8330 8331 8332 8333 8334 8335 8336 8337 8338 8339 8340 8341
f 8350 8349 8344 8345
f 8348 8352 8347 8343
f 8351 8350 8345 8346
f 8349 8348 8343 8344
f 7867 7866 7848 7849
f 8271 8270 8252 8253
f 8135 8134 8116 8117
f 7668 7667 7649 7650
o 02_-_Front_Small_Dish.001_Mesh.861
v 4.402064 33.094639 16.958044
v 4.278376 32.951221 17.646444
v 3.941400 32.599167 18.168232
v 3.468336 32.119118 18.403875
v 2.967556 31.621061 18.299393
v 2.553784 31.219086 17.878716
v 2.321808 31.005281 17.238220
v 2.324772 31.028629 16.524635
v 2.561996 31.283781 15.901432
v 2.979140 31.712286 15.511380
v 3.480632 32.215973 15.443836
v 3.951596 32.679459 15.714276
v 4.284132 32.996563 16.260740
v 4.649452 32.847378 16.950979
v 4.525764 32.703960 17.639380
v 4.188792 32.351906 18.161167
v 3.715728 31.871861 18.396816
v 3.214948 31.373802 18.292328
v 2.801176 30.971825 17.871656
v 2.569200 30.758022 17.231159
v 2.572164 30.781374 16.517572
v 2.809388 31.036522 15.894368
v 3.226528 31.465025 15.504316
v 3.728024 31.968714 15.436776
v 4.198984 32.432198 15.707212
v 4.531520 32.749302 16.253675
v 4.681572 32.815277 16.950064
v 4.557884 32.671856 17.638464
v 4.220908 32.319801 18.160252
v 3.747844 31.839758 18.395897
v 3.247068 31.341698 18.291416
v 2.833292 30.939726 17.870741
v 2.601316 30.725922 17.230240
v 2.604280 30.749269 16.516657
v 2.841508 31.004421 15.893452
v 3.258648 31.432920 15.503400
v 3.760140 31.936609 15.435856
v 4.231104 32.400097 15.706296
v 4.563640 32.717197 16.252760
v 4.995516 32.477108 16.940304
v 4.873260 32.335354 17.620741
v 4.540180 31.987366 18.136492
v 4.072588 31.512878 18.369411
v 3.577604 31.020576 18.266136
v 3.168616 30.623253 17.850328
v 2.939328 30.411922 17.217239
v 2.942256 30.435001 16.511908
v 3.176736 30.687202 15.895916
v 3.589052 31.110744 15.510376
v 4.084744 31.608604 15.443612
v 4.550260 32.066730 15.710924
v 4.878948 32.380165 16.251068
v 4.915448 32.080910 16.927008
v 4.821128 31.971546 17.451948
v 4.564168 31.703085 17.849840
v 4.203432 31.337025 18.029528
v 3.821564 30.957233 17.949852
v 3.506044 30.650705 17.629068
v 3.329148 30.487669 17.140656
v 3.331408 30.505474 16.596512
v 3.512304 30.700041 16.121288
v 3.830396 31.026793 15.823856
v 4.212812 31.410881 15.772348
v 4.571944 31.764313 15.978572
v 4.825520 32.006123 16.395281
v 4.993296 32.334351 17.276133
v 4.767144 32.091110 17.870239
v 4.369480 31.682610 18.242085
v 3.891396 31.202438 18.306473
v 3.442420 30.760590 18.048660
v 3.125408 30.458290 17.527704
v 3.012980 30.364790 16.862955
v 3.130896 30.501514 16.206692
v 3.452140 30.837133 15.709264
v 3.903120 31.294765 15.484620
v 4.380520 31.769573 15.584224
v 4.774976 32.152786 15.985264
v 4.996124 32.356606 16.595856
v 4.930160 32.142689 17.224855
v 4.733724 31.931410 17.740908
v 4.388308 31.576586 18.063892
v 3.973044 31.159502 18.119820
v 3.583060 30.775709 17.895884
v 3.307700 30.513130 17.443380
v 3.210044 30.431913 16.865969
v 3.312464 30.550674 16.295937
v 3.591500 30.842197 15.863864
v 3.983224 31.239700 15.668736
v 4.397900 31.652124 15.755252
v 4.740528 31.984982 16.103596
v 4.932616 32.162025 16.633968
v 4.623332 31.894133 17.116180
v 4.491660 31.752514 17.462091
v 4.260124 31.514669 17.678593
v 3.981764 31.235094 17.716084
v 3.720356 30.977833 17.565975
v 3.535776 30.801821 17.262655
v 3.470316 30.747381 16.875612
v 3.538972 30.826990 16.493511
v 3.726012 31.022398 16.203888
v 3.988592 31.288853 16.073092
v 4.266552 31.565302 16.131088
v 4.496220 31.788422 16.364584
v 4.624980 31.907093 16.720100
v 4.369488 33.051895 17.313536
v 4.616880 32.804634 17.306473
v 4.132368 32.796848 17.936468
v 4.379756 32.549595 17.929403
v 3.715408 32.368538 18.326351
v 3.962800 32.121277 18.319288
v 3.214132 31.865065 18.393864
v 3.461524 31.617805 18.386801
v 2.743376 31.401781 18.123545
v 2.990764 31.154526 18.116480
v 2.410984 31.084818 17.577316
v 2.658372 30.837557 17.570251
v 2.293100 30.986782 16.880316
v 2.540492 30.739521 16.873253
v 2.416736 31.130136 16.192217
v 2.664128 30.882877 16.185152
v 2.753564 31.482040 15.670652
v 3.000956 31.234781 15.663592
v 3.226424 31.961878 15.435112
v 3.473812 31.714617 15.428048
v 3.726984 32.459721 15.539548
v 3.974376 32.212460 15.532488
v 4.140576 32.861523 15.960044
v 4.387968 32.614262 15.952980
v 4.372452 33.075230 16.600260
v 4.619844 32.827969 16.593197
v 4.648996 32.772530 17.305555
v 4.963320 32.434856 17.291683
v 4.411876 32.517490 17.928488
v 4.728940 32.182770 17.907412
v 3.994916 32.089172 18.318373
v 4.316804 31.759405 18.292780
v 3.493640 31.585705 18.385883
v 3.821328 31.261761 18.359516
v 3.022884 31.122421 18.115564
v 3.356016 30.803837 18.092319
v 2.690492 30.805458 17.569336
v 3.027468 30.490538 17.552412
v 2.572608 30.707420 16.872335
v 2.910948 30.393639 16.863472
v 2.696244 30.850777 16.184237
v 3.033156 30.535334 16.183336
v 3.033072 31.202681 15.662672
v 3.366088 30.883165 15.667804
v 3.505932 31.682518 15.427132
v 3.833476 31.357452 15.434988
v 4.006492 32.180359 15.531572
v 4.328248 31.849537 15.538220
v 4.420084 32.582157 15.952064
v 4.737056 32.246689 15.953848
v 4.651960 32.795868 16.592279
v 4.966248 32.457924 16.586660
v 5.024364 32.375118 16.937088
v 4.906396 32.238335 17.593632
v 4.585012 31.902569 18.091280
v 4.133840 31.444733 18.316019
v 3.656232 30.969721 18.216372
v 3.261604 30.586346 17.815161
v 3.040360 30.382433 17.204300
v 3.043188 30.404701 16.523731
v 3.269436 30.648048 15.929364
v 3.667276 31.056721 15.557360
v 4.145564 31.537106 15.492940
v 4.594736 31.979145 15.750868
v 4.911888 32.281578 16.272049
v 4.641424 31.917873 16.918776
v 4.572736 31.838234 17.301041
v 4.385616 31.642738 17.590788
v 4.122924 31.376169 17.721643
v 3.844844 31.099598 17.663624
v 3.615076 30.876381 17.430023
v 3.486260 30.757658 17.074356
v 3.487904 30.770622 16.678104
v 3.619636 30.912306 16.332041
v 3.851272 31.150253 16.115444
v 4.129752 31.429949 16.077940
v 4.391276 31.687321 16.228111
v 4.575936 31.863409 16.531565
v 4.957148 32.178101 16.930361
v 4.854680 32.059292 17.500645
v 4.575524 31.767641 17.932903
v 4.183628 31.369965 18.128117
v 3.768776 30.957361 18.041559
v 3.426000 30.624357 17.693064
v 3.233824 30.447241 17.162468
v 3.236280 30.466581 16.571316
v 3.432804 30.677954 16.055044
v 3.778368 31.032932 15.731920
v 4.193816 31.450197 15.675964
v 4.583972 31.834158 15.900000
v 4.859448 32.096855 16.352703
v 4.890608 32.048313 17.198088
v 4.709788 31.853834 17.673107
v 4.391836 31.527222 17.970411
v 4.009588 31.143301 18.021893
v 3.650612 30.790022 17.815760
v 3.397148 30.548321 17.399237
v 3.307256 30.473566 16.867737
v 3.401536 30.582882 16.343023
v 3.658384 30.851225 15.945308
v 4.018960 31.217121 15.765696
v 4.400664 31.596752 15.845336
v 4.716052 31.903145 16.165979
v 4.892868 32.066109 16.654181
v 4.580876 32.769009 17.292583
v 4.492988 32.671898 17.613775
v 4.352108 32.522949 17.893572
v 4.167876 32.332233 18.117191
v 3.949836 32.109722 18.269724
v 3.711468 31.869089 18.344540
v 3.466216 31.623985 18.334860
v 3.228320 31.388565 18.243736
v 3.012040 31.177021 18.074060
v 2.829112 31.000746 17.837872
v 2.691356 30.871218 17.547071
v 2.605304 30.794470 17.219925
v 2.577624 30.776638 16.874620
v 2.608164 30.816998 16.531460
v 2.696904 30.914942 16.210760
v 2.837036 31.063166 15.930200
v 3.021868 31.254450 15.707568
v 3.239492 31.476578 15.553880
v 3.478072 31.717384 15.480320
v 3.723332 31.962534 15.488716
v 3.961004 32.197693 15.581080
v 4.177712 32.409702 15.749632
v 4.360028 32.585342 15.986764
v 4.498540 32.715641 16.276859
v 4.583736 32.791527 16.604431
v 4.612320 32.810265 16.949612
v 4.612996 32.736904 17.291668
v 4.644440 32.778160 16.948696
v 4.615856 32.759422 16.603512
v 4.530660 32.683537 16.275940
v 4.392148 32.553242 15.985844
v 4.209828 32.377598 15.748716
v 3.993120 32.165592 15.580164
v 3.755448 31.930433 15.487800
v 3.510192 31.685286 15.479404
v 3.271612 31.444477 15.552964
v 3.053988 31.222349 15.706648
v 2.869156 31.031061 15.929284
v 2.729024 30.882841 16.209841
v 2.640284 30.784893 16.530544
v 2.609744 30.744534 16.873705
v 2.637424 30.762365 17.219007
v 2.723472 30.839117 17.546156
v 2.861232 30.968641 17.836956
v 3.044156 31.144917 18.073145
v 3.260436 31.356464 18.242821
v 3.498332 31.591885 18.333944
v 3.743588 31.836990 18.343628
v 3.981952 32.077618 18.268808
v 4.199996 32.300133 18.116276
v 4.384228 32.490849 17.892660
v 4.525104 32.639793 17.612860
v 3.349116 32.133286 16.922216
v 3.345112 32.128639 16.944500
v 3.334204 32.117245 16.961395
v 3.318888 32.101704 16.969025
v 3.302676 32.085583 16.965639
v 3.289280 32.072571 16.952024
v 3.281772 32.065643 16.931284
v 3.281868 32.066402 16.908184
v 3.289548 32.074661 16.888012
v 3.303052 32.088531 16.875383
v 3.319288 32.104843 16.873196
v 3.334532 32.119846 16.881952
v 3.345300 32.130108 16.899645
v 3.197504 32.575798 16.936064
v 3.176428 32.551361 17.053360
v 3.119012 32.491375 17.142267
v 3.038408 32.409580 17.182417
v 2.953080 32.324718 17.164616
v 2.882580 32.256226 17.092936
v 2.843052 32.219795 16.983805
v 2.843560 32.223774 16.862217
v 2.883980 32.267250 16.756033
v 2.955052 32.340260 16.689571
v 3.040504 32.426083 16.678064
v 3.120748 32.505054 16.724144
v 3.177408 32.559086 16.817251
v 3.525648 32.247826 16.926697
v 3.504576 32.223385 17.043991
v 3.447156 32.163403 17.132900
v 3.366552 32.081604 17.173048
v 3.281228 31.996746 17.155249
v 3.210724 31.928253 17.083569
v 3.171200 31.891821 16.974436
v 3.171704 31.895802 16.852848
v 3.212124 31.939278 16.746664
v 3.283200 32.012283 16.680204
v 3.368648 32.098110 16.668695
v 3.448896 32.177082 16.714775
v 3.505556 32.231113 16.807888
v 2.794756 32.978333 16.947563
v 2.773680 32.953892 17.064856
v 3.101824 32.625923 17.055492
v 3.122900 32.650360 16.938196
v 2.716264 32.893909 17.153765
v 3.044408 32.565937 17.144396
v 2.635660 32.812115 17.193916
v 2.963804 32.484142 17.184547
v 2.550332 32.727253 17.176111
v 2.878480 32.399281 17.166744
v 2.479832 32.658760 17.104437
v 2.807976 32.330788 17.095068
v 2.440304 32.622330 16.995304
v 2.768452 32.294357 16.985931
v 2.440812 32.626308 16.873716
v 2.768956 32.298336 16.864347
v 2.481232 32.669785 16.767529
v 2.809376 32.341812 16.758160
v 2.552308 32.742794 16.701069
v 2.880452 32.414825 16.691700
v 2.637756 32.828617 16.689560
v 2.965900 32.500645 16.680193
v 2.718000 32.907589 16.735640
v 3.046148 32.579617 16.726273
v 2.774660 32.961620 16.828753
v 3.102808 32.633648 16.819384
v 2.453648 33.319256 16.957304
v 2.432572 33.294823 17.074596
v 2.760720 32.966850 17.065228
v 2.781792 32.991283 16.947931
v 2.375156 33.234837 17.163500
v 2.703304 32.906864 17.154137
v 2.294552 33.153042 17.203651
v 2.622696 32.825069 17.194288
v 2.209224 33.068180 17.185852
v 2.537372 32.740204 17.176483
v 2.138724 32.999687 17.114172
v 2.466868 32.671719 17.104803
v 2.099200 32.963257 17.005039
v 2.427344 32.635284 16.995672
v 2.099704 32.967236 16.883451
v 2.427848 32.639267 16.874088
v 2.140124 33.010712 16.777267
v 2.468268 32.682735 16.767900
v 2.211200 33.083721 16.710808
v 2.539344 32.755749 16.701441
v 2.296648 33.169544 16.699301
v 2.624792 32.841572 16.689932
v 2.376892 33.248516 16.745380
v 2.705040 32.920544 16.736008
v 2.433552 33.302551 16.838488
v 2.761700 32.974579 16.829121
v 2.108892 34.000965 16.978176
v 2.068036 33.953594 17.205547
v 2.704140 33.317829 17.187387
v 2.744992 33.365196 16.960016
v 1.956736 33.837315 17.377888
v 2.592836 33.201546 17.359728
v 1.800488 33.678757 17.455725
v 2.436588 33.042992 17.437565
v 1.635084 33.514252 17.421211
v 2.271184 32.878487 17.403051
v 1.498420 33.381481 17.282269
v 2.134520 32.745716 17.264109
v 1.421800 33.310863 17.070717
v 2.057900 32.675102 17.052555
v 1.422776 33.318577 16.835020
v 2.058876 32.682812 16.816864
v 1.501132 33.402855 16.629185
v 2.137232 32.767086 16.611025
v 1.638908 33.544380 16.500353
v 2.275008 32.908619 16.482191
v 1.804548 33.710747 16.478045
v 2.440648 33.074982 16.459885
v 1.960104 33.863834 16.567368
v 2.596204 33.228065 16.549208
v 2.069940 33.968571 16.747860
v 2.706040 33.332806 16.729700
v 2.286676 33.540283 14.387620
v 2.338624 33.454411 14.385024
v 2.339556 33.461761 14.160324
v 2.287612 33.547638 14.162920
v 2.344692 33.354244 14.381772
v 2.345624 33.361595 14.157072
v 2.303492 33.262741 14.378608
v 2.304428 33.270092 14.153908
v 2.224464 33.200867 14.376256
v 2.225400 33.208218 14.151556
v 2.125712 33.182781 14.375252
v 2.126648 33.190132 14.150552
v 2.029860 33.212643 14.375832
v 2.030792 33.219994 14.151132
v 1.958860 33.283600 14.377860
v 1.959792 33.290955 14.153160
v 1.928984 33.379406 14.380872
v 1.929916 33.386761 14.156168
v 1.947076 33.478104 14.384176
v 1.948008 33.485458 14.159472
v 2.008984 33.557095 14.387016
v 2.009920 33.564445 14.162316
v 2.100540 33.598270 14.388744
v 2.101472 33.605621 14.164044
v 2.200756 33.592205 14.388960
v 2.201688 33.599556 14.164260
v 2.732352 32.248661 17.335173
v 2.755612 31.980938 17.148804
v 3.290576 32.510548 17.346060
v 3.142476 32.658569 17.350288
v 2.613508 32.176197 15.709320
v 2.761900 32.030453 15.635524
v 3.423176 32.691380 15.659896
v 3.274784 32.837128 15.733692
v 2.033840 32.792198 14.732440
v 2.182228 32.646454 14.658644
v 2.843504 33.307381 14.683016
v 2.695116 33.453125 14.756816
v 2.036048 32.809593 14.200692
v 2.185016 32.668423 13.987144
v 2.846292 33.329353 14.011516
v 2.697328 33.470524 14.225068
v 1.647528 33.197910 14.211784
v 1.648400 33.204758 14.002464
v 2.309676 33.865688 14.026840
v 2.308808 33.858837 14.236160
v 2.607512 32.128960 17.153036
v 2.880452 32.100639 17.330944
v 3.416888 32.641869 17.173176
v 3.268788 32.789890 17.177408
v 1.647512 33.448948 14.220000
v 1.644640 33.447186 14.181100
v 1.648384 33.455795 14.010680
v 2.058504 33.865704 14.025796
v 2.061380 33.867470 14.064696
v 2.057636 33.858856 14.235116
v 4.695312 32.024578 17.423029
v 4.761192 32.097366 17.182323
v 4.784744 32.128273 16.925297
v 4.451672 31.770029 17.800297
v 4.589744 31.912966 17.632725
v 4.109632 31.422945 17.970676
v 4.288272 31.603277 17.914619
v 3.747552 31.062834 17.895132
v 3.925832 31.239258 17.963436
v 3.448384 30.772194 17.590967
v 3.585464 30.904289 17.767984
v 3.280660 30.617605 17.127872
v 3.345132 30.675114 17.373049
v 3.282800 30.634489 16.611929
v 3.259904 30.604229 16.869097
v 3.454320 30.818970 16.161331
v 3.349292 30.707882 16.371580
v 3.755928 31.128790 15.879316
v 3.592828 30.962318 15.994472
v 4.118520 31.492970 15.830480
v 3.934720 31.309254 15.824172
v 4.459040 31.828085 16.026016
v 4.296640 31.669209 15.899684
v 4.699476 32.057358 16.421124
v 4.595680 31.959721 16.203712
v 4.763332 32.114243 16.666609
s 1
usemtl itu_metal
f 9040 9061 9042 9043
f 9051 9055 9052 9048
f 9040 9060 9041 9061
f 9066 9057 9056 9065
f 9045 9049 9050 9046
f 9042 9062 9063 9043
f 9065 9064 9069 9068 9067 9066
f 8913 8912 8911 8910 8922 8921 8920 8919 8918 8917 8916 8915 8914
f 8955 8957 8959 8961 8939 8938 8941 8943 8945 8947 8949 8951 8953
f 9058 9054 9053 9057 9066 9067
f 9046 9062 9042 9061 9041 9045
f 9040 9043 9063 9047 9044 9060
f 9049 9053 9054 9050
f 9047 9051 9048 9044
f 9048 9052 9056 9057 9053 9049 9045 9041 9060 9044
f 9059 9055 9051 9047 9063 9062 9046 9050 9054 9058
f 9069 9064 9056 9052 9055 9059
f 9056 9064 9065
f 9058 9067 9068
f 9069 9059 9058 9068
f 9001 8999 8998 9000
f 8763 8764 8661 8648
f 8927 8926 8913 8914
f 8999 8997 8996 8998
f 8744 8651 8638 8743
f 8743 8639 8652 8744
f 8639 8745 8746 8652
f 8955 8953 8952 8954
f 8878 8879 8863 8864
f 8745 8640 8653 8746
f 8751 8643 8656 8752
f 8925 8924 8911 8912
f 8971 8969 8968 8970
f 8755 8645 8658 8756
f 8964 8965 8962 8963
f 8756 8657 8644 8755
f 8760 8659 8646 8759
f 8648 8661 8762 8761
f 8649 8662 8764 8763
f 8888 8889 8853 8854
f 8765 8766 8662 8649
f 8885 8886 8856 8857
f 8895 8896 8846 8847
f 8879 8880 8862 8863
f 8933 8932 8919 8920
f 8949 8947 8946 8948
f 8957 8955 8954 8956
f 8945 8943 8942 8944
f 8990 8991 8988 8989
f 8741 8638 8651 8742
f 8749 8750 8654 8641
f 8875 8876 8866 8867
f 8969 8967 8966 8968
f 8932 8933 8934 8935 8923 8924 8925 8926 8927 8928 8929 8930 8931
f 8951 8949 8948 8950
f 8973 8971 8970 8972
f 8977 8975 8974 8976
f 8959 8957 8956 8958
f 8924 8923 8910 8911
f 8983 8981 8980 8982
f 8977 8979 8981 8983 8985 8987 8965 8964 8967 8969 8971 8973 8975
f 9005 9003 9002 9004
f 8749 8642 8655 8750
f 8939 8961 8960 8936
f 8892 8893 8849 8850
f 8881 8882 8860 8861
f 8889 8890 8852 8853
f 8876 8877 8865 8866
f 8884 8885 8857 8858
f 8877 8878 8864 8865
f 8928 8927 8914 8915
f 8938 8939 8936 8937
f 8930 8929 8916 8917
f 8993 8990 8989 8992
f 8975 8973 8972 8974
f 8968 8966 8963 8962 8986 8984 8982 8980 8978 8976 8974 8972 8970
f 8659 8758 8757 8646
f 8873 8874 8868 8869
f 8759 8647 8660 8760
f 8752 8655 8642 8751
f 8894 8895 8847 8848
f 8637 8650 8766 8765
f 8871 8872 8870 8845
f 8872 8873 8869 8870
f 8647 8761 8762 8660
f 8891 8892 8850 8851
f 8893 8894 8848 8849
f 8863 8862 8861 8860 8859 8858 8857 8856 8855 8854 8853 8852 8851 8850 8849 8848 8847 8846 8845 8870 8869 8868 8867 8866 8865 8660 8762 8661 8764 8662 8766 8650 8742 8651 8744 8652 8746 8653 8748 8654 8750 8655 8752 8656 8754 8657 8756 8658 8758 8659 8760 8864
f 8883 8884 8858 8859
f 8882 8883 8859 8860
f 8886 8887 8855 8856
f 8890 8891 8851 8852
f 8887 8888 8854 8855
f 8880 8881 8861 8862
f 8874 8875 8867 8868
f 9011 9009 9008 9010
f 8896 8871 8845 8846
f 8865 8864 8760 8660
f 8891 8890 8889 8888 8668 8775 8667 8773 8666 8893 8892
f 8644 8657 8754 8753
f 8887 8886 8885 8884 8883 8882 8881 8880 8879 8878 8877 8876 8875 8874 8873 8872 8871 8896 8895 8894 8893 8666 8771 8665 8769 8664 8767 8663 8791 8675 8789 8674 8787 8673 8785 8672 8783 8671 8781 8670 8779 8669 8777 8668 8888
f 8753 8754 8656 8643
f 8942 8940 8937 8936 8960 8958 8956 8954 8952 8950 8948 8946 8944
f 8931 8930 8917 8918
f 8926 8925 8912 8913
f 8932 8931 8918 8919
f 8935 8934 8921 8922
f 8934 8933 8920 8921
f 8904 8905 8906 8907 8908 8909 8897 8898 8899 8900 8901 8902 8903
f 8923 8935 8922 8910
f 8743 8638 8741 8637 8765 8649 8763 8648 8761 8647 8759 8646 8757 8645 8755 8644 8753 8643 8751 8642 8749 8641 8747 8640 8745 8639
f 8947 8945 8944 8946
f 8943 8941 8940 8942
f 8641 8654 8748 8747
f 8961 8959 8958 8960
f 8979 8977 8976 8978
f 8967 8964 8963 8966
f 8953 8951 8950 8952
f 8981 8979 8978 8980
f 8987 8985 8984 8986
f 8965 8987 8986 8962
f 8985 8983 8982 8984
f 8941 8938 8937 8940
f 9007 9005 9004 9006
f 8929 8928 8915 8916
f 8995 8993 8992 8994
f 9003 9001 9000 9002
f 9011 9013 8991 8990 8993 8995 8997 8999 9001 9003 9005 9007 9009
f 8989 8988 9012 9010 9008 9006 9004 9002 9000 8998 8996 8994 8992
f 8991 9013 9012 8988
f 9009 9007 9006 9008
f 9013 9011 9010 9012
f 8742 8650 8637 8741
f 8997 8995 8994 8996
f 8757 8758 8658 8645
f 8640 8747 8748 8653
f 8784 8684 8671 8783
f 8793 8819 8727 8714
f 8786 8686 8803 8711
f 8830 8804 8713 8726
f 8692 8822 8718 8835
f 9090 8841 8699 9089
f 8771 8666 8679 8772
f 9076 8834 8692 9075
f 8835 9078 9075 8692
f 9071 8832 8690 9070
f 8687 8788 8787 8674
f 9074 8833 8691 9073
f 8768 8677 8794 8702
f 8770 8678 8795 8703
f 8795 8821 8716 8703
f 8821 8691 8833 8716
f 8699 8829 8725 8842
f 8701 8831 8727 8844
f 8843 9094 9091 8700
f 8823 8797 8706 8719
f 8685 8786 8711 8802
f 8683 8782 8709 8800
f 8824 8694 8836 8719
f 8825 8695 8837 8720
f 8780 8682 8669 8779
f 8828 8698 8840 8723
f 8698 8828 8724 8841
f 8831 8701 8843 8726
f 8823 8693 8835 8718
f 8779 8670 8683 8780
f 8786 8685 8672 8785
f 9073 8691 8834 9076
f 8674 8789 8790 8687
f 8824 8798 8707 8720
f 8789 8675 8688 8790
f 8778 8682 8799 8707
f 8770 8677 8664 8769
f 8705 8797 8823 8718
f 8774 8679 8666 8773
f 8821 8795 8704 8717
f 8665 8771 8772 8678
f 8769 8665 8678 8770
f 8799 8708 8721 8825
f 8708 8800 8826 8721
f 8784 8685 8802 8710
f 8694 8824 8720 8837
f 8788 8687 8804 8712
f 8687 8790 8713 8804
f 8790 8688 8805 8713
f 8774 8680 8797 8705
f 8680 8774 8773 8667
f 8830 8700 8842 8725
f 8829 8699 8841 8724
f 9080 8836 8694 9079
f 8777 8669 8682 8778
f 8828 8802 8711 8724
f 8700 8830 8726 8843
f 8670 8781 8782 8683
f 9092 8842 8700 9091
f 8837 9082 9079 8694
f 8688 8792 8714 8805
f 8840 9088 9085 8697
f 8839 9086 9083 8696
f 9095 8844 8689 9072
f 8838 9084 9081 8695
f 8673 8787 8788 8686
f 8768 8676 8663 8767
f 8820 8690 8832 8715
f 8675 8791 8792 8688
f 8676 8768 8702 8793
f 8767 8664 8677 8768
f 8677 8770 8703 8794
f 8685 8784 8783 8672
f 8794 8703 8716 8820
f 8772 8679 8796 8704
f 8713 8805 8831 8726
f 8796 8822 8717 8704
f 8801 8827 8722 8709
f 8679 8774 8705 8796
f 8711 8803 8829 8724
f 8678 8772 8704 8795
f 8728 8807 8729 8808 8730 8809 8731 8810 8732 8811 8733 8812 8734 8813 8735 8814 8736 8815 8737 8816 8738 8817 8739 8818 8740 8806
f 8682 8780 8708 8799
f 8799 8825 8720 8707
f 8681 8778 8707 8798
f 8680 8776 8706 8797
f 8776 8681 8798 8706
f 8780 8683 8800 8708
f 8706 8798 8824 8719
f 8776 8680 8667 8775
f 8681 8776 8775 8668
f 8782 8684 8801 8709
f 8710 8802 8828 8723
f 8805 8714 8727 8831
f 8689 8819 8715 8832
f 8822 8692 8834 8717
f 8791 8663 8676 8792
f 8690 8820 8716 8833
f 8684 8784 8710 8801
f 8691 8821 8717 8834
f 8822 8796 8705 8718
f 8829 8803 8712 8725
f 8693 8823 8719 8836
f 8686 8788 8712 8803
f 8686 8786 8785 8673
f 8804 8830 8725 8712
f 8826 8696 8838 8721
f 8684 8782 8781 8671
f 8800 8709 8722 8826
f 8801 8710 8723 8827
f 8695 8825 8721 8838
f 8696 8826 8722 8839
f 8827 8697 8839 8722
f 8819 8793 8702 8715
f 8702 8794 8820 8715
f 8697 8827 8723 8840
f 8792 8676 8793 8714
f 8668 8777 8778 8681
f 8819 8689 8844 8727
f 8693 9077 9078 8835
f 9077 8693 8836 9080
f 8695 9081 9082 8837
f 8696 9083 9084 8838
f 8697 9085 9086 8839
f 9093 8701 8844 9095
f 9072 8689 8832 9071
f 9070 8690 8833 9074
f 8698 9087 9088 8840
f 9087 8698 8841 9090
f 9089 8699 8842 9092
f 8701 9093 9094 8843
f 8807 8728 9071 9070
f 8728 8806 9072 9071
f 8808 8729 9074 9073
f 8729 8807 9070 9074
f 8809 8730 9076 9075
f 8730 8808 9073 9076
f 8810 8731 9078 9077
f 8731 8809 9075 9078
f 8811 8732 9080 9079
f 8732 8810 9077 9080
f 8812 8733 9082 9081
f 8733 8811 9079 9082
f 8813 8734 9084 9083
f 8734 8812 9081 9084
f 8814 8735 9086 9085
f 8735 8813 9083 9086
f 8815 8736 9088 9087
f 8736 8814 9085 9088
f 8816 8737 9090 9089
f 8737 8815 9087 9090
f 8817 8738 9092 9091
f 8738 8816 9089 9092
f 8818 8739 9094 9093
f 8739 8817 9091 9094
f 8806 8740 9095 9072
f 8740 8818 9093 9095
f 9033 9031 9030 9032
f 9023 9021 9020 9022
f 9021 9019 9018 9020
f 9016 9017 9014 9015
f 9029 9027 9026 9028
f 9037 9035 9034 9036
f 9019 9016 9015 9018
f 9027 9025 9024 9026
f 9031 9029 9028 9030
f 9025 9023 9022 9024
f 9035 9033 9032 9034
f 9017 9039 9038 9014
f 9039 9037 9036 9038
f 9015 9014 9038 9036 9034 9032 9030 9028 9026 9024 9022 9020 9018
f 9021 9023 9025 9027 9029 9031 9033 9035 9037 9039 9017 9016 9019
o 02_-_Main_Receiver_Mesh.873
v 2.208828 34.834545 48.330769
v 0.766920 34.690899 48.330769
v 2.208828 34.834545 54.200455
v 0.766920 34.690899 54.200455
v 2.065180 34.690899 48.330769
v 2.065180 34.834545 48.187122
v 0.623276 34.834545 48.330769
v 0.766920 34.834545 48.187122
v 2.065180 34.834545 54.344101
v 2.065180 34.690899 54.200455
v 0.766920 34.834545 54.344101
v 0.623276 34.834545 54.200455
v 1.114872 35.219170 54.344101
v 1.228732 35.219170 54.344101
v 1.228728 35.669064 54.344101
v 1.114872 35.669064 54.344101
v 1.114872 35.219170 56.154419
v 1.228732 35.219170 56.154419
v 1.228728 35.669064 56.154419
v 1.114872 35.669064 56.154419
v 1.254032 35.219170 54.344101
v 1.367888 35.219170 54.344101
v 1.367888 35.669064 54.344101
v 1.254032 35.669064 54.344101
v 1.254032 35.219170 56.154419
v 1.367888 35.219170 56.154419
v 1.367888 35.669064 56.154419
v 1.254032 35.669064 56.154419
v 1.658680 35.226810 54.344101
v 1.658680 35.290443 54.344101
v 1.527408 35.290443 54.344101
v 1.527408 35.226810 54.344101
v 1.658680 35.226814 69.175179
v 1.658680 35.290443 69.175179
v 1.527408 35.290443 69.175179
v 1.527408 35.226814 69.175179
v 1.658680 35.304585 54.344101
v 1.658680 35.368214 54.344101
v 1.527408 35.368214 54.344101
v 1.527408 35.304585 54.344101
v 1.658680 35.304585 69.175179
v 1.658680 35.368214 69.175179
v 1.527408 35.368214 69.175179
v 1.527408 35.304585 69.175179
v 0.623272 37.454273 54.200455
v 0.623272 37.454273 48.330769
v 2.065180 37.597919 54.200455
v 0.766920 37.597919 54.200455
v 0.766920 37.597919 48.330769
v 2.065180 37.597919 48.330769
v 2.208824 37.454273 48.330769
v 2.065180 37.454273 48.187122
v 0.766920 37.454273 48.187122
v 2.208824 37.454273 54.200455
v 2.065180 37.454273 54.344101
v 0.766920 37.454273 54.344101
v 1.114872 37.069649 54.344101
v 1.228728 37.069649 54.344101
v 1.228728 37.069649 56.154419
v 1.114872 37.069649 56.154419
v 1.228728 36.619751 54.344101
v 1.228728 36.619751 56.154419
v 1.114872 36.619751 54.344101
v 1.114872 36.619751 56.154419
v 1.254032 37.069649 54.344101
v 1.367888 37.069649 54.344101
v 1.367888 37.069649 56.154419
v 1.254032 37.069649 56.154419
v 1.367888 36.619751 54.344101
v 1.367888 36.619751 56.154419
v 1.254032 36.619751 54.344101
v 1.254032 36.619751 56.154419
v 1.658680 37.062004 54.344101
v 1.658680 36.998371 54.344101
v 1.658680 36.998375 69.175179
v 1.658680 37.062004 69.175179
v 1.527404 36.998371 54.344101
v 1.527404 36.998375 69.175179
v 1.527404 37.062004 54.344101
v 1.527404 37.062004 69.175179
v 1.658680 36.984234 54.344101
v 1.658680 36.920605 54.344101
v 1.658680 36.920605 69.175179
v 1.658680 36.984234 69.175179
v 1.527404 36.920605 54.344101
v 1.527404 36.920605 69.175179
v 1.527404 36.984234 54.344101
v 1.527404 36.984234 69.175179
s 1
usemtl itu_metal
f 9108 9109 9113 9112
f 9109 9110 9114 9113
f 9110 9111 9115 9114
f 9111 9108 9112 9115
f 9112 9113 9114 9115
f 9116 9117 9121 9120
f 9117 9118 9122 9121
f 9118 9119 9123 9122
f 9119 9116 9120 9123
f 9120 9121 9122 9123
f 9124 9125 9129 9128
f 9125 9126 9130 9129
f 9126 9127 9131 9130
f 9127 9124 9128 9131
f 9128 9129 9130 9131
f 9132 9133 9137 9136
f 9133 9134 9138 9137
f 9134 9135 9139 9138
f 9135 9132 9136 9139
f 9136 9137 9138 9139
f 9152 9155 9154 9153
f 9153 9154 9157 9156
f 9156 9157 9159 9158
f 9158 9159 9155 9152
f 9155 9159 9157 9154
f 9160 9163 9162 9161
f 9161 9162 9165 9164
f 9164 9165 9167 9166
f 9166 9167 9163 9160
f 9163 9167 9165 9162
f 9168 9171 9170 9169
f 9169 9170 9173 9172
f 9172 9173 9175 9174
f 9174 9175 9171 9168
f 9171 9175 9173 9170
f 9176 9179 9178 9177
f 9177 9178 9181 9180
f 9180 9181 9183 9182
f 9182 9183 9179 9176
f 9179 9183 9181 9178
f 9104 9150 9151 9106
f 9105 9099 9097 9100
f 9096 9100 9101
f 9097 9102 9103
f 9098 9104 9105
f 9099 9106 9107
f 9097 9103 9101 9100
f 9106 9151 9140 9107
f 9105 9104 9106 9099
f 9100 9096 9098 9105
f 9099 9107 9102 9097
f 9102 9141 9148 9103
f 9103 9148 9147 9101
f 9101 9147 9146 9096
f 9096 9146 9149 9098
f 9098 9149 9150 9104
f 9142 9145 9144 9143
f 9146 9147 9145
f 9144 9148 9141
f 9149 9142 9150
f 9143 9140 9151
f 9144 9145 9147 9148
f 9142 9143 9151 9150
f 9145 9142 9149 9146
f 9143 9144 9141 9140
f 9141 9102 9107 9140
o 02_-_Medium_Dish__Mesh.870
v 0.629168 29.739323 45.501526
v 0.237264 29.739323 45.471439
v 0.629168 31.146395 45.501526
v 1.021068 31.146395 45.471439
v 1.403780 31.146395 45.381882
v 1.768336 31.146395 45.234951
v 2.106192 31.146395 45.034092
v 2.409428 31.146395 44.784016
v 2.670936 31.146395 44.490582
v 2.884588 31.146395 44.160667
v 3.045372 31.146395 43.802006
v 3.149524 31.146395 43.423004
v 3.194600 31.146395 43.032547
v 3.179544 31.146395 42.639778
v 3.104712 31.146395 42.253918
v 2.971852 31.146395 41.884003
v 2.784084 31.146395 41.538700
v 2.545804 31.146395 41.226109
v 2.262604 31.146395 40.953556
v 1.941112 31.146395 40.727425
v 1.588872 31.146395 40.553020
v 1.214140 31.146395 40.434429
v 0.825692 31.146395 40.374428
v 0.432640 31.146395 40.374428
v 0.044196 31.146395 40.434429
v -0.330540 31.146395 40.553020
v -0.682780 31.146395 40.727425
v -1.004268 31.146395 40.953556
v -1.287472 31.146395 41.226109
v -1.525748 31.146395 41.538700
v -1.713516 31.146395 41.884003
v -1.846376 31.146395 42.253918
v -1.921212 31.146395 42.639778
v -1.936264 31.146395 43.032543
v -1.891188 31.146395 43.423000
v -1.787040 31.146395 43.801998
v -1.626256 31.146395 44.160664
v -1.412604 31.146395 44.490578
v -1.151096 31.146395 44.784016
v -0.847864 31.146395 45.034092
v -0.510008 31.146395 45.234947
v -0.145452 31.146395 45.381878
v 0.237264 31.146395 45.471439
v 1.021068 29.739323 45.471439
v 1.403780 29.739323 45.381882
v 1.768336 29.739323 45.234951
v 2.106192 29.739323 45.034092
v 2.409428 29.739323 44.784016
v 2.670936 29.739323 44.490582
v 2.884588 29.739323 44.160667
v 3.045372 29.739323 43.802006
v 3.149524 29.739323 43.423004
v 3.194600 29.739323 43.032547
v 3.179544 29.739323 42.639778
v 3.104712 29.739323 42.253918
v 2.971852 29.739323 41.884003
v 2.784084 29.739323 41.538700
v 2.545804 29.739323 41.226109
v 2.262604 29.739323 40.953556
v 1.941112 29.739323 40.727425
v 1.588872 29.739323 40.553020
v 1.214140 29.739323 40.434429
v 0.825692 29.739323 40.374428
v 0.432640 29.739323 40.374428
v 0.044196 29.739323 40.434429
v -0.330540 29.739323 40.553020
v -0.682780 29.739323 40.727425
v -1.004268 29.739323 40.953556
v -1.287472 29.739323 41.226109
v -1.525748 29.739323 41.538700
v -1.713516 29.739323 41.884003
v -1.846376 29.739323 42.253918
v -1.921212 29.739323 42.639778
v -1.936264 29.739323 43.032543
v -1.891188 29.739323 43.423000
v -1.787040 29.739323 43.801998
v -1.626256 29.739323 44.160664
v -1.412604 29.739323 44.490578
v -1.151096 29.739323 44.784016
v -0.847864 29.739323 45.034092
v -0.510008 29.739323 45.234947
v -0.145452 29.739323 45.381878
v 0.629168 29.657970 45.489872
v 0.629168 29.599863 45.454903
v 1.013952 29.599863 45.425362
v 1.019288 29.657970 45.459919
v 1.389712 29.599863 45.337429
v 1.400264 29.657970 45.370766
v 1.747648 29.599863 45.193169
v 1.763164 29.657970 45.224506
v 2.079368 29.599863 44.995956
v 2.099488 29.657970 45.024559
v 2.377100 29.599863 44.750423
v 2.401348 29.657970 44.775620
v 2.633856 29.599863 44.462318
v 2.661668 29.657970 44.483517
v 2.843628 29.599863 44.138393
v 2.874348 29.657970 44.155094
v 3.001492 29.599863 43.786247
v 3.034404 29.657970 43.798065
v 3.103752 29.599863 43.414127
v 3.138080 29.657970 43.420784
v 3.148012 29.599863 43.030758
v 3.182952 29.657970 43.032101
v 3.133228 29.599863 42.645130
v 3.167968 29.657970 42.641117
v 3.059756 29.599863 42.266273
v 3.093472 29.657970 42.257008
v 2.929308 29.599863 41.903076
v 2.961216 29.657970 41.888771
v 2.744948 29.599863 41.564045
v 2.774300 29.657970 41.545036
v 2.510996 29.599863 41.257130
v 2.537104 29.657970 41.233864
v 2.232940 29.599863 40.989525
v 2.255188 29.657970 40.962547
v 1.917288 29.599863 40.767502
v 1.935156 29.657970 40.737446
v 1.571444 29.599863 40.596264
v 1.584516 29.657970 40.563831
v 1.203516 29.599863 40.479824
v 1.211484 29.657970 40.445778
v 0.822124 29.599863 40.420918
v 0.824800 29.657970 40.386051
v 0.436212 29.599863 40.420918
v 0.433532 29.657970 40.386051
v 0.054820 29.599863 40.479824
v 0.046852 29.657970 40.445778
v -0.313112 29.599863 40.596264
v -0.326180 29.657970 40.563831
v -0.658952 29.599863 40.767502
v -0.676824 29.657970 40.737446
v -0.974604 29.599863 40.989525
v -0.996852 29.657970 40.962547
v -1.252664 29.599863 41.257130
v -1.278768 29.657970 41.233864
v -1.486612 29.599863 41.564045
v -1.515964 29.657970 41.545036
v -1.670972 29.599863 41.903072
v -1.702880 29.657970 41.888767
v -1.801420 29.599863 42.266273
v -1.835136 29.657970 42.257008
v -1.874896 29.599863 42.645126
v -1.909632 29.657970 42.641117
v -1.889676 29.599863 43.030758
v -1.924620 29.657970 43.032097
v -1.845420 29.599863 43.414124
v -1.879748 29.657970 43.420784
v -1.743160 29.599863 43.786243
v -1.776068 29.657970 43.798065
v -1.585296 29.599863 44.138393
v -1.616016 29.657970 44.155094
v -1.375524 29.599863 44.462315
v -1.403336 29.657970 44.483513
v -1.118768 29.599863 44.750420
v -1.143016 29.657970 44.775616
v -0.821040 29.599863 44.995956
v -0.841156 29.657970 45.024559
v -0.489320 29.599863 45.193165
v -0.504836 29.657970 45.224503
v -0.131384 29.599863 45.337429
v -0.141932 29.657970 45.370766
v 0.239040 29.657970 45.459919
v 0.244380 29.599863 45.425362
v 0.629168 31.227747 45.489872
v 0.629168 31.285860 45.454903
v 1.019288 31.227747 45.459919
v 1.013952 31.285860 45.425362
v 1.400264 31.227747 45.370766
v 1.389712 31.285860 45.337429
v 1.763164 31.227747 45.224506
v 1.747648 31.285860 45.193169
v 2.099488 31.227747 45.024559
v 2.079368 31.285860 44.995956
v 2.401348 31.227747 44.775620
v 2.377100 31.285860 44.750423
v 2.661668 31.227747 44.483517
v 2.633856 31.285860 44.462318
v 2.874348 31.227747 44.155094
v 2.843628 31.285860 44.138393
v 3.034404 31.227747 43.798065
v 3.001492 31.285860 43.786247
v 3.138080 31.227747 43.420784
v 3.103752 31.285860 43.414127
v 3.182952 31.227747 43.032101
v 3.148012 31.285860 43.030758
v 3.167968 31.227747 42.641117
v 3.133228 31.285860 42.645130
v 3.093472 31.227747 42.257008
v 3.059756 31.285858 42.266273
v 2.961216 31.227747 41.888771
v 2.929308 31.285858 41.903076
v 2.774300 31.227747 41.545036
v 2.744948 31.285858 41.564045
v 2.537104 31.227747 41.233864
v 2.510996 31.285858 41.257130
v 2.255188 31.227747 40.962547
v 2.232940 31.285858 40.989525
v 1.935156 31.227747 40.737446
v 1.917288 31.285858 40.767502
v 1.584516 31.227747 40.563831
v 1.571444 31.285858 40.596264
v 1.211484 31.227747 40.445778
v 1.203516 31.285858 40.479824
v 0.824800 31.227747 40.386051
v 0.822124 31.285858 40.420918
v 0.433532 31.227747 40.386051
v 0.436212 31.285858 40.420918
v 0.046852 31.227747 40.445778
v 0.054820 31.285858 40.479824
v -0.326180 31.227747 40.563831
v -0.313112 31.285858 40.596264
v -0.676824 31.227747 40.737446
v -0.658952 31.285858 40.767502
v -0.996852 31.227747 40.962547
v -0.974604 31.285858 40.989525
v -1.278768 31.227747 41.233864
v -1.252664 31.285858 41.257130
v -1.515964 31.227747 41.545036
v -1.486612 31.285858 41.564045
v -1.702880 31.227747 41.888767
v -1.670972 31.285858 41.903072
v -1.835136 31.227747 42.257008
v -1.801420 31.285858 42.266273
v -1.909632 31.227747 42.641117
v -1.874896 31.285860 42.645126
v -1.924620 31.227747 43.032097
v -1.889676 31.285860 43.030758
v -1.879748 31.227747 43.420784
v -1.845420 31.285860 43.414124
v -1.776068 31.227747 43.798065
v -1.743160 31.285860 43.786243
v -1.616016 31.227747 44.155094
v -1.585296 31.285860 44.138393
v -1.403336 31.227747 44.483513
v -1.375524 31.285860 44.462315
v -1.143016 31.227747 44.775616
v -1.118768 31.285860 44.750420
v -0.841156 31.227747 45.024559
v -0.821040 31.285860 44.995956
v -0.504836 31.227747 45.224503
v -0.489320 31.285860 45.193165
v -0.141932 31.227747 45.370766
v -0.131384 31.285860 45.337429
v 0.239040 31.227747 45.459919
v 0.244380 31.285860 45.425362
v 0.629168 31.506792 43.439491
v 0.706300 31.506792 43.433571
v 0.781620 31.506792 43.415943
v 0.853372 31.506792 43.387028
v 0.919864 31.506792 43.347496
v 0.979544 31.506792 43.298279
v 1.031012 31.506792 43.240524
v 1.073064 31.506792 43.175594
v 1.104708 31.506792 43.105003
v 1.125204 31.506792 43.030411
v 1.134076 31.506792 42.953564
v 1.131116 31.506792 42.876263
v 1.116388 31.506792 42.800320
v 1.090240 31.506792 42.727516
v 1.053284 31.506792 42.659557
v 1.006388 31.506790 42.598034
v 0.950648 31.506790 42.544392
v 0.887376 31.506790 42.499886
v 0.818048 31.506790 42.465561
v 0.744296 31.506790 42.442223
v 0.667848 31.506790 42.430412
v 0.590488 31.506790 42.430412
v 0.514036 31.506790 42.442223
v 0.440284 31.506790 42.465561
v 0.370960 31.506790 42.499886
v 0.307688 31.506790 42.544392
v 0.251948 31.506790 42.598034
v 0.205052 31.506792 42.659557
v 0.168096 31.506792 42.727516
v 0.141948 31.506792 42.800320
v 0.127220 31.506792 42.876263
v 0.124256 31.506792 42.953564
v 0.133128 31.506792 43.030411
v 0.153628 31.506792 43.105003
v 0.185272 31.506792 43.175594
v 0.227320 31.506792 43.240524
v 0.278788 31.506792 43.298275
v 0.338468 31.506792 43.347496
v 0.404964 31.506792 43.387028
v 0.476712 31.506792 43.415943
v 0.552036 31.506792 43.433571
v 0.629168 32.111156 43.439491
v 0.706300 32.111156 43.433571
v 0.781620 32.111156 43.415943
v 0.853372 32.111156 43.387028
v 0.919864 32.111156 43.347496
v 0.979544 32.111156 43.298279
v 1.031012 32.111156 43.240524
v 1.073064 32.111156 43.175594
v 1.104708 32.111156 43.105003
v 1.125204 32.111156 43.030411
v 1.134076 32.111156 42.953564
v 1.131116 32.111156 42.876263
v 1.116388 32.111156 42.800320
v 1.090240 32.111156 42.727516
v 1.053284 32.111156 42.659557
v 1.006388 32.111156 42.598034
v 0.950648 32.111156 42.544392
v 0.887376 32.111156 42.499886
v 0.818048 32.111156 42.465561
v 0.744296 32.111156 42.442223
v 0.667848 32.111156 42.430412
v 0.590488 32.111156 42.430412
v 0.514036 32.111156 42.442223
v 0.440284 32.111156 42.465561
v 0.370960 32.111156 42.499886
v 0.307688 32.111156 42.544392
v 0.251948 32.111156 42.598034
v 0.205052 32.111156 42.659557
v 0.168096 32.111156 42.727516
v 0.141948 32.111156 42.800320
v 0.127220 32.111156 42.876263
v 0.124256 32.111156 42.953564
v 0.133128 32.111156 43.030411
v 0.153628 32.111156 43.105003
v 0.185272 32.111156 43.175594
v 0.227320 32.111156 43.240524
v 0.278788 32.111156 43.298275
v 0.338468 32.111156 43.347496
v 0.404964 32.111156 43.387028
v 0.476712 32.111156 43.415943
v 0.552036 32.111156 43.433571
v 1.054664 31.457535 36.518723
v 1.131980 31.457535 36.518723
v 1.131980 31.383310 36.518723
v 1.054664 31.383310 36.518723
v 1.054664 31.457535 41.843903
v 1.131980 31.457535 41.864536
v 1.131980 31.383310 41.864536
v 1.054664 31.383310 41.843903
v 0.643364 31.457535 42.557884
v 0.711364 31.457535 42.596409
v 0.711364 31.383310 42.596409
v 0.643364 31.383310 42.557884
v 0.231104 31.457535 36.518723
v 0.231104 31.457535 41.843903
v 0.153788 31.457535 41.864536
v 0.153788 31.383310 41.864536
v 0.153788 31.383310 36.518723
v 0.231104 31.383310 41.843903
v 0.574404 31.457535 42.596409
v 0.574404 31.383310 42.596409
v 0.643364 31.457535 42.557884
v 0.643364 31.383310 42.557884
v 0.643364 31.383310 42.557884
v 0.643364 31.457535 42.557884
v 0.643364 31.457535 42.557884
v 0.643364 31.383310 42.557884
v 0.231104 31.383310 41.843903
v 0.574404 31.383310 42.596409
v 1.054664 31.457535 36.665386
v 1.054664 31.457535 41.697235
v 1.131980 31.457535 41.716301
v 1.131980 31.457535 36.666958
v 1.054664 31.383310 36.665386
v 0.231104 31.457535 41.697235
v 0.231104 31.457535 36.665386
v 0.153788 31.457535 36.666958
v 0.153788 31.457535 41.716301
v 0.153788 31.383310 41.716301
v 0.231104 31.383310 36.665386
v 1.054664 31.457535 37.437054
v 1.054664 31.457535 37.526184
v 1.131980 31.457535 37.536980
v 1.131980 31.457535 37.446892
v 1.054664 31.383310 37.526184
v 1.054664 31.383310 37.437054
v 0.231104 31.457535 37.526184
v 0.231104 31.457535 37.437054
v 0.153788 31.457535 37.446892
v 0.153788 31.457535 37.536980
v 0.153788 31.383310 37.446892
v 0.231104 31.383310 37.437054
v 0.231104 31.383310 37.526184
v 1.054664 32.046169 36.518723
v 1.131980 32.046169 36.518723
v 1.131980 31.971947 36.518723
v 1.054664 31.971947 36.518723
v 1.054664 32.046173 41.843903
v 1.131980 32.046173 41.864536
v 1.131980 31.971947 41.864536
v 1.054664 31.971947 41.843903
v 0.643368 32.046173 42.557884
v 0.711364 32.046173 42.596409
v 0.711364 31.971947 42.596409
v 0.643368 31.971947 42.557884
v 0.231104 32.046169 36.518723
v 0.231104 32.046173 41.843903
v 0.153788 32.046173 41.864536
v 0.153788 32.046169 36.518723
v 0.153788 31.971947 41.864536
v 0.231104 31.971947 41.843903
v 0.231104 31.971947 36.518723
v 0.574404 32.046173 42.596409
v 0.574404 31.971947 42.596409
v 0.643368 32.046173 42.557884
v 0.643368 31.971947 42.557884
v 0.643368 31.971947 42.557884
v 0.643368 32.046173 42.557884
v 0.643368 32.046173 42.557884
v 0.643368 31.971947 42.557884
v 0.231104 31.971947 41.843903
v 0.574404 31.971947 42.596409
v 1.054664 32.046169 36.665386
v 1.131980 31.971947 41.716301
v 1.131980 31.971947 36.666958
v 1.054664 31.971947 41.697235
v 1.054664 31.971947 36.665386
v 0.231104 32.046169 36.665386
v 0.153788 32.046169 36.666958
v 0.153788 31.971947 36.666958
v 0.153788 31.971947 41.716301
v 0.231104 31.971947 36.665386
v 0.231104 31.971947 41.697235
v 1.054664 32.046169 37.437054
v 1.054664 32.046169 37.526184
v 1.131980 32.046169 37.536980
v 1.131980 32.046169 37.446892
v 1.131980 31.971947 37.536980
v 1.131980 31.971947 37.446892
v 1.054664 31.971947 37.526184
v 1.054664 31.971947 37.437054
v 0.231104 32.046169 37.526184
v 0.231104 32.046169 37.437054
v 0.153788 32.046169 37.536980
v 0.153788 31.971947 37.446892
v 0.153788 31.971947 37.536980
v 0.231104 31.971947 37.437054
v 0.231104 31.971947 37.526184
v 0.629168 31.263359 43.970772
v 0.787396 31.263359 43.958626
v 0.941920 31.263359 43.922466
v 1.089112 31.263359 43.863144
v 1.225520 31.263359 43.782047
v 1.347952 31.263359 43.681076
v 1.453540 31.263359 43.562603
v 1.539800 31.263359 43.429398
v 1.604720 31.263359 43.284588
v 1.646768 31.263359 43.131561
v 1.664968 31.263359 42.973915
v 1.658892 31.263359 42.815334
v 1.628676 31.263359 42.659546
v 1.575036 31.263359 42.510185
v 1.499224 31.263359 42.370770
v 1.403016 31.263359 42.244560
v 1.288672 31.263359 42.134514
v 1.158868 31.263359 42.043213
v 1.016652 31.263359 41.972797
v 0.865352 31.263359 41.924915
v 0.708516 31.263359 41.900688
v 0.549820 31.263359 41.900688
v 0.392984 31.263359 41.924915
v 0.241684 31.263359 41.972797
v 0.099464 31.263359 42.043213
v -0.030336 31.263359 42.134514
v -0.144684 31.263359 42.244560
v -0.240888 31.263359 42.370770
v -0.316700 31.263359 42.510185
v -0.370344 31.263359 42.659538
v -0.400556 31.263359 42.815334
v -0.406636 31.263359 42.973911
v -0.388436 31.263359 43.131561
v -0.346384 31.263359 43.284584
v -0.281468 31.263359 43.429398
v -0.195204 31.263359 43.562599
v -0.089620 31.263359 43.681076
v 0.032812 31.263359 43.782043
v 0.169220 31.263359 43.863140
v 0.316412 31.263359 43.922466
v 0.470936 31.263359 43.958626
v 0.629168 31.637508 43.970772
v 0.787396 31.637508 43.958626
v 0.941920 31.637508 43.922466
v 1.089112 31.637508 43.863144
v 1.225520 31.637508 43.782047
v 1.347952 31.637508 43.681076
v 1.453540 31.637508 43.562603
v 1.539800 31.637508 43.429398
v 1.604720 31.637508 43.284588
v 1.646768 31.637508 43.131561
v 1.664968 31.637508 42.973915
v 1.658892 31.637508 42.815334
v 1.628676 31.637508 42.659546
v 1.575036 31.637506 42.510185
v 1.499224 31.637506 42.370770
v 1.403016 31.637506 42.244560
v 1.288672 31.637506 42.134514
v 1.158868 31.637506 42.043213
v 1.016652 31.637506 41.972797
v 0.865352 31.637506 41.924915
v 0.708516 31.637506 41.900688
v 0.549820 31.637506 41.900688
v 0.392984 31.637506 41.924915
v 0.241684 31.637506 41.972797
v 0.099464 31.637506 42.043213
v -0.030336 31.637506 42.134514
v -0.144684 31.637506 42.244560
v -0.240888 31.637506 42.370770
v -0.316700 31.637506 42.510185
v -0.370344 31.637508 42.659538
v -0.400556 31.637508 42.815334
v -0.406636 31.637508 42.973911
v -0.388436 31.637508 43.131561
v -0.346384 31.637508 43.284584
v -0.281468 31.637508 43.429398
v -0.195204 31.637508 43.562599
v -0.089620 31.637508 43.681076
v 0.032812 31.637508 43.782043
v 0.169220 31.637508 43.863140
v 0.316412 31.637508 43.922466
v 0.470936 31.637508 43.958626
v 1.131980 31.457535 39.660805
v 1.131980 31.457535 39.592472
v 0.231104 31.457535 39.645809
v 0.231104 31.457535 39.577614
v 1.054664 31.457535 39.577614
v 1.054664 31.457535 39.645809
v 0.153788 31.457535 39.592476
v 0.153788 31.457535 39.660805
v 0.153788 31.383310 39.660805
v 1.131980 32.046173 39.660805
v 1.131980 32.046173 39.592476
v 1.131980 31.971947 39.660805
v 1.131980 31.971947 39.592476
v 1.054664 31.971947 39.645809
v 1.054664 31.971947 39.577614
v 0.231104 32.046173 39.645809
v 0.153788 32.046173 39.592476
v 0.153788 31.971947 39.592476
v 0.153788 31.971947 39.660805
v 0.231104 31.971947 39.577614
v 0.231104 31.971947 39.645809
v 1.070548 31.529207 38.257191
v 1.070548 31.529207 36.077595
v 1.070548 31.896255 36.444645
v 1.070548 31.896255 38.257191
v 0.915260 31.836363 38.197296
v 0.915256 31.836363 36.384750
v 0.374220 31.836363 36.384750
v 0.374220 31.836363 38.197296
v 0.218928 31.896255 38.257191
v 0.218928 31.896255 36.444645
v 0.218928 31.529207 36.077595
v 0.218928 31.529207 38.257191
v 0.374220 31.589100 38.197296
v 0.374220 31.589098 36.137489
v 0.915256 31.589098 36.137489
v 0.915260 31.589100 38.197296
v 1.070548 34.433079 36.077595
v 1.070548 34.267723 36.444645
v 0.915256 34.302505 36.367416
v 0.374220 34.302517 36.367416
v 0.218928 34.267723 36.444645
v 0.218928 34.433079 36.077595
v 0.374220 34.398281 36.154819
v 0.915256 34.398293 36.154827
v 1.070548 36.072712 37.931091
v 1.070548 35.907356 38.298138
v 0.915260 35.942142 38.220909
v 0.374220 35.942142 38.220909
v 0.218928 35.907356 38.298138
v 0.218928 36.072712 37.931091
v 0.374220 36.037926 38.008320
v 0.915260 36.037914 38.008316
v 1.070548 37.487091 37.931091
v 1.070548 37.487091 38.298138
v 0.915260 37.331799 38.213436
v 0.374220 37.331799 38.213436
v 0.218928 37.487091 38.298138
v 0.218928 37.487091 37.931091
v 0.374220 37.331799 38.015793
v 0.915260 37.331799 38.015793
v 0.915260 31.529207 38.257191
v 0.915256 31.529207 36.077595
v 0.915260 31.896255 38.257191
v 0.915256 31.896255 36.444645
v 0.915256 34.267723 36.444645
v 0.915260 35.907356 38.298138
v 0.915260 37.331799 38.298138
v 0.374220 37.331799 38.298138
v 0.374220 35.907356 38.298138
v 0.374220 34.267723 36.444645
v 0.374220 31.896255 36.444645
v 0.374220 31.896255 38.257191
v 0.374220 31.529207 38.257191
v 0.374220 31.529207 36.077595
v 0.374220 34.433079 36.077595
v 0.374220 36.072712 37.931091
v 0.374220 37.331799 37.931091
v 0.915260 37.331799 37.931091
v 0.915260 36.072712 37.931091
v 0.915256 34.433079 36.077595
s 1
usemtl itu_metal
f 9711 9713 9608 9606
f 9491 9490 9449 9450
f 9590 9574 9573 9589
f 9494 9493 9452 9453
f 9685 9684 9643 9644
f 9596 9714 9712 9594
f 9488 9487 9446 9447
f 9477 9476 9435 9436
f 9490 9489 9448 9449
f 9510 9509 9468 9469
f 9504 9503 9462 9463
f 9530 9520 9525 9526
f 9595 9597 9540 9543
f 9600 9615 9599 9579
f 9562 9558 9551 9556
f 9582 9602 9546 9524
f 9663 9662 9621 9622
f 9678 9677 9636 9637
f 9681 9680 9639 9640
f 9692 9691 9650 9651
f 9718 9717 9614 9616
f 9705 9702 9553 9552
f 9720 9718 9616 9618
f 9737 9726 9729 9734
f 9763 9781 9738 9723
f 9484 9483 9442 9443
f 9498 9497 9456 9457
f 9502 9501 9460 9461
f 9506 9505 9464 9465
f 9558 9562 9550 9546
f 9662 9661 9620 9621
f 9617 9615 9600 9602
f 9570 9571 9516 9517
f 9675 9674 9633 9634
f 9669 9668 9627 9628
f 9601 9603 9545 9548
f 9674 9673 9632 9633
f 9700 9699 9658 9659
f 9661 9660 9619 9620
f 9715 9713 9702 9705
f 9778 9777 9751 9759 9754 9746 9780 9779
f 9773 9772 9731 9730
f 9473 9472 9431 9432
f 9476 9475 9434 9435
f 9480 9479 9438 9439
f 9483 9482 9441 9442
f 9471 9511 9470 9430
f 9497 9496 9455 9456
f 9668 9667 9626 9627
f 9708 9709 9549 9548
f 9511 9510 9469 9470
f 9727 9740 9741 9728
f 9576 9598 9593 9564
f 9519 9537 9536 9516
f 9500 9499 9458 9459
f 9524 9512 9514 9515 9528 9579 9576 9564 9565 9566 9513 9567 9582
f 9703 9545 9603 9577 9581 9525 9529 9563 9557 9704 9720 9618 9612 9716 9721
f 9611 9609 9554 9551
f 9672 9671 9630 9631
f 9610 9611 9551 9552
f 9557 9563 9555 9552
f 9558 9557 9552 9551
f 9569 9573 9574 9570
f 9584 9583 9578 9580
f 9664 9663 9622 9623
f 9595 9609 9611 9597
f 9611 9604 9593 9597
f 9721 9716 9577 9603
f 9608 9610 9552 9553
f 9597 9567 9512 9540
f 9615 9617 9558 9559
f 9617 9618 9557 9558
f 9602 9600 9547 9546
f 9680 9679 9638 9639
f 9667 9666 9625 9626
f 9665 9664 9623 9624
f 9666 9665 9624 9625
f 9670 9669 9628 9629
f 9676 9675 9634 9635
f 9673 9672 9631 9632
f 9686 9685 9644 9645
f 9683 9682 9641 9642
f 9688 9687 9646 9647
f 9687 9686 9645 9646
f 9689 9688 9647 9648
f 9696 9695 9654 9655
f 9694 9693 9652 9653
f 9698 9697 9656 9657
f 9660 9700 9659 9619
f 9475 9474 9433 9434
f 9712 9714 9706 9701
f 9744 9752 9753 9745
f 9734 9735 9736 9737
f 9740 9748 9749 9741
f 9762 9763 9723 9722
f 9759 9758 9755 9754
f 9767 9766 9739 9747
f 9765 9764 9725 9724
f 9771 9770 9750 9742
f 9474 9473 9432 9433
f 9757 9756 9768 9769
f 9781 9780 9746 9738
f 9531 9530 9526 9527
f 9472 9471 9430 9431
f 9479 9478 9437 9438
f 9777 9776 9743 9751
f 9482 9481 9440 9441
f 9481 9480 9439 9440
f 9485 9484 9443 9444
f 9503 9502 9461 9462
f 9489 9488 9447 9448
f 9487 9486 9445 9446
f 9496 9495 9454 9455
f 9508 9507 9466 9467
f 9501 9500 9459 9460
f 9493 9492 9451 9452
f 9505 9504 9463 9464
f 9495 9494 9453 9454
f 9571 9590 9589 9568
f 9441 9440 9439 9438 9437 9436 9435 9434 9433 9432 9431 9430 9470 9469 9468 9467 9466 9465 9464 9463 9462 9461 9460 9459 9458 9457 9456 9455 9454 9453 9452 9451 9450 9449 9448 9447 9446 9445 9444 9443 9442
f 9496 9497 9498 9499 9500 9501 9502 9503 9504 9505 9506 9507 9508 9509 9510 9511 9471 9472 9473 9474 9475 9476 9477 9478 9479 9480 9481 9482 9483 9484 9485 9486 9487 9488 9489 9490 9491 9492 9493 9494 9495
f 9499 9498 9457 9458
f 9517 9521 9522 9518
f 9537 9522 9521 9536
f 9512 9567 9513 9514
f 9509 9508 9467 9468
f 9533 9538 9532
f 9525 9520 9529
f 9530 9531 9520
f 9539 9535 9534
f 9518 9522 9537 9519 9555 9563 9529 9523 9531 9527 9549 9709 9561 9562 9556 9544 9515 9514
f 9516 9571 9541 9706 9714 9715 9705 9552 9555 9519
f 9551 9554 9543 9540
f 9607 9606 9608 9553 9702 9713 9711 9710 9712 9701 9542 9594 9517 9518 9514 9513 9566 9543 9554 9609 9595
f 9528 9515 9544 9550 9562 9561
f 9516 9536 9521 9517
f 9547 9559 9558 9546
f 9546 9550 9544 9540
f 9524 9546 9540 9512
f 9586 9591 9585
f 9577 9572 9581
f 9583 9584 9572
f 9592 9588 9587
f 9712 9710 9569 9570 9517 9594
f 9565 9564 9593 9604 9613 9598 9576 9579 9599 9614 9717 9578 9583 9572 9577 9716 9612 9605 9568 9589 9573 9569 9710 9711 9606 9607
f 9601 9548 9549 9527 9526 9580 9578 9717 9718 9707 9560 9616 9614 9599 9615 9559 9547 9600 9579 9528 9561 9709 9708 9719
f 9605 9610 9715 9714 9596 9541 9571 9568
f 9570 9574 9590 9571
f 9617 9613 9604 9611
f 9575 9584 9580 9581
f 9613 9617 9602 9598
f 9612 9618 9610 9605
f 9618 9617 9611 9610
f 9602 9582 9567 9597
f 9598 9602 9597 9593
f 9618 9616 9560 9557
f 9565 9607 9595 9543 9566
f 9581 9580 9526 9525
f 9679 9678 9637 9638
f 9596 9594 9542 9541
f 9671 9670 9629 9630
f 9691 9690 9649 9650
f 9693 9692 9651 9652
f 9677 9676 9635 9636
f 9682 9681 9640 9641
f 9684 9683 9642 9643
f 9690 9689 9648 9649
f 9699 9698 9657 9658
f 9695 9694 9653 9654
f 9492 9491 9450 9451
f 9691 9692 9693 9694 9695 9696 9697 9698 9699 9700 9660 9661 9662 9663 9664 9665 9666 9667 9668 9669 9670 9671 9672 9673 9674 9675 9676 9677 9678 9679 9680 9681 9682 9683 9684 9685 9686 9687 9688 9689 9690
f 9545 9703 9708 9548
f 9560 9707 9704 9557
f 9507 9506 9465 9466
f 9608 9713 9715 9610
f 9719 9721 9603 9601
f 9726 9727 9728 9729
f 9556 9551 9540 9544
f 9722 9723 9738 9746 9754 9755 9747 9739 9724 9725
f 9748 9756 9757 9749
f 9721 9719 9708 9703
f 9478 9477 9436 9437
f 9730 9731 9742 9750 9758 9759 9751 9743 9732 9733
f 9735 9744 9745 9736
f 9766 9765 9724 9739
f 9752 9760 9761 9753
f 9718 9720 9704 9707
f 9764 9762 9722 9725
f 9768 9767 9747 9755 9758 9750 9770 9769
f 9772 9771 9742 9731
f 9486 9485 9444 9445
f 9774 9773 9730 9733
f 9776 9775 9732 9743
f 9775 9774 9733 9732
f 9761 9760 9778 9779
f 9741 9749 9757 9769 9770 9771 9772 9773 9774 9775 9776 9777 9778 9760 9752 9744 9735 9734 9729 9728
f 9701 9706 9541 9542
f 9748 9740 9727 9726 9737 9736 9745 9753 9761 9779 9780 9781 9763 9762 9764 9765 9766 9767 9768 9756
f 9697 9696 9655 9656
f 9210 9209 9249 9250
f 9222 9221 9261 9262
f 9199 9198 9238 9239
f 9273 9272 9274 9275
f 9188 9352 9350 9187
f 9398 9399 9397 9396
f 9348 9349 9429 9428
f 9351 9353 9355 9357 9359 9361 9363 9365 9367 9369 9371 9373 9375 9377 9379 9381 9383 9385 9387 9389 9391 9393 9395 9397 9399 9401 9403 9405 9407 9409 9411 9413 9415 9417 9419 9421 9423 9425 9427 9429 9349
f 9252 9319 9321 9253
f 9295 9294 9296 9297
f 9257 9329 9331 9258
f 9337 9336 9338 9339
f 9372 9373 9371 9370
f 9205 9386 9384 9204
f 9208 9392 9390 9207
f 9313 9312 9314 9315
f 9350 9351 9349 9348
f 9223 9422 9420 9222
f 9420 9421 9419 9418
f 9204 9203 9243 9244
f 9356 9357 9355 9354
f 9219 9218 9258 9259
f 9412 9413 9411 9410
f 9281 9280 9282 9283
f 9231 9277 9279 9232
f 9200 9376 9374 9199
f 9297 9296 9298 9299
f 9195 9366 9364 9194
f 9216 9215 9255 9256
f 9193 9362 9360 9192
f 9386 9387 9385 9384
f 9212 9211 9251 9252
f 9213 9402 9400 9212
f 9382 9383 9381 9380
f 9211 9210 9250 9251
f 9245 9305 9307 9246
f 9204 9384 9382 9203
f 9390 9391 9389 9388
f 9262 9339 9341 9263
f 9197 9196 9236 9237
f 9251 9317 9319 9252
f 9214 9404 9402 9213
f 9192 9191 9231 9232
f 9253 9321 9323 9254
f 9217 9410 9408 9216
f 9422 9423 9421 9420
f 9408 9409 9407 9406
f 9241 9297 9299 9242
f 9189 9188 9228 9229
f 9218 9217 9257 9258
f 9426 9427 9425 9424
f 9226 9225 9265 9185
f 9418 9419 9417 9416
f 9352 9353 9351 9350
f 9345 9344 9347 9346
f 9195 9194 9234 9235
f 9187 9186 9184 9227
f 9201 9200 9240 9241
f 9225 9224 9264 9265
f 9227 9269 9271 9228
f 9275 9274 9276 9277
f 9358 9359 9357 9356
f 9354 9355 9353 9352
f 9206 9205 9245 9246
f 9196 9195 9235 9236
f 9277 9276 9278 9279
f 9206 9388 9386 9205
f 9197 9370 9368 9196
f 9232 9279 9281 9233
f 9192 9360 9358 9191
f 9188 9187 9227 9228
f 9233 9281 9283 9234
f 9201 9378 9376 9200
f 9307 9306 9308 9309
f 9203 9382 9380 9202
f 9198 9372 9370 9197
f 9364 9365 9363 9362
f 9199 9374 9372 9198
f 9198 9197 9237 9238
f 9237 9289 9291 9238
f 9202 9380 9378 9201
f 9301 9300 9302 9303
f 9243 9301 9303 9244
f 9309 9308 9310 9311
f 9392 9393 9391 9390
f 9394 9395 9393 9392
f 9215 9214 9254 9255
f 9250 9315 9317 9251
f 9396 9397 9395 9394
f 9210 9396 9394 9209
f 9315 9314 9316 9317
f 9211 9398 9396 9210
f 9317 9316 9318 9319
f 9215 9406 9404 9214
f 9217 9216 9256 9257
f 9214 9213 9253 9254
f 9256 9327 9329 9257
f 9203 9202 9242 9243
f 9258 9331 9333 9259
f 9269 9268 9270 9271
f 9222 9420 9418 9221
f 9410 9411 9409 9408
f 9228 9271 9273 9229
f 9388 9389 9387 9386
f 9333 9332 9334 9335
f 9224 9424 9422 9223
f 9218 9412 9410 9217
f 9335 9334 9336 9337
f 9226 9428 9426 9225
f 9266 9267 9268 9269
f 9267 9347 9344 9342 9340 9338 9336 9334 9332 9330 9328 9326 9324 9322 9320 9318 9316 9314 9312 9310 9308 9306 9304 9302 9300 9298 9296 9294 9292 9290 9288 9286 9284 9282 9280 9278 9276 9274 9272 9270 9268
f 9186 9348 9428 9226
f 9343 9342 9344 9345
f 9205 9204 9244 9245
f 9346 9347 9267 9266
f 9225 9426 9424 9224
f 9428 9429 9427 9426
f 9208 9207 9247 9248
f 9271 9270 9272 9273
f 9224 9223 9263 9264
f 9186 9226 9185 9184
f 9191 9190 9230 9231
f 9184 9266 9269 9227
f 9191 9358 9356 9190
f 9283 9282 9284 9285
f 9279 9278 9280 9281
f 9230 9275 9277 9231
f 9189 9354 9352 9188
f 9190 9356 9354 9189
f 9229 9273 9275 9230
f 9209 9208 9248 9249
f 9196 9368 9366 9195
f 9368 9369 9367 9366
f 9366 9367 9365 9364
f 9190 9189 9229 9230
f 9234 9283 9285 9235
f 9370 9371 9369 9368
f 9207 9206 9246 9247
f 9287 9286 9288 9289
f 9376 9377 9375 9374
f 9194 9364 9362 9193
f 9289 9288 9290 9291
f 9374 9375 9373 9372
f 9235 9285 9287 9236
f 9291 9290 9292 9293
f 9236 9287 9289 9237
f 9293 9292 9294 9295
f 9238 9291 9293 9239
f 9380 9381 9379 9378
f 9303 9302 9304 9305
f 9244 9303 9305 9245
f 9305 9304 9306 9307
f 9299 9298 9300 9301
f 9193 9192 9232 9233
f 9246 9307 9309 9247
f 9209 9394 9392 9208
f 9200 9199 9239 9240
f 9240 9295 9297 9241
f 9384 9385 9383 9382
f 9247 9309 9311 9248
f 9239 9293 9295 9240
f 9207 9390 9388 9206
f 9311 9310 9312 9313
f 9249 9313 9315 9250
f 9213 9212 9252 9253
f 9248 9311 9313 9249
f 9212 9400 9398 9211
f 9254 9323 9325 9255
f 9378 9379 9377 9376
f 9400 9401 9399 9398
f 9319 9318 9320 9321
f 9216 9408 9406 9215
f 9202 9201 9241 9242
f 9321 9320 9322 9323
f 9402 9403 9401 9400
f 9404 9405 9403 9402
f 9187 9350 9348 9186
f 9255 9325 9327 9256
f 9360 9361 9359 9358
f 9648 9647 9646 9645 9644 9643 9642 9641 9640 9639 9638 9637 9636 9635 9634 9633 9632 9631 9630 9629 9628 9627 9626 9625 9624 9623 9622 9621 9620 9619 9659 9658 9657 9656 9655 9654 9653 9652 9651 9650 9649
f 9323 9322 9324 9325
f 9220 9416 9414 9219
f 9406 9407 9405 9404
f 9325 9324 9326 9327
f 9259 9333 9335 9260
f 9219 9414 9412 9218
f 9260 9335 9337 9261
f 9327 9326 9328 9329
f 9285 9284 9286 9287
f 9221 9418 9416 9220
f 9261 9337 9339 9262
f 9329 9328 9330 9331
f 9242 9299 9301 9243
f 9331 9330 9332 9333
f 9263 9341 9343 9264
f 9220 9219 9259 9260
f 9414 9415 9413 9412
f 9416 9417 9415 9414
f 9185 9346 9266 9184
f 9221 9220 9260 9261
f 9265 9345 9346 9185
f 9264 9343 9345 9265
f 9339 9338 9340 9341
f 9194 9193 9233 9234
f 9223 9222 9262 9263
f 9341 9340 9342 9343
f 9424 9425 9423 9422
f 9362 9363 9361 9360
o 02_-_Structure.001_Mesh.855
v -1.063556 29.985632 5.200016
v -2.025764 29.985632 5.200016
v -2.281496 29.985632 3.694649
v -0.807824 29.985632 3.694649
v 3.519584 35.530987 5.200016
v 3.519584 34.568775 5.200016
v 3.519584 34.313049 3.694648
v 3.519584 35.786716 3.694648
v -6.608908 34.568771 5.200016
v -6.608908 35.530979 5.200016
v -6.608908 35.786713 3.694648
v -6.608908 34.313042 3.694648
v -2.025768 40.114124 5.200016
v -1.063560 40.114124 5.200016
v -0.807832 40.114124 3.694648
v -2.281500 40.114124 3.694648
v -0.807824 30.214176 4.819212
v -2.025764 30.214176 5.200016
v -2.281496 30.214176 3.694649
v -0.807824 30.214176 3.694649
v 3.291040 35.786716 4.819212
v 3.291044 34.568775 5.200016
v 3.291044 34.313049 3.694648
v 3.291040 35.786716 3.694648
v -6.380368 34.313042 4.819212
v -6.380368 35.530979 5.200016
v -6.380368 35.786713 3.694648
v -6.380368 34.313042 3.694648
v -2.281500 39.885586 4.819211
v -1.063560 39.885586 5.200016
v -0.807832 39.885586 3.694648
v -2.281500 39.885586 3.694648
v -0.807824 29.985632 4.819212
v -2.281496 29.985632 4.819212
v 3.519584 35.786716 4.819212
v 3.519584 34.313049 4.819212
v -6.608908 34.313042 4.819212
v -6.608908 35.786713 4.819212
v -2.281500 40.114124 4.819211
v -0.807832 40.114124 4.819211
v -1.063556 30.214176 5.200016
v -2.281496 30.214176 4.819212
v 3.291040 35.530983 5.200016
v 3.291044 34.313049 4.819212
v -6.380368 34.568771 5.200016
v -6.380368 35.786713 4.819212
v -2.025768 39.885586 5.200016
v -0.807832 39.885586 4.819211
v -1.915516 30.042389 12.749444
v -1.173804 30.042389 12.749444
v 3.462828 34.679028 12.749444
v 3.462828 35.420742 12.749444
v -6.552152 35.420731 12.749444
v -6.552152 34.679020 12.749444
v -1.173808 40.057369 12.749444
v -1.915520 40.057369 12.749444
v -1.915516 30.157417 12.749444
v -1.173808 30.157417 12.749444
v 3.347800 34.679028 12.749444
v 3.347800 35.420742 12.749444
v -6.437124 35.420731 12.749444
v -6.437124 34.679020 12.749444
v -1.173808 39.942341 12.749444
v -1.915520 39.942341 12.749444
v -0.807824 30.214176 4.247624
v 3.291040 35.786716 4.247624
v -6.380368 34.313042 4.247624
v -2.281500 39.885586 4.247623
v -2.281496 30.214176 4.247624
v 2.985836 35.049881 4.247624
v 3.291044 34.313049 4.247624
v -6.075160 35.049877 4.247624
v -6.380368 35.786713 4.247624
v -0.807832 39.885586 4.247623
v -1.191072 35.403469 4.247624
v 2.749572 35.403473 4.247624
v 2.873956 35.703751 4.247624
v -0.890792 39.468498 4.247623
v -1.191076 39.344116 4.247623
v -1.898252 34.696289 4.247624
v -5.838900 34.696289 4.247624
v -5.963280 34.396004 4.247624
v -2.198532 30.631260 4.247624
v -1.898248 30.755644 4.247624
v -1.191072 30.755644 4.247624
v -0.890788 30.631260 4.247624
v 2.873956 34.396011 4.247624
v 2.749576 34.696293 4.247624
v -1.191072 34.696293 4.247624
v -1.898252 39.344116 4.247623
v -2.198536 39.468498 4.247623
v -5.963280 35.703747 4.247624
v -5.838900 35.403465 4.247624
v -1.898252 35.403469 4.247624
v -0.807824 30.214176 3.660868
v 3.291040 35.786716 3.660868
v -6.380368 34.313042 3.660868
v -2.281500 39.885586 3.660867
v -1.544660 30.519381 3.660868
v -2.281496 30.214176 3.660868
v 3.291044 34.313049 3.660868
v -6.075160 35.049877 3.660868
v -6.380368 35.786713 3.660868
v -0.807832 39.885586 3.660867
v -1.191072 35.403469 3.660868
v 2.749572 35.403473 3.660868
v 2.873956 35.703751 3.660868
v -0.890792 39.468498 3.660868
v -1.191076 39.344116 3.660868
v -1.898252 34.696289 3.660868
v -5.838900 34.696289 3.660868
v -5.963280 34.396004 3.660868
v -2.198532 30.631260 3.660868
v -1.898248 30.755644 3.660868
v -1.191072 30.755644 3.660868
v -0.890788 30.631260 3.660868
v 2.873956 34.396011 3.660868
v 2.749576 34.696293 3.660868
v -1.191072 34.696293 3.660868
v -1.898252 39.344116 3.660868
v -2.198536 39.468498 3.660868
v -5.963280 35.703747 3.660868
v -5.838900 35.403465 3.660868
v -1.898252 35.403469 3.660868
v -2.002456 30.131428 4.089964
v -1.086864 30.131428 4.089964
v 3.373788 34.592083 4.089964
v 3.373788 35.507679 4.089964
v -6.463112 35.507671 4.089964
v -6.463112 34.592079 4.089964
v -1.086868 39.968330 4.089963
v -2.002460 39.968330 4.089963
v -2.002456 30.486065 4.089964
v -1.086864 30.486065 4.089964
v 3.019156 34.592083 4.089964
v 3.019156 35.507675 4.089964
v -6.108480 35.507671 4.089964
v -6.108480 34.592079 4.089964
v -1.086868 39.613697 4.089963
v -2.002460 39.613697 4.089963
v -0.807824 30.214176 13.385780
v -2.281496 30.214176 13.385780
v 3.291040 35.786716 13.385780
v 3.291044 34.313049 13.385780
v -6.380368 34.313042 13.385780
v -6.380368 35.786713 13.385780
v -2.281500 39.885586 13.385780
v -0.807832 39.885586 13.385780
v 2.749572 35.403473 13.385780
v -1.191072 35.403469 13.385780
v 2.873956 35.703754 13.385780
v -0.890792 39.468498 13.385780
v -1.191076 39.344116 13.385780
v -5.838900 34.696289 13.385780
v -1.898252 34.696289 13.385780
v -5.963280 34.396004 13.385780
v -2.198532 30.631260 13.385780
v -1.898248 30.755646 13.385780
v -0.890788 30.631260 13.385780
v -1.191072 30.755646 13.385780
v 2.873956 34.396011 13.385780
v 2.749576 34.696293 13.385780
v -1.191072 34.696293 13.385780
v -2.198536 39.468498 13.385780
v -1.898252 39.344116 13.385780
v -5.963280 35.703751 13.385780
v -5.838900 35.403465 13.385780
v -1.898252 35.403469 13.385780
v -2.002456 30.131428 13.543440
v -1.086864 30.131428 13.543440
v 3.373788 34.592087 13.543440
v 3.373788 35.507683 13.543440
v -6.463112 35.507671 13.543440
v -6.463112 34.592079 13.543440
v -1.086868 39.968334 13.543440
v -2.002460 39.968334 13.543440
v -2.002456 30.486065 13.543440
v -1.086864 30.486065 13.543440
v 3.019156 34.592087 13.543440
v 3.019156 35.507675 13.543440
v -6.108480 35.507671 13.543440
v -6.108480 34.592079 13.543440
v -1.086868 39.613697 13.543440
v -2.002460 39.613697 13.543440
v -2.281496 29.985634 23.683483
v -0.807824 29.985634 23.683483
v -0.807824 29.985634 22.558924
v -1.063556 29.985634 22.178116
v -2.025764 29.985634 22.178116
v -2.281496 29.985634 22.558924
v 3.519584 34.313049 23.683483
v 3.519584 35.786716 23.683483
v 3.519584 35.786716 22.558924
v 3.519584 35.530991 22.178116
v 3.519584 34.568779 22.178116
v 3.519584 34.313049 22.558924
v -6.608908 35.786713 23.683483
v -6.608908 34.313042 23.683483
v -6.608908 34.313042 22.558924
v -6.608908 34.568775 22.178116
v -6.608908 35.530983 22.178116
v -6.608908 35.786713 22.558924
v -0.807832 40.114124 23.683483
v -2.281500 40.114124 23.683483
v -2.281500 40.114124 22.558924
v -2.025768 40.114124 22.178116
v -1.063560 40.114124 22.178116
v -0.807832 40.114124 22.558924
v -1.063556 30.214178 22.178116
v -0.807824 30.214178 22.558924
v -0.807824 30.214178 23.683483
v -2.281496 30.214178 23.683483
v -2.281496 30.214178 22.558924
v -2.025764 30.214178 22.178116
v 3.291040 35.530987 22.178116
v 3.291040 35.786716 22.558924
v 3.291040 35.786716 23.683483
v 3.291044 34.313049 23.683483
v 3.291044 34.313049 22.558924
v 3.291044 34.568779 22.178116
v -6.380368 34.568775 22.178116
v -6.380368 34.313042 22.558924
v -6.380368 34.313042 23.683483
v -6.380368 35.786713 23.683483
v -6.380368 35.786713 22.558924
v -6.380368 35.530983 22.178116
v -2.025768 39.885586 22.178116
v -2.281500 39.885586 22.558924
v -2.281500 39.885586 23.683483
v -0.807832 39.885586 23.683483
v -0.807832 39.885586 22.558924
v -1.063560 39.885586 22.178116
v -1.915516 30.042389 14.628692
v -1.173804 30.042389 14.628692
v 3.462828 34.679028 14.628692
v 3.462828 35.420742 14.628692
v -6.552152 35.420731 14.628692
v -6.552152 34.679020 14.628692
v -1.173808 40.057369 14.628692
v -1.915520 40.057369 14.628692
v -1.915516 30.157417 14.628692
v -1.173808 30.157417 14.628692
v 3.347800 34.679028 14.628692
v 3.347800 35.420742 14.628692
v -6.437124 35.420731 14.628692
v -6.437124 34.679020 14.628692
v -1.173808 39.942341 14.628692
v -1.915520 39.942341 14.628692
v -0.807824 30.214178 23.130508
v -2.281496 30.214178 23.130508
v 3.291040 35.786716 23.130508
v 2.985836 35.049881 23.130508
v 3.291044 34.313049 23.130508
v -6.380368 34.313042 23.130508
v -6.380368 35.786713 23.130508
v -2.281500 39.885586 23.130508
v -0.807832 39.885586 23.130508
v 2.749572 35.403473 23.130508
v -1.191072 35.403469 23.130508
v 2.873956 35.703754 23.130508
v -0.890792 39.468498 23.130508
v -1.191076 39.344116 23.130508
v -5.838900 34.696289 23.130508
v -1.898252 34.696289 23.130508
v -5.963280 34.396008 23.130508
v -2.198532 30.631262 23.130508
v -1.898248 30.755646 23.130508
v -0.890788 30.631262 23.130508
v -1.191072 30.755646 23.130508
v 2.873956 34.396015 23.130508
v 2.749576 34.696293 23.130508
v -1.191072 34.696293 23.130508
v -2.198536 39.468498 23.130508
v -1.898252 39.344116 23.130508
v -5.963280 35.703751 23.130508
v -5.838900 35.403465 23.130508
v -1.898252 35.403469 23.130508
v -2.281496 30.214178 23.717268
v -1.544660 30.519382 23.717268
v -0.807824 30.214178 23.717268
v 3.291044 34.313049 23.717268
v 2.985836 35.049881 23.717268
v 3.291040 35.786716 23.717268
v -6.380368 35.786713 23.717268
v -6.380368 34.313042 23.717268
v -0.807832 39.885586 23.717268
v -2.281500 39.885586 23.717268
v 2.749572 35.403473 23.717268
v -1.544664 35.049881 23.717268
v -1.191072 35.403469 23.717268
v 2.873956 35.703754 23.717268
v -0.890792 39.468498 23.717268
v -1.191076 39.344116 23.717268
v -5.838900 34.696289 23.717268
v -1.898252 34.696289 23.717268
v -5.963280 34.396008 23.717268
v -2.198532 30.631262 23.717268
v -1.898248 30.755646 23.717268
v -0.890788 30.631262 23.717268
v -1.191072 30.755646 23.717268
v 2.873956 34.396015 23.717268
v 2.749576 34.696293 23.717268
v -1.191072 34.696293 23.717268
v -2.198536 39.468498 23.717268
v -1.898252 39.344116 23.717268
v -5.963280 35.703751 23.717268
v -5.838900 35.403465 23.717268
v -1.898252 35.403469 23.717268
v -2.002456 30.131430 23.288168
v -1.086864 30.131430 23.288168
v 3.373788 34.592087 23.288168
v 3.373788 35.507683 23.288168
v -6.463112 35.507675 23.288168
v -6.463112 34.592083 23.288168
v -1.086868 39.968334 23.288168
v -2.002460 39.968334 23.288168
v -2.002456 30.486065 23.288168
v -1.086864 30.486065 23.288168
v 3.019156 34.592087 23.288168
v 3.019156 35.507679 23.288168
v -6.108480 35.507675 23.288168
v -6.108480 34.592083 23.288168
v -1.086868 39.613697 23.288168
v -2.002460 39.613697 23.288168
v -0.807824 30.214176 13.992352
v -2.281496 30.214176 13.992352
v 3.291040 35.786716 13.992352
v 3.291044 34.313049 13.992352
v 2.985836 35.049881 13.992352
v -6.380368 34.313042 13.992352
v -6.380368 35.786713 13.992352
v -6.075160 35.049877 13.992352
v -2.281500 39.885586 13.992352
v -0.807832 39.885586 13.992352
v -1.191072 35.403469 13.992352
v 2.749572 35.403473 13.992352
v 2.873956 35.703754 13.992352
v -0.890792 39.468498 13.992352
v -1.191076 39.344116 13.992352
v -1.898252 34.696289 13.992352
v -5.838900 34.696289 13.992352
v -5.963280 34.396004 13.992352
v -2.198532 30.631260 13.992352
v -1.898248 30.755646 13.992352
v -1.191072 30.755646 13.992352
v -0.890788 30.631260 13.992352
v 2.873956 34.396011 13.992352
v 2.749576 34.696293 13.992352
v -1.191072 34.696293 13.992352
v -1.898252 39.344116 13.992352
v -2.198536 39.468498 13.992352
v -5.963280 35.703751 13.992352
v -5.838900 35.403465 13.992352
v -1.898252 35.403469 13.992352
v -2.002456 30.131428 13.834692
v -1.086864 30.131428 13.834692
v 3.373788 34.592087 13.834692
v 3.373788 35.507683 13.834692
v -6.463112 35.507671 13.834692
v -6.463112 34.592079 13.834692
v -1.086868 39.968334 13.834692
v -2.002460 39.968334 13.834692
v -1.086864 30.486065 13.834692
v -2.002456 30.486065 13.834692
v 3.019156 35.507675 13.834692
v 3.019156 34.592087 13.834692
v -6.108480 34.592079 13.834692
v -6.108480 35.507671 13.834692
v -2.002460 39.613697 13.834692
v -1.086868 39.613697 13.834692
s 1
usemtl itu_metal
f 9995 9994 9993 9992 9991 9990
f 9783 9782 9822 9799
f 9982 10007 10002 9981
f 9973 9972 9977 9976 9975 9974
f 9847 9852 9882 9877
f 9784 9785 9814 9782 9783 9815
f 9826 9806 9809 9808 9827 9807
f 9791 9790 9826 9807
f 10127 9940 9941 10126
f 9795 9794 9828 9811
f 9906 9907 9951 9950
f 10123 9937 9935 10122
f 9817 9788 9789 9816 9786 9787
f 9861 9862 9892 9891
f 9796 9797 9820 9794 9795 9821
f 10001 10000 9999 9998 9997 9996
f 9920 9912 9956 9964
f 9792 9793 9818 9790 9791 9819
f 9875 9871 9901 9905
f 9831 10015 10014 9830
f 10047 10048 10045 10044 10057 10058 10050 10049 10051 10052 10053 10033 10041 10042 10038 10032 10034 10030 10031 10035
f 9820 9797 9813 9810
f 9796 9821 9829 9812
f 9794 9820 9810 9828
f 10041 10072 10073 10042
f 9790 9818 9806 9826
f 9792 9819 9827 9808
f 9816 9789 9805 9802
f 9951 9959 9958 9950
f 10093 10101 10100 10092
f 9784 9815 9823 9800
f 10028 9844 9836 10020
f 10015 9831 9839 10023
f 9858 9859 9889 9888
f 9852 9846 9876 9882
f 9793 9792 9808 9809
f 9846 9852 9851 9869 9868 9867 9866 9865 9864 9863 9862 9853 9875 9874 9873 9872 9871 9860 9859 9855 9849 9854 9848 9850
f 9979 10004 10005 9978
f 9867 9868 9898 9897
f 9981 10002 10003 9980
f 9983 10006 10007 9982
f 9978 10005 10006 9983
f 10017 10025 10024 10016
f 9966 9993 9994 9971
f 9872 9873 9903 9902
f 9919 9963 9955 9911
f 10134 9948 9947 10133
f 9972 9999 10000 9977
f 9910 9911 9955 9954
f 10129 9943 9942 10128
f 10039 10069 10072 10041
f 10036 10065 10068 10037
f 9946 9949 10135 10131
f 9936 9939 10125 10121
f 10047 10078 10079 10048
f 10069 10071 10070 10084 10083 10063
f 9833 9832 9840 9841
f 9949 9948 10134 10135
f 10091 10099 10098 10090
f 9835 9834 9842 9843
f 9839 9838 10022 10023
f 9837 9845 10029 10021
f 9849 9855 9885 9879
f 9860 9856 9886 9890
f 9966 9971 9970 9969 9968 9967
f 9967 9992 9993 9966
f 9856 9857 9887 9886
f 9862 9863 9893 9892
f 9984 9989 9988 9987 9986 9985
f 9814 9785 9801 9798
f 9866 9867 9897 9896
f 9868 9869 9899 9898
f 9874 9875 9905 9904
f 9786 9816 9802 9824
f 9965 9921 9920 9964
f 9818 9793 9809 9806
f 9908 9909 9953 9952
f 9914 9906 9950 9958
f 10015 10023 10022 10014
f 9788 9817 9825 9804
f 10021 10029 10028 10020
f 9962 9918 9910 9954
f 9916 9960 9961 9917
f 9960 9916 9908 9952
f 9835 10019 10018 9834
f 9914 9958 9959 9915
f 9918 9962 9963 9919
f 10055 10086 10085 10054
f 9973 9998 9999 9972
f 9817 9787 9803 9825
f 9945 9947 9948 9927 9928 9929 9924 9933 9934 9946
f 9842 9834 10018 10026
f 9942 9943 9925 9922 9923 9938 9939 9941 9940
f 10073 10072 10069 10063 10062 10064 10067 10068 10065 10066 10059 10060 10079 10078 10077 10075 10088 10087 10085 10086 10089 10070 10071 10074
f 9889 9885 9877 9882 9888
f 10038 10067 10064 10032
f 10031 10059 10066 10035
f 10050 10081 10080 10049
f 10046 10077 10078 10047
f 10054 10085 10087 10056
f 10045 10076 10075 10044
f 10119 9933 9932 10118
f 10120 9934 9933 10119
f 9837 10021 10020 9836
f 10124 9938 9937 10123
f 10125 9939 9938 10124
f 10132 9945 9946 10131
f 9985 10010 10011 9984
f 9924 9929 10115 10108
f 10032 10064 10062 10034
f 10058 10089 10086 10055
f 9989 10012 10013 9988
f 10141 10140 10149 10148
f 10139 10138 10147 10146
f 10103 10095 10141 10148
f 9869 9870 9900 9899
f 9789 9788 9804 9805
f 10105 10097 10143 10150
f 9855 9847 9877 9885
f 9857 9858 9888 9887
f 9859 9860 9890 9889
f 9863 9864 9894 9893
f 9981 9980 9979 9978 9983 9982
f 9850 9848 9878 9881
f 9864 9865 9895 9894
f 9785 9784 9800 9801
f 9787 9786 9824 9803
f 10007 10006 10005 10004 10003 10002
f 9871 9872 9902 9901
f 10013 10012 10011 10010 10009 10008
f 9854 9849 9879 9884
f 9968 9991 9992 9967
f 9970 9995 9990 9969
f 9873 9874 9904 9903
f 9976 10001 9996 9975
f 10030 10061 10059 10031
f 9984 10011 10012 9989
f 9824 9802 9805 9804 9825 9803
f 9980 10003 10004 9979
f 9986 10009 10010 9985
f 9988 10013 10008 9987
f 9987 10008 10009 9986
f 9974 9997 9998 9973
f 9800 9823 9799 9822 9798 9801
f 9909 9908 9916 9917
f 9969 9990 9991 9968
f 9912 9913 9957 9956
f 9977 10000 10001 9976
f 9975 9996 9997 9974
f 9971 9994 9995 9970
f 9907 9906 9914 9915
f 9782 9814 9798 9822
f 9832 9833 10017 10016
f 10051 10082 10083 10052
f 9838 9830 10014 10022
f 10024 9840 9832 10016
f 9797 9796 9812 9813
f 9931 9930 9932 9933 9924 9925 9943 9944 9941 9939 9936 9935 9937 9938 9923 9926 9927 9948 9949 9946 9934
f 9911 9910 9918 9919
f 9865 9861 9891 9895
f 10019 10027 10026 10018
f 9913 9912 9920 9921
f 10040 10039 10041 10033 10053 10050 10058 10055 10054 10056 10057 10044 10046 10047 10035 10036 10037 10038 10042 10043
f 9917 9961 9953 9909
f 9857 9856 9860 9871 9875 9853 9862 9861 9865 9866 9870 9869 9851 9852 9847 9855 9859 9858
f 9921 9965 9957 9913
f 9815 9783 9799 9823
f 9915 9959 9951 9907
f 9819 9791 9807 9827
f 9903 9904 9884 9879 9885 9889 9890 9886 9887 9888 9882 9899 9900 9896 9897 9880 9876 9881 9878 9894 9895 9891 9892 9893 9883 9905 9901 9902
f 9904 9905 9883 9893 9894 9878 9884
f 10081 10084 10070 10089 10088 10075 10076 10079 10060 10059 10061 10062 10063 10083 10082 10080
f 9821 9795 9811 9829
f 10035 10066 10065 10036
f 10037 10068 10067 10038
f 9828 9810 9813 9812 9829 9811
f 9870 9866 9896 9900
f 10044 10075 10077 10046
f 10043 10074 10071 10040
f 10034 10062 10061 10030
f 10042 10073 10074 10043
f 10049 10080 10082 10051
f 10040 10071 10069 10039
f 10137 10136 10145 10144
f 10048 10079 10076 10045
f 10056 10087 10088 10057
f 10057 10088 10089 10058
f 10091 10090 10136 10137
f 10093 10092 10138 10139
f 10095 10094 10140 10141
f 10097 10096 10142 10143
f 10098 10145 10136 10090
f 10095 10103 10102 10094
f 10100 10147 10138 10092
f 10102 10149 10140 10094
f 10099 10144 10145 10098
f 10103 10148 10149 10102
f 10105 10150 10151 10104
f 9831 9830 9838 9839
f 9931 9934 10120 10116
f 10104 10151 10142 10096
f 10130 10129 10128 10109 10108 10115 10114 10112 10111 10107 10124 10123 10113 10135 10134 10133 10132 10131 10120 10119 10118 10117 10110
f 9923 9922 10106 10107
f 9925 9924 10108 10109
f 9837 9836 9844 9845
f 9927 9926 10111 10112
f 9926 9923 10107 10111
f 9929 9928 10114 10115
f 10097 10105 10104 10096
f 9930 9931 10116 10117
f 9898 9899 9882 9876 9880 9897
f 9935 9936 10121 10122
f 9922 9925 10109 10106
f 9944 9943 10129 10130
f 10053 10084 10081 10050
f 9928 9927 10112 10114
f 9942 9940 10127 10128
f 9941 9944 10130 10126
f 9947 9945 10132 10133
f 10118 9932 9930 10117
f 10052 10083 10084 10053
f 9955 9963 9962 9954
f 9953 9961 9960 9952
f 10143 10142 10151 10150
f 9845 9844 10028 10029
f 9957 9965 9964 9956
f 10130 10110 10117 10116 10120 10131 10135 10113 10123 10122 10121 10125 10124 10107 10106 10109 10128 10127 10126
f 10100 10101 10146 10147
f 10091 10137 10144 10099
f 10101 10093 10139 10146
f 9846 9850 9881 9876
f 9841 9840 10024 10025
f 9843 9842 10026 10027
f 10019 9835 9843 10027
f 10017 9833 9841 10025
f 9848 9854 9884 9878
o 02_-_Structure.002_Mesh.856
v -3.451552 37.034973 3.816620
v -3.736996 36.749531 3.816620
v -4.022440 37.034973 3.816620
v -3.736996 37.320415 3.816620
v -3.451552 37.034973 29.193953
v -3.736996 36.749535 29.193953
v -4.022440 37.034973 29.193953
v -3.736996 37.320419 29.193953
v 0.666704 37.320419 29.193953
v 0.381260 37.034977 29.193953
v 0.666704 36.749535 29.193953
v 0.952144 37.034977 29.193953
v 0.666704 37.320415 3.816620
v 0.381260 37.034977 3.816620
v 0.666704 36.749531 3.816620
v 0.952144 37.034977 3.816620
v -3.451552 32.631275 3.816620
v -3.736992 32.345833 3.816620
v -4.022436 32.631275 3.816620
v -3.736992 32.916718 3.816620
v -3.451552 32.631279 29.193953
v -3.736992 32.345833 29.193953
v -4.022436 32.631279 29.193953
v -3.736992 32.916718 29.193953
v 0.952148 32.631275 3.816620
v 0.666704 32.345837 3.816620
v 0.381264 32.631275 3.816620
v 0.666704 32.916721 3.816620
v 0.952148 32.631279 29.193953
v 0.666704 32.345837 29.193953
v 0.381264 32.631279 29.193953
v 0.666704 32.916721 29.193953
v 0.751916 37.120190 29.179008
v -3.822208 37.120186 29.179008
v -3.822204 32.546066 29.179008
v 0.751916 32.546066 29.179008
v 0.227792 36.596066 29.179008
v -3.298084 36.596062 29.179008
v -3.298080 33.070190 29.179008
v 0.227792 33.070190 29.179008
v 0.751916 37.120190 28.875015
v -3.822208 37.120186 28.875015
v -3.822204 32.546066 28.875015
v 0.751916 32.546066 28.875015
v 0.227792 36.596066 28.875015
v -3.298084 36.596062 28.875015
v -3.298080 33.070190 28.875015
v 0.227792 33.070190 28.875015
v 0.751916 37.120190 4.116688
v -3.822208 37.120186 4.116688
v -3.822204 32.546062 4.116688
v 0.751916 32.546062 4.116688
v 0.227792 36.596066 4.116688
v -3.298084 36.596062 4.116688
v -3.298080 33.070187 4.116688
v 0.227792 33.070187 4.116688
v 0.751916 37.120190 3.812696
v -3.822208 37.120186 3.812696
v -3.822204 32.546062 3.812696
v 0.751916 32.546062 3.812696
v 0.227792 36.596066 3.812696
v -3.298084 36.596062 3.812696
v -3.298080 33.070187 3.812696
v 0.227792 33.070187 3.812696
v -3.658784 36.956760 10.236644
v -3.815208 37.113186 10.236644
v -3.815208 37.113186 10.085268
v -3.658784 36.956760 10.085268
v 0.588492 36.956764 10.236644
v 0.744916 37.113190 10.236644
v 0.744916 37.113190 10.085268
v 0.588492 36.956764 10.085268
v 0.588492 32.709488 10.236644
v 0.744916 32.553066 10.236644
v 0.744916 32.553066 10.085268
v 0.588492 32.709488 10.085268
v -3.658780 32.709488 10.236644
v -3.815204 32.553066 10.236644
v -3.815204 32.553066 10.085268
v -3.658780 32.709488 10.085268
v -3.658784 36.956760 16.580976
v -3.815208 37.113186 16.580976
v -3.815208 37.113186 16.429596
v -3.658784 36.956760 16.429596
v 0.588492 36.956764 16.580976
v 0.744916 37.113190 16.580976
v 0.744916 37.113190 16.429596
v 0.588492 36.956764 16.429596
v 0.588492 32.709488 16.580976
v 0.744916 32.553066 16.580976
v 0.744916 32.553066 16.429596
v 0.588492 32.709488 16.429596
v -3.658780 32.709488 16.580976
v -3.815204 32.553066 16.580976
v -3.815204 32.553066 16.429596
v -3.658780 32.709488 16.429596
v -3.658784 36.956760 22.925312
v -3.815208 37.113186 22.925312
v -3.815208 37.113186 22.773928
v -3.658784 36.956760 22.773928
v 0.588492 36.956764 22.925312
v 0.744916 37.113190 22.925312
v 0.744916 37.113190 22.773928
v 0.588492 36.956764 22.773928
v 0.588492 32.709488 22.925312
v 0.744916 32.553066 22.925312
v 0.744916 32.553066 22.773928
v 0.588492 32.709488 22.773928
v -3.658780 32.709488 22.925312
v -3.815204 32.553066 22.925312
v -3.815204 32.553066 22.773928
v -3.658780 32.709488 22.773928
v 0.592844 32.856339 22.752956
v 0.521484 32.784977 22.752956
v 0.644432 32.804745 22.822676
v 0.573072 32.733387 22.822676
v -3.600044 37.049221 28.957964
v -3.671408 36.977863 28.957964
v -3.548452 36.997631 29.027683
v -3.619816 36.926270 29.027683
v 0.524036 36.898800 22.752953
v 0.595396 36.827442 22.752953
v 0.575628 36.950390 22.822676
v 0.646988 36.879028 22.822676
v -3.668848 32.705910 28.957960
v -3.597484 32.634552 28.957960
v -3.617256 32.757504 29.027683
v -3.545896 32.686142 29.027683
v -3.636068 36.790604 16.536673
v -3.564708 36.861965 16.536673
v -3.687660 36.842197 16.606396
v -3.616300 36.913559 16.606396
v 0.556820 32.597721 22.741680
v 0.628180 32.669083 22.741680
v 0.505228 32.649315 22.811403
v 0.576588 32.720673 22.811403
v -3.567264 32.748142 16.536673
v -3.638624 32.819500 16.536673
v -3.618856 32.696552 16.606396
v -3.690216 32.767914 16.606396
v 0.625620 36.941029 22.741680
v 0.554260 37.012394 22.741680
v 0.574028 36.889442 22.811403
v 0.502668 36.960800 22.811403
v 0.570748 32.843235 10.180004
v 0.499388 32.771877 10.180004
v 0.622340 32.791649 10.249724
v 0.550980 32.720287 10.249724
v -3.622140 37.036121 16.385008
v -3.693500 36.964760 16.385008
v -3.570548 36.984531 16.454733
v -3.641908 36.913170 16.454733
v 0.501944 36.885700 10.180000
v 0.573304 36.814342 10.180000
v 0.553536 36.937294 10.249724
v 0.624896 36.865932 10.249724
v -3.690940 32.692814 16.385008
v -3.619580 32.621452 16.385008
v -3.639348 32.744404 16.454733
v -3.567988 32.673046 16.454733
v -3.583880 36.804882 4.057476
v -3.512520 36.876240 4.057476
v -3.635472 36.856468 4.127200
v -3.564112 36.927834 4.127200
v 0.609008 32.611992 10.262484
v 0.680368 32.683357 10.262484
v 0.557416 32.663586 10.332208
v 0.628780 32.734947 10.332208
v -3.515076 32.762417 4.057476
v -3.586436 32.833775 4.057476
v -3.566664 32.710823 4.127200
v -3.638028 32.782185 4.127200
v 0.677812 36.955303 10.262484
v 0.606448 37.026665 10.262484
v 0.626220 36.903713 10.332208
v 0.554860 36.975075 10.332208
v -3.626388 37.034973 10.309812
v -3.276720 37.034973 10.309812
v -3.276720 37.034973 10.012100
v -3.626388 37.034973 10.012100
v -3.736996 36.924366 10.309812
v -3.736996 36.574696 10.309812
v -3.736996 36.574696 10.012100
v -3.736996 36.924366 10.012100
v -3.847604 37.034973 10.309812
v -4.197272 37.034973 10.309812
v -4.197272 37.034973 10.012100
v -3.847604 37.034973 10.012100
v -3.736996 37.145584 10.309812
v -3.736996 37.495247 10.309812
v -3.736996 37.495247 10.012100
v -3.736996 37.145584 10.012100
v -3.626388 37.034973 16.654144
v -3.276720 37.034973 16.654144
v -3.276720 37.034973 16.356432
v -3.626388 37.034973 16.356432
v -3.736996 36.924366 16.654144
v -3.736996 36.574696 16.654144
v -3.736996 36.574696 16.356432
v -3.736996 36.924366 16.356432
v -3.847604 37.034973 16.654144
v -4.197272 37.034973 16.654144
v -4.197272 37.034973 16.356432
v -3.847604 37.034973 16.356432
v -3.736996 37.145584 16.654144
v -3.736996 37.495251 16.654144
v -3.736996 37.495251 16.356432
v -3.736996 37.145584 16.356432
v -3.626388 37.034973 22.998476
v -3.276720 37.034973 22.998476
v -3.276720 37.034973 22.700764
v -3.626388 37.034973 22.700764
v -3.736996 36.924366 22.998476
v -3.736996 36.574699 22.998476
v -3.736996 36.574699 22.700764
v -3.736996 36.924366 22.700764
v -3.847604 37.034973 22.998476
v -4.197272 37.034973 22.998476
v -4.197272 37.034973 22.700764
v -3.847604 37.034973 22.700764
v -3.736996 37.145584 22.998476
v -3.736996 37.495251 22.998476
v -3.736996 37.495251 22.700764
v -3.736996 37.145584 22.700764
v 0.666704 37.495255 22.998476
v 0.666704 37.145584 22.998476
v 0.666704 37.145584 22.700764
v 0.666704 37.495255 22.700764
v 0.206428 37.034977 22.998476
v 0.556092 37.034977 22.998476
v 0.556092 37.034977 22.700764
v 0.206428 37.034977 22.700764
v 0.666704 36.574703 22.998476
v 0.666704 36.924370 22.998476
v 0.666704 36.924370 22.700764
v 0.666704 36.574703 22.700764
v 1.126980 37.034977 22.998476
v 0.777312 37.034977 22.998476
v 0.777312 37.034977 22.700764
v 1.126980 37.034977 22.700764
v 0.666704 37.495255 16.654144
v 0.666704 37.145584 16.654144
v 0.666704 37.145584 16.356432
v 0.666704 37.495255 16.356432
v 0.206428 37.034977 16.654144
v 0.556092 37.034977 16.654144
v 0.556092 37.034977 16.356432
v 0.206428 37.034977 16.356432
v 0.666704 36.574699 16.654144
v 0.666704 36.924370 16.654144
v 0.666704 36.924370 16.356432
v 0.666704 36.574699 16.356432
v 1.126980 37.034977 16.654144
v 0.777312 37.034977 16.654144
v 0.777312 37.034977 16.356432
v 1.126980 37.034977 16.356432
v 0.666704 37.495255 10.309812
v 0.666704 37.145584 10.309812
v 0.666704 37.145584 10.012100
v 0.666704 37.495255 10.012100
v 0.206428 37.034977 10.309812
v 0.556092 37.034977 10.309812
v 0.556092 37.034977 10.012100
v 0.206428 37.034977 10.012100
v 0.666704 36.574699 10.309812
v 0.666704 36.924370 10.309812
v 0.666704 36.924370 10.012100
v 0.666704 36.574699 10.012100
v 1.126980 37.034977 10.309812
v 0.777312 37.034977 10.309812
v 0.777312 37.034977 10.012100
v 1.126980 37.034977 10.012100
v -3.626384 32.631275 10.309812
v -3.276716 32.631275 10.309812
v -3.276716 32.631275 10.012100
v -3.626384 32.631275 10.012100
v -3.736992 32.520668 10.309812
v -3.736992 32.171001 10.309812
v -3.736992 32.171001 10.012100
v -3.736992 32.520668 10.012100
v -3.847604 32.631275 10.309812
v -4.197268 32.631275 10.309812
v -4.197268 32.631275 10.012100
v -3.847604 32.631275 10.012100
v -3.736992 32.741886 10.309812
v -3.736992 33.091553 10.309812
v -3.736992 33.091553 10.012100
v -3.736992 32.741886 10.012100
v -3.626384 32.631279 16.654144
v -3.276716 32.631279 16.654144
v -3.276716 32.631279 16.356432
v -3.626384 32.631279 16.356432
v -3.736992 32.520668 16.654144
v -3.736992 32.171001 16.654144
v -3.736992 32.171001 16.356432
v -3.736992 32.520668 16.356432
v -3.847604 32.631279 16.654144
v -4.197268 32.631279 16.654144
v -4.197268 32.631279 16.356432
v -3.847604 32.631279 16.356432
v -3.736992 32.741886 16.654144
v -3.736992 33.091553 16.654144
v -3.736992 33.091553 16.356432
v -3.736992 32.741886 16.356432
v -3.626384 32.631279 22.998476
v -3.276716 32.631279 22.998476
v -3.276716 32.631279 22.700764
v -3.626384 32.631279 22.700764
v -3.736992 32.520668 22.998476
v -3.736992 32.171001 22.998476
v -3.736992 32.171001 22.700764
v -3.736992 32.520668 22.700764
v -3.847604 32.631279 22.998476
v -4.197268 32.631279 22.998476
v -4.197268 32.631279 22.700764
v -3.847604 32.631279 22.700764
v -3.736992 32.741886 22.998476
v -3.736992 33.091553 22.998476
v -3.736992 33.091553 22.700764
v -3.736992 32.741886 22.700764
v 0.777316 32.631275 10.309812
v 1.126980 32.631275 10.309812
v 1.126980 32.631275 10.012100
v 0.777316 32.631275 10.012100
v 0.666704 32.520668 10.309812
v 0.666704 32.171001 10.309812
v 0.666704 32.171001 10.012100
v 0.666704 32.520668 10.012100
v 0.556096 32.631275 10.309812
v 0.206428 32.631275 10.309812
v 0.206428 32.631275 10.012100
v 0.556096 32.631275 10.012100
v 0.666704 32.741890 10.309812
v 0.666704 33.091553 10.309812
v 0.666704 33.091553 10.012100
v 0.666704 32.741890 10.012100
v 0.777316 32.631279 16.654144
v 1.126980 32.631279 16.654144
v 1.126980 32.631279 16.356432
v 0.777316 32.631279 16.356432
v 0.666704 32.520668 16.654144
v 0.666704 32.171001 16.654144
v 0.666704 32.171001 16.356432
v 0.666704 32.520668 16.356432
v 0.556096 32.631279 16.654144
v 0.206428 32.631279 16.654144
v 0.206428 32.631279 16.356432
v 0.556096 32.631279 16.356432
v 0.666704 32.741890 16.654144
v 0.666704 33.091553 16.654144
v 0.666704 33.091553 16.356432
v 0.666704 32.741890 16.356432
v 0.777316 32.631279 22.998476
v 1.126980 32.631279 22.998476
v 1.126980 32.631279 22.700764
v 0.777316 32.631279 22.700764
v 0.666704 32.520668 22.998476
v 0.666704 32.171001 22.998476
v 0.666704 32.171001 22.700764
v 0.666704 32.520668 22.700764
v 0.556096 32.631279 22.998476
v 0.206428 32.631279 22.998476
v 0.206428 32.631279 22.700764
v 0.556096 32.631279 22.700764
v 0.666704 32.741890 22.998476
v 0.666704 33.091553 22.998476
v 0.666704 33.091553 22.700764
v 0.666704 32.741890 22.700764
s 1
usemtl itu_metal
f 10454 10442 10446 10447 10443 10455 10451 10450
f 10436 10424 10425 10437 10433 10432
f 10342 10330 10331 10343 10339 10335 10334 10338
f 10177 10181 10182 10178
f 10230 10218 10222 10226 10227 10223 10219 10231
f 10154 10155 10152 10153
f 10468 10456 10457 10469 10465 10464
f 10438 10426 10430 10431 10427 10439 10435 10434
f 10170 10174 10175 10171
f 10154 10158 10159 10155
f 10179 10183 10180 10176
f 10414 10418 10422 10423 10419 10415 10411 10410
f 10178 10182 10183 10179
f 10162 10163 10160 10161
f 10406 10394 10395 10407 10403 10402
f 10159 10158 10157 10156
f 10390 10378 10379 10391 10387 10383 10382 10386
f 10152 10156 10157 10153
f 10155 10159 10156 10152
f 10153 10157 10158 10154
f 10170 10171 10168 10169
f 10374 10362 10363 10375 10371 10367 10366 10370
f 10176 10180 10181 10177
f 10168 10172 10173 10169
f 10175 10174 10173 10172
f 10252 10256 10257 10253 10249 10248
f 10404 10392 10396 10400 10401 10397 10393 10405
f 10258 10262 10263 10259 10255 10254
f 10388 10376 10377 10389 10385 10381 10380 10384
f 10354 10358 10346 10347 10359 10355 10351 10350
f 10178 10179 10176 10177
f 10185 10186 10187 10191 10190 10189 10188 10184
f 10187 10184 10188 10191
f 10192 10195 10194 10198 10199 10196 10197 10193
f 10198 10194 10193 10197
f 10185 10184 10192 10193
f 10188 10189 10197 10196
f 10186 10185 10193 10194
f 10189 10190 10198 10197
f 10187 10186 10194 10195
f 10190 10191 10199 10198
f 10184 10187 10195 10192
f 10191 10188 10196 10199
f 10201 10202 10203 10207 10206 10205 10204 10200
f 10203 10200 10204 10207
f 10208 10211 10210 10214 10215 10212 10213 10209
f 10214 10210 10209 10213
f 10160 10164 10165 10161
f 10201 10200 10208 10209
f 10204 10205 10213 10212
f 10202 10201 10209 10210
f 10205 10206 10214 10213
f 10203 10202 10210 10211
f 10206 10207 10215 10214
f 10200 10203 10211 10208
f 10207 10204 10212 10215
f 10217 10221 10222 10218
f 10171 10175 10172 10168
f 10219 10223 10220 10216
f 10169 10173 10174 10170
f 10221 10225 10226 10222
f 10223 10227 10224 10220
f 10224 10228 10229 10225
f 10225 10229 10230 10226
f 10226 10230 10231 10227
f 10227 10231 10228 10224
f 10229 10217 10218 10230
f 10231 10219 10216 10228
f 10232 10236 10237 10233
f 10233 10237 10238 10234
f 10235 10239 10236 10232
f 10237 10241 10242 10238
f 10238 10242 10243 10239
f 10239 10243 10240 10236
f 10244 10232 10233 10245 10241 10237 10236 10240
f 10241 10245 10246 10242
f 10243 10247 10244 10240
f 10245 10233 10234 10246
f 10247 10235 10232 10244
f 10249 10253 10254 10250
f 10251 10255 10252 10248
f 10253 10257 10258 10254
f 10255 10259 10256 10252
f 10257 10261 10262 10258
f 10259 10263 10260 10256
f 10261 10249 10250 10262
f 10263 10251 10248 10260
f 10264 10266 10267 10265
f 10268 10269 10271 10270
f 10264 10265 10269 10268
f 10265 10267 10271 10269
f 10267 10266 10270 10271
f 10266 10264 10268 10270
f 10272 10274 10275 10273
f 10276 10277 10279 10278
f 10272 10273 10277 10276
f 10273 10275 10279 10277
f 10275 10274 10278 10279
f 10274 10272 10276 10278
f 10280 10282 10283 10281
f 10284 10285 10287 10286
f 10280 10281 10285 10284
f 10281 10283 10287 10285
f 10283 10282 10286 10287
f 10282 10280 10284 10286
f 10288 10290 10291 10289
f 10292 10293 10295 10294
f 10288 10289 10293 10292
f 10289 10291 10295 10293
f 10291 10290 10294 10295
f 10290 10288 10292 10294
f 10296 10298 10299 10297
f 10300 10301 10303 10302
f 10296 10297 10301 10300
f 10297 10299 10303 10301
f 10299 10298 10302 10303
f 10298 10296 10300 10302
f 10304 10306 10307 10305
f 10308 10309 10311 10310
f 10304 10305 10309 10308
f 10305 10307 10311 10309
f 10307 10306 10310 10311
f 10306 10304 10308 10310
f 10312 10314 10315 10313
f 10316 10317 10319 10318
f 10312 10313 10317 10316
f 10313 10315 10319 10317
f 10315 10314 10318 10319
f 10314 10312 10316 10318
f 10320 10322 10323 10321
f 10324 10325 10327 10326
f 10320 10321 10325 10324
f 10321 10323 10327 10325
f 10323 10322 10326 10327
f 10322 10320 10324 10326
f 10228 10216 10220 10224 10225 10221 10217 10229
f 10329 10333 10334 10330
f 10330 10334 10335 10331
f 10331 10335 10332 10328
f 10332 10336 10337 10333
f 10333 10337 10338 10334
f 10183 10182 10181 10180
f 10335 10339 10336 10332
f 10340 10328 10332 10333 10329 10341 10337 10336
f 10337 10341 10342 10338
f 10339 10343 10340 10336
f 10341 10329 10330 10342
f 10343 10331 10328 10340
f 10161 10165 10166 10162
f 10345 10349 10350 10346
f 10346 10350 10351 10347
f 10347 10351 10348 10344
f 10348 10352 10353 10349
f 10349 10353 10354 10350
f 10351 10355 10352 10348
f 10356 10344 10348 10349 10345 10357 10353 10352
f 10353 10357 10358 10354
f 10355 10359 10356 10352
f 10357 10345 10346 10358
f 10359 10347 10344 10356
f 10372 10360 10364 10368 10369 10365 10361 10373
f 10361 10365 10366 10362
f 10362 10366 10367 10363
f 10363 10367 10364 10360
f 10163 10167 10164 10160
f 10365 10369 10370 10366
f 10367 10371 10368 10364
f 10368 10372 10373 10369
f 10369 10373 10374 10370
f 10162 10166 10167 10163
f 10371 10375 10372 10368
f 10373 10361 10362 10374
f 10375 10363 10360 10372
f 10376 10380 10381 10377
f 10377 10381 10382 10378
f 10378 10382 10383 10379
f 10379 10383 10380 10376
f 10167 10166 10165 10164
f 10381 10385 10386 10382
f 10383 10387 10384 10380
f 10385 10389 10390 10386
f 10260 10248 10249 10261 10257 10256
f 10387 10391 10388 10384
f 10389 10377 10378 10390
f 10391 10379 10376 10388
f 10393 10397 10398 10394
f 10246 10234 10238 10239 10235 10247 10243 10242
f 10395 10399 10396 10392
f 10397 10401 10402 10398
f 10399 10403 10400 10396
f 10400 10404 10405 10401
f 10401 10405 10406 10402
f 10398 10402 10403 10399 10395 10394
f 10403 10407 10404 10400
f 10405 10393 10394 10406
f 10407 10395 10392 10404
f 10409 10413 10414 10410
f 10262 10250 10254 10255 10251 10263
f 10411 10415 10412 10408
f 10413 10417 10418 10414
f 10415 10419 10416 10412
f 10417 10421 10422 10418
f 10419 10423 10420 10416
f 10421 10409 10410 10422
f 10422 10410 10411 10423
f 10423 10411 10408 10420
f 10425 10429 10430 10426
f 10516 10504 10508 10509 10505 10517 10513 10512
f 10427 10431 10428 10424
f 10429 10433 10434 10430
f 10430 10434 10435 10431
f 10431 10435 10432 10428
f 10428 10432 10433 10429 10425 10424
f 10433 10437 10438 10434
f 10420 10408 10409 10421 10417 10416
f 10435 10439 10436 10432
f 10437 10425 10426 10438
f 10439 10427 10424 10436
f 10412 10416 10417 10413 10409 10408
f 10441 10445 10446 10442
f 10443 10447 10444 10440
f 10445 10449 10450 10446
f 10446 10450 10451 10447
f 10447 10451 10448 10444
f 10449 10453 10454 10450
f 10451 10455 10452 10448
f 10453 10441 10442 10454
f 10455 10443 10440 10452
f 10457 10461 10462 10458
f 10484 10472 10473 10485 10481 10480
f 10459 10463 10460 10456
f 10461 10465 10466 10462
f 10462 10466 10467 10463
f 10463 10467 10464 10460
f 10470 10458 10462 10463 10459 10471 10467 10466
f 10465 10469 10470 10466
f 10460 10464 10465 10461 10457 10456
f 10467 10471 10468 10464
f 10469 10457 10458 10470
f 10471 10459 10456 10468
f 10452 10440 10441 10453 10449 10448
f 10473 10477 10478 10474
f 10486 10474 10478 10482 10483 10479 10475 10487
f 10475 10479 10476 10472
f 10477 10481 10482 10478
f 10500 10488 10489 10501 10497 10496
f 10479 10483 10480 10476
f 10481 10485 10486 10482
f 10482 10486 10487 10483
f 10483 10487 10484 10480
f 10485 10473 10474 10486
f 10487 10475 10472 10484
f 10489 10493 10494 10490
f 10502 10490 10494 10498 10499 10495 10491 10503
f 10491 10495 10492 10488
f 10493 10497 10498 10494
f 10510 10514 10515 10511 10507 10519 10518 10506
f 10495 10499 10496 10492
f 10492 10496 10497 10493 10489 10488
f 10497 10501 10502 10498
f 10498 10502 10503 10499
f 10499 10503 10500 10496
f 10501 10489 10490 10502
f 10503 10491 10488 10500
f 10476 10480 10481 10477 10473 10472
f 10505 10509 10510 10506
f 10444 10448 10449 10445 10441 10440
f 10507 10511 10508 10504
f 10508 10512 10513 10509
f 10509 10513 10514 10510
f 10511 10515 10512 10508
f 10513 10517 10518 10514
f 10514 10518 10519 10515
f 10515 10519 10516 10512
f 10517 10505 10506 10518
f 10519 10507 10504 10516
o 02_-_Structure.003_Mesh.874
v -1.576588 33.953438 44.072556
v -1.576060 33.951736 44.192081
v -1.644712 34.083115 25.943869
v -1.625216 34.020241 38.132835
v -1.744812 34.016647 38.139732
v -1.758772 34.065201 34.978554
v -1.764356 34.088207 25.939465
v -1.239008 34.077469 44.072830
v -1.211096 34.063999 44.072517
v -1.211212 33.580658 44.065632
v -1.576676 33.580723 44.067245
v -1.597248 34.006584 38.145981
v -1.247856 33.647270 38.139320
v -1.259664 34.130615 38.146252
v -1.744728 34.135757 38.153603
v -1.744772 34.053371 38.147301
v -1.611204 33.901699 34.991669
v -1.603908 33.878162 36.643772
v -1.616800 34.069645 25.943552
v -1.616864 33.787106 25.939524
v -1.617784 33.790062 25.732056
v -1.121988 33.654125 38.192207
v -1.120676 33.649887 38.489658
v -1.120404 33.649017 38.551003
v -1.101748 33.588852 44.025379
v -1.101644 34.024673 44.031590
v -1.121884 34.089954 38.198418
v -1.727640 33.851456 36.630478
v -1.631888 33.851440 36.630051
v -1.734756 33.887875 35.018948
v -1.727696 33.865112 36.617207
v -1.631944 33.865089 36.616783
v -1.639004 33.887859 35.018524
v -1.764356 34.261826 25.933475
v -1.764348 34.841492 25.929691
v -1.593376 34.836071 25.934172
v -1.593508 33.814213 25.926348
v -1.589004 33.814213 25.926325
v -1.588940 34.096752 25.930351
v -1.766008 34.849682 25.553600
v -1.595036 34.854889 25.558241
v -1.593432 34.849728 25.920904
v -1.766156 33.814411 25.542751
v -1.595232 33.819767 25.536757
v -1.595100 34.841618 25.544584
v -1.765408 33.796734 25.712969
v -1.589984 33.803905 25.705200
v -1.589072 33.800945 25.912672
v -1.593572 33.800945 25.912691
v -1.595176 33.806114 25.550028
v -1.567124 34.841423 25.557924
v -1.567256 33.819569 25.550100
v -1.565652 33.814404 25.912760
v -1.565524 34.836258 25.920588
v -1.211280 34.024693 44.032070
v -1.211384 33.588867 44.025864
v -1.211372 33.581184 44.028923
v -1.211136 34.068085 44.063053
v -1.211232 34.047539 44.041920
v -1.231692 34.111378 38.159321
v -1.231340 33.646984 38.159393
v -1.231748 33.646893 38.165661
v -1.231640 34.098244 38.172092
v -1.231604 34.130146 38.178631
v -1.231552 34.117008 38.191399
v -1.117600 33.581211 44.025337
v -1.195536 33.581223 44.025684
v -1.183364 34.038151 44.032143
v -1.129552 34.038139 44.031902
v -1.203668 34.090160 38.185314
v -1.203772 33.654335 38.179108
v -1.149964 33.654324 38.178871
v -1.149860 34.090149 38.185081
v -1.203608 34.103432 38.198967
v -1.149796 34.103420 38.198730
v -1.466932 33.953419 44.072067
v -1.466404 33.951714 44.191593
v -1.645760 33.790257 25.718716
v -1.259600 34.143883 38.159908
v -1.639068 33.874592 35.004868
v -1.203740 33.646587 38.186642
v -1.128312 33.641323 38.554749
v -1.136184 33.641163 38.566250
v -1.136588 33.642467 38.474342
v -1.128616 33.642307 38.485764
v -1.149932 33.646580 38.186401
v -1.137836 33.646488 38.192169
v -1.751564 33.852417 36.618305
v -1.758632 33.875599 35.018097
v -1.757608 33.873070 35.250412
v -1.734820 33.874607 35.005291
v -1.576148 33.579018 44.186768
v -1.626804 33.579029 44.186996
v -1.723664 33.659962 44.188572
v -1.871664 33.953491 44.073860
v -1.864460 34.020283 38.133888
v -1.883956 34.083153 25.944927
v -1.885000 33.790302 25.719772
v -1.876292 33.713581 25.719124
v -2.209184 34.077637 44.077114
v -2.237100 34.064178 44.077049
v -1.892320 34.006634 38.147282
v -2.229844 34.130783 38.150543
v -2.241876 33.647442 38.143711
v -1.906328 33.692287 34.989986
v -1.912856 33.790115 25.733360
v -1.911936 33.787159 25.940828
v -1.911872 34.069702 25.944857
v -1.898980 33.878216 36.645077
v -1.906280 33.901749 34.992973
v -2.365956 33.650108 38.495163
v -2.367268 33.654346 38.197712
v -2.367164 34.090168 38.203918
v -2.346924 34.024891 44.037094
v -2.347028 33.589066 44.030884
v -2.365684 33.649231 38.556507
v -1.775436 33.865120 36.617416
v -1.782500 33.887886 35.019161
v -1.878248 33.887901 35.019585
v -1.871188 33.865135 36.617840
v -1.782560 33.874615 35.005505
v -1.878312 33.874630 35.005928
v -1.939844 34.096817 25.931904
v -1.939900 33.814278 25.927876
v -1.935408 33.814278 25.927860
v -1.935268 34.836128 25.935684
v -1.936932 34.854950 25.559744
v -1.935328 34.849781 25.922417
v -1.937128 33.819824 25.538273
v -1.936988 34.841679 25.546097
v -1.937072 33.806175 25.551540
v -1.935472 33.801006 25.914200
v -1.939972 33.801010 25.914225
v -1.940888 33.803967 25.706753
v -1.964984 33.819641 25.551855
v -1.964844 34.841496 25.559681
v -1.963244 34.836327 25.922348
v -1.963376 33.814472 25.914516
v -2.237392 33.589046 44.030399
v -2.237288 34.024872 44.036606
v -2.237240 34.047714 44.046452
v -2.237144 34.068260 44.067589
v -2.237380 33.581360 44.033459
v -2.257612 34.130325 38.183167
v -2.257556 34.117188 38.195934
v -2.319004 34.038349 44.037159
v -2.265200 34.038338 44.036922
v -2.253244 33.581406 44.030354
v -2.331180 33.581425 44.030708
v -2.285608 33.654522 38.183891
v -2.285504 34.090347 38.190098
v -2.339312 34.090355 38.190334
v -2.339416 33.654530 38.184132
v -2.285440 34.103619 38.203751
v -2.339248 34.103626 38.203987
v -1.980788 33.951805 44.193871
v -1.981316 33.953506 44.074345
v -1.871224 33.579071 44.188076
v -2.257700 34.111557 38.163857
v -2.229780 34.144051 38.164196
v -1.871132 33.851479 36.631107
v -2.257648 34.098419 38.176624
v -2.351428 33.646698 38.197533
v -2.339384 33.646782 38.191662
v -1.775380 33.851463 36.630688
v -2.258216 33.647160 38.163929
v -2.257752 33.647068 38.170200
v -2.349772 33.641373 38.571609
v -2.357748 33.641541 38.560184
v -2.350180 33.642681 38.479698
v -1.820564 33.579063 44.187847
v -1.567624 33.924534 46.101440
v -1.711132 33.908039 50.656357
v -1.591480 33.911453 50.662308
v -1.583020 33.884167 52.577831
v -1.702620 33.889118 52.583439
v -1.582116 33.585014 52.794556
v -1.701708 33.591312 52.801537
v -1.230044 34.048569 46.101715
v -1.715132 34.045200 46.103806
v -1.202132 34.035099 46.101402
v -1.563632 33.898178 50.648525
v -1.711156 33.944969 50.649845
v -1.711160 34.027500 50.645882
v -1.226048 34.022213 50.648800
v -1.214244 33.538864 50.641865
v -1.554260 33.585205 52.780972
v -1.555176 33.588161 52.573490
v -1.555108 33.870701 52.577515
v -1.560896 33.739464 51.273064
v -1.557956 33.729984 51.938492
v -1.090160 33.551479 50.290630
v -1.088848 33.547245 50.588081
v -1.088744 33.983067 50.594292
v -1.092332 33.994637 46.140224
v -1.092432 33.558811 46.134010
v -1.090432 33.552357 50.229286
v -1.684448 33.725639 51.300339
v -1.681748 33.716927 51.911922
v -1.585992 33.716911 51.911499
v -1.588696 33.725624 51.299919
v -1.681688 33.703278 51.925194
v -1.585936 33.703259 51.924770
v -1.702492 34.697842 52.601208
v -1.702540 34.062492 52.594372
v -1.527132 33.897427 52.591240
v -1.527196 33.614883 52.587219
v -1.531700 33.614883 52.587238
v -1.531568 34.692574 52.595062
v -1.529904 34.700676 52.971382
v -1.700828 34.695316 52.977367
v -1.531504 34.705845 52.608715
v -1.529976 33.609337 52.976822
v -1.700948 33.604130 52.972195
v -1.529848 34.687023 52.984650
v -1.530040 33.596066 52.963173
v -1.531644 33.601231 52.600510
v -1.540916 33.601231 52.600548
v -1.540000 33.598274 52.808022
v -1.502124 33.609520 52.963242
v -1.501992 34.687210 52.971066
v -1.503592 34.692375 52.608398
v -1.503724 33.614689 52.600574
v -1.202068 33.558826 46.134502
v -1.201964 33.994656 46.140705
v -1.202004 34.017773 46.131516
v -1.202088 34.038906 46.110973
v -1.202084 33.551231 46.131222
v -1.198276 34.022667 50.616180
v -1.198340 34.009899 50.603043
v -1.120240 34.008102 46.140537
v -1.174048 34.008110 46.140778
v -1.186220 33.551182 46.134323
v -1.108288 33.551170 46.133976
v -1.170508 33.547066 50.601906
v -1.170404 33.982891 50.608109
v -1.116596 33.982880 50.607872
v -1.116700 33.547054 50.601665
v -1.170460 33.996544 50.594837
v -1.116652 33.996536 50.594601
v -1.458500 33.926220 45.981434
v -1.457972 33.924515 46.100952
v -1.198200 34.003361 50.634949
v -1.226104 34.035862 50.635536
v -1.588756 33.712353 51.286266
v -1.198260 33.990593 50.621803
v -1.104704 33.539604 50.588039
v -1.116736 33.539524 50.593910
v -1.684512 33.712372 51.286682
v -1.708328 33.712978 51.299095
v -1.705960 33.706512 51.835106
v -1.705616 33.704628 51.912640
v -1.197520 33.539238 50.614967
v -1.106356 33.544933 50.213955
v -1.098376 33.544769 50.225388
v -1.105948 33.543625 50.305885
v -1.715760 33.634464 45.978409
v -1.618896 33.553532 45.976833
v -1.862700 33.924587 46.102745
v -1.863228 33.926292 45.983219
v -1.822264 33.884209 52.578888
v -1.830728 33.911495 50.663361
v -2.200224 34.048737 46.106003
v -2.228140 34.035278 46.105934
v -1.858704 33.898232 50.649830
v -2.208264 33.539040 50.646259
v -2.196228 34.022381 50.653091
v -1.849352 33.508541 52.781185
v -1.853032 33.730038 51.939796
v -1.855972 33.739517 51.274368
v -1.850180 33.870750 52.578823
v -1.850248 33.588207 52.574799
v -1.849332 33.585255 52.782276
v -2.334128 33.547459 50.593582
v -2.335440 33.551701 50.296135
v -2.335712 33.552570 50.234795
v -2.337712 33.559029 46.139523
v -2.337608 33.994850 46.145729
v -2.334024 33.983288 50.599792
v -1.732252 33.712379 51.286900
v -1.828004 33.712399 51.287323
v -1.729488 33.716934 51.912132
v -1.732188 33.725651 51.300552
v -1.827940 33.725666 51.300976
v -1.825240 33.716953 51.912556
v -1.873464 34.692631 52.596573
v -1.873596 33.614944 52.588745
v -1.878096 33.614944 52.588772
v -1.878028 33.897488 52.592793
v -1.871800 34.700737 52.972889
v -1.873400 34.705902 52.610226
v -1.871876 33.609398 52.978336
v -1.871744 34.687084 52.986156
v -1.864620 33.598335 52.809456
v -1.865536 33.601292 52.601982
v -1.873540 33.601292 52.602020
v -1.871936 33.596127 52.964684
v -1.899716 34.687275 52.972824
v -1.899848 33.609592 52.965000
v -1.901448 33.614761 52.602333
v -1.901320 34.692448 52.610157
v -2.227972 33.994835 46.145241
v -2.228076 33.559013 46.139034
v -2.228092 33.551411 46.135757
v -2.228096 34.039085 46.115509
v -2.228008 34.017948 46.136047
v -2.224204 34.003540 50.639484
v -2.224768 33.539330 50.626190
v -2.224372 33.539413 50.619907
v -2.224264 33.990768 50.626339
v -2.224284 34.022846 50.620720
v -2.224344 34.010075 50.607574
v -2.321860 33.551384 46.139339
v -2.243932 33.551373 46.138996
v -2.255884 34.008301 46.145557
v -2.309692 34.008312 46.145798
v -2.252240 33.983078 50.612892
v -2.252344 33.547253 50.606686
v -2.306152 33.547264 50.606918
v -2.306048 33.983089 50.613132
v -2.252296 33.996735 50.599621
v -2.306104 33.996742 50.599861
v -1.972356 33.924606 46.103230
v -1.972880 33.926308 45.983707
v -1.821360 33.585060 52.795612
v -2.196284 34.036034 50.639824
v -1.825184 33.703300 51.925831
v -2.252380 33.539719 50.598930
v -2.327804 33.544983 50.230824
v -2.319928 33.545143 50.219318
v -2.319520 33.543835 50.311249
v -2.327496 33.543999 50.299812
v -2.306188 33.539730 50.599167
v -2.318272 33.539814 50.593407
v -1.812648 33.508347 52.794003
v -1.729432 33.703285 51.925404
v -1.812660 33.553562 45.977688
v -1.751572 33.813828 36.618530
v -1.775424 33.668922 36.628090
v -2.285576 33.646774 38.191422
v -2.358052 33.642525 38.491199
v -1.684556 33.529827 51.284084
v -1.170544 33.539532 50.594143
v -1.098072 33.543785 50.294380
v -1.708340 33.674416 51.297760
v -1.972972 33.553596 45.978397
v -1.576764 33.208008 44.061939
v -1.644884 33.337692 25.933249
v -1.764536 33.332779 25.928703
v -1.758952 33.319778 34.967934
v -1.744988 33.278267 38.129215
v -1.625392 33.274815 38.122211
v -1.724312 33.166512 44.061996
v -1.211324 33.097317 44.058743
v -1.239244 33.083858 44.058678
v -1.744964 33.241341 38.135731
v -1.744960 33.158806 38.139687
v -1.259892 33.163933 38.132484
v -1.597416 33.288078 38.135742
v -1.617824 33.636642 25.729868
v -1.616900 33.633690 25.937344
v -1.616972 33.351147 25.933319
v -1.604008 33.459236 36.637802
v -1.611304 33.482769 34.985703
v -1.121992 33.638851 38.191990
v -1.122096 33.203022 38.185780
v -1.101856 33.137745 44.018955
v -1.101752 33.573566 44.025162
v -1.120408 33.633736 38.550785
v -1.120680 33.634609 38.489441
v -1.727724 33.486370 36.625275
v -1.631972 33.486355 36.624851
v -1.734848 33.495872 35.013367
v -1.639096 33.495853 35.012943
v -1.632036 33.473087 36.611202
v -1.727788 33.473103 36.611626
v -1.589120 33.324409 25.919352
v -1.589056 33.606953 25.923376
v -1.593556 33.606953 25.923395
v -1.593684 33.057663 25.915567
v -1.764660 33.052452 25.910940
v -1.766324 33.054977 25.534773
v -1.593748 33.044395 25.901920
v -1.595356 33.049557 25.539251
v -1.766200 33.617771 25.539948
v -1.595408 33.063210 25.525980
v -1.595280 33.612503 25.533808
v -1.595216 33.625774 25.547464
v -1.593612 33.620605 25.910128
v -1.589112 33.620602 25.910105
v -1.590028 33.623558 25.702633
v -1.765448 33.630589 25.710608
v -1.567436 33.063019 25.539324
v -1.565832 33.057850 25.901987
v -1.565700 33.607143 25.909813
v -1.567304 33.612305 25.547144
v -1.211492 33.137764 44.019440
v -1.211456 33.114643 44.028633
v -1.211368 33.093506 44.049171
v -1.211388 33.573586 44.025654
v -1.231912 33.182770 38.146095
v -1.231852 33.195538 38.159233
v -1.231748 33.646893 38.165661
v -1.231776 33.176231 38.177998
v -1.231836 33.163464 38.164860
v -1.129772 33.124287 44.018890
v -1.183580 33.124294 44.019123
v -1.203880 33.203232 38.172684
v -1.150072 33.203220 38.172447
v -1.149968 33.639046 38.178654
v -1.203776 33.639053 38.178890
v -1.150016 33.189568 38.185711
v -1.203824 33.189579 38.185951
v -1.467112 33.207993 44.061455
v -1.466584 33.206287 44.180977
v -1.645788 33.636837 25.716532
v -1.259836 33.150280 38.145756
v -1.639152 33.509506 34.999672
v -1.751652 33.485771 36.613075
v -1.757692 33.504086 35.245155
v -1.758720 33.508175 35.012863
v -1.734904 33.509521 35.000095
v -1.723704 33.498127 44.186272
v -1.871840 33.208061 44.063244
v -1.884136 33.337734 25.934307
v -1.864636 33.274857 38.123272
v -1.885044 33.636879 25.717592
v -2.209420 33.084026 44.062965
v -2.237332 33.097496 44.063278
v -1.892488 33.288132 38.137051
v -2.230072 33.164101 38.136772
v -1.906380 33.482822 34.987003
v -1.899080 33.459286 36.639111
v -1.912040 33.351200 25.934620
v -1.911980 33.633739 25.938648
v -1.912896 33.636696 25.731176
v -2.365960 33.634827 38.494942
v -2.365688 33.633953 38.556293
v -2.347032 33.573788 44.030666
v -2.347136 33.137959 44.024460
v -2.367376 33.203239 38.191284
v -2.367272 33.639061 38.197495
v -1.775532 33.473110 36.611832
v -1.871284 33.473125 36.612255
v -1.878344 33.495895 35.014004
v -1.782592 33.495880 35.013577
v -1.782644 33.509529 35.000305
v -1.878400 33.509552 35.000729
v -1.935580 33.057720 25.917084
v -1.935456 33.607014 25.924908
v -1.939956 33.607014 25.924929
v -1.940024 33.324474 25.920900
v -1.937244 33.049618 25.540764
v -1.935644 33.044453 25.903433
v -1.937176 33.612564 25.535316
v -1.937304 33.063274 25.527500
v -1.940928 33.623623 25.704184
v -1.940016 33.620670 25.911655
v -1.935512 33.620667 25.911640
v -1.937112 33.625832 25.548971
v -1.965032 33.612373 25.548904
v -1.963424 33.607208 25.911568
v -1.963552 33.057919 25.903748
v -1.965160 33.063087 25.541080
v -2.237396 33.573769 44.030182
v -2.237376 33.093689 44.053703
v -2.237460 33.114822 44.033161
v -2.237500 33.137939 44.023972
v -2.257840 33.163643 38.169395
v -2.257780 33.176411 38.182533
v -2.265416 33.124485 44.023907
v -2.319224 33.124496 44.024143
v -2.285612 33.639244 38.183674
v -2.339420 33.639256 38.183914
v -2.339524 33.203426 38.177704
v -2.285716 33.203415 38.177464
v -2.285656 33.189766 38.190735
v -2.339468 33.189774 38.190968
v -1.981492 33.208080 44.063721
v -1.980964 33.206379 44.183250
v -2.230016 33.150448 38.150047
v -2.257920 33.182945 38.150627
v -1.871220 33.486397 36.625912
v -2.257860 33.195721 38.163765
v -1.775468 33.486378 36.625488
v -2.257752 33.647076 38.170200
v -1.567804 33.179104 46.090820
v -1.583196 33.138733 52.567215
v -1.591660 33.166023 50.651684
v -1.711308 33.169659 50.645840
v -1.582152 33.431587 52.792374
v -1.701744 33.425152 52.799171
v -1.230280 33.054955 46.087559
v -1.202364 33.068413 46.087627
v -1.563800 33.179668 50.638294
v -1.226276 33.055519 50.635036
v -1.711392 33.050549 50.631973
v -1.711348 33.132931 50.638279
v -1.558056 33.311050 51.932526
v -1.560996 33.320526 51.267094
v -1.555280 33.152191 52.567284
v -1.555212 33.434731 52.571308
v -1.554296 33.431774 52.778786
v -1.090164 33.536198 50.290413
v -1.090436 33.537071 50.229065
v -1.092436 33.543526 46.133797
v -1.092540 33.107700 46.127590
v -1.088956 33.096134 50.581657
v -1.088852 33.531960 50.587864
v -1.684540 33.333630 51.294758
v -1.588788 33.333611 51.294334
v -1.586088 33.324902 51.905918
v -1.681840 33.324917 51.906338
v -1.681776 33.338188 51.919998
v -1.586024 33.338173 51.919575
v -1.530028 33.402061 52.973869
v -1.530156 32.852768 52.966049
v -1.701140 32.858501 52.958733
v -1.700996 33.407478 52.969391
v -1.543260 33.417927 52.805466
v -1.544180 33.420883 52.597992
v -1.531684 33.420879 52.597939
v -1.530084 33.415714 52.960602
v -1.502172 33.402248 52.960289
v -1.503772 33.407417 52.597626
v -1.503904 32.858124 52.589794
v -1.502300 32.852955 52.952465
v -1.202072 33.543549 46.134281
v -1.202320 33.064335 46.097092
v -1.202224 33.084877 46.118229
v -1.202176 33.107719 46.128075
v -1.198508 33.055984 50.602413
v -1.198560 33.069115 50.589642
v -1.174264 33.094254 46.127762
v -1.120456 33.094242 46.127518
v -1.170512 33.531784 50.601685
v -1.116704 33.531773 50.601448
v -1.116808 33.095947 50.595238
v -1.170616 33.095955 50.595482
v -1.170680 33.082687 50.581825
v -1.116868 33.082680 50.581593
v -1.458148 33.179085 46.090336
v -1.458676 33.180786 45.970814
v -1.527312 33.125072 52.580238
v -1.226340 33.042255 50.621380
v -1.198420 33.074745 50.621719
v -1.527244 33.407612 52.584267
v -1.588844 33.347263 51.281063
v -1.531748 33.407612 52.584278
v -1.531876 32.858318 52.576466
v -1.531820 32.844669 52.589729
v -1.530220 32.839500 52.952396
v -1.198472 33.087883 50.608952
v -1.684596 33.347282 51.281487
v -1.705704 33.337200 51.907406
v -1.706048 33.337524 51.829853
v -1.708412 33.346333 51.293877
v -1.715800 33.472633 45.976105
v -1.862876 33.179157 46.092125
v -1.822444 33.138775 52.568275
v -1.830904 33.166065 50.652744
v -2.228368 33.068592 46.092163
v -2.200460 33.055126 46.091850
v -2.196456 33.055691 50.639317
v -1.858872 33.179718 50.639599
v -1.849368 33.431828 52.780090
v -1.850284 33.434780 52.572609
v -1.850352 33.152241 52.568584
v -1.856072 33.320583 51.268402
v -1.853132 33.311104 51.933830
v -2.334128 33.532177 50.593369
v -2.334232 33.096348 50.587158
v -2.337820 33.107918 46.133091
v -2.337716 33.543743 46.139301
v -2.335716 33.537289 50.234570
v -2.335444 33.536415 50.295918
v -1.732340 33.347290 51.281696
v -1.828088 33.347309 51.282120
v -1.729580 33.324924 51.906551
v -1.825332 33.324944 51.906971
v -1.828032 33.333656 51.295391
v -1.732280 33.333641 51.294968
v -1.872052 32.852829 52.967556
v -1.871924 33.402122 52.975384
v -1.871980 33.415775 52.962116
v -1.873580 33.420940 52.599449
v -1.859892 33.420940 52.599388
v -1.858972 33.417980 52.806862
v -1.900028 32.853027 52.954224
v -1.901628 32.858192 52.591557
v -1.901500 33.407482 52.599380
v -1.899896 33.402321 52.962048
v -2.228184 33.107899 46.132607
v -2.228232 33.085056 46.122761
v -2.228328 33.064510 46.101624
v -2.228080 33.543728 46.138817
v -2.224424 33.074924 50.626255
v -2.224480 33.088062 50.613487
v -2.224372 33.539421 50.619919
v -2.224568 33.069294 50.594173
v -2.224516 33.056156 50.606949
v -2.309912 33.094456 46.132774
v -2.256100 33.094444 46.132542
v -2.252448 33.096146 50.600258
v -2.306260 33.096157 50.600494
v -2.306156 33.531979 50.606705
v -2.252348 33.531971 50.606464
v -2.306320 33.082890 50.586845
v -2.252512 33.082874 50.586609
v -1.972532 33.179176 46.092609
v -1.973060 33.180874 45.973083
v -1.878212 33.125134 52.581787
v -1.821396 33.431633 52.793423
v -2.196520 33.042423 50.625668
v -1.878148 33.407673 52.585815
v -1.825272 33.338211 51.920631
v -1.873644 33.407673 52.585800
v -1.873720 32.844727 52.591240
v -1.873776 32.858379 52.577976
v -1.872116 32.839561 52.953907
v -1.729516 33.338196 51.920204
v -1.751640 33.524338 36.614410
v -1.708408 33.384918 51.293644
v -1.702808 32.836639 52.582218
s 1
usemtl itu_metal
f 10709 10710 10719 10720
f 10522 10524 10523
f 10522 10525 10524
f 10707 10708 10725 10726
f 11029 11032 11031 11030
f 10524 10535 10531
f 10624 10625 10955
f 10536 10538 10537
f 11093 11094 10849 10832
f 10820 10805 10806 10819
f 10934 10999 10998 10943 10866 10933
f 10865 11130 11129 10842 10843
f 10910 10904 10976 10911
f 10556 10558 10557
f 10555 10558 10556
f 10555 10526 10558
f 10553 10526 10555
f 10560 10559 10646 10647 10554 10561
f 10899 10896 10868 10971 10968 10900
f 10566 10562 10569
f 10852 10838 10793 10853
f 10604 10542 10889
f 10647 10646 10655 10656
f 10659 10658 10662 10984 10987 10986 10989 11003 11005 10685 11001 10988 10985 10948 10620 10661 10663 10664 10660
f 11106 11107 11085 11086
f 10933 10866 10530 10520 10595
f 10588 10594 10593 10587
f 11109 11110 11136 11138
f 10640 10641 10967 10966
f 10558 10522 10538
f 10540 10597 10566
f 10577 10527 10528
f 10748 10763 10704 10762
f 10567 10557 10539
f 10551 10537 10548
f 10599 10536 10552
f 10572 10556 10568
f 10573 10561 10555
f 10570 10564 10560
f 10571 10569 10563
f 10574 10587 10578
f 10590 10600 10580
f 10543 10602 10601
f 10542 10604 10603
f 10637 10638 10641 10640
f 10546 10592 10594
f 10585 10602 10543 10544
f 10820 10819 10818 10817
f 11008 11014 11020 11007
f 10583 10527 10577
f 10527 10583 10598
f 10543 10888 10887 10886 10885 10884 10889 10542 10541 10546 10545 10544
f 10550 10608 10549
f 10550 10609 10608
f 10607 10609 10550
f 10909 10910 10879 10880
f 10572 10568 10569 10571
f 11083 11116 11120 11133
f 10593 10578 10587
f 10578 10593 10584
f 11121 11122 11128 11127
f 10607 10550 10547
f 10608 10610 10549
f 10523 10524 10531
f 10558 10526 10522
f 10597 10565 10566
f 10533 10534 10598
f 10561 10554 10555
f 10564 10559 10560
f 10569 10562 10563
f 11070 11137 11138 11069
f 10524 10616 10615
f 10525 10616 10524
f 10717 10720 10719 10718
f 10839 10798 10793 10838
f 10621 10535 10524
f 10624 10626 10625
f 10846 10855 11140 11135
f 10868 10867 10869 10944
f 10976 10979 10978 10977
f 10852 10853 11090 11125
f 10533 10598 10583 10579
f 10758 10759 10750 10751
f 10642 10644 10643
f 10642 10645 10644
f 10526 10645 10642
f 10553 10645 10526
f 11119 11113 11120 11116 10827 11118 11117
f 10743 10744 10751 10750 10714 10715 10753 11025 11026 11054 11053 11050 11047 10752
f 10562 10653 10650
f 10562 10566 10565 10653
f 10915 10912 10905 10906
f 11024 10774 10716
f 10727 10728 10741 10742
f 10959 10991 10990 10987 10984 10667 10658 10659 10666 10665 10633 10634 10668 10958
f 10567 10539 10540 10566
f 10712 10713 10756 10757
f 10627 10616 10642
f 10653 10617 10625
f 10620 10619 10661
f 10626 10643 10652
f 10680 10628 10639
f 10638 10629 10641
f 10651 10644 10657
f 10645 10647 10656
f 10646 10649 10655
f 10648 10650 10654
f 10660 10666 10659
f 11073 11029 11030 11067
f 10674 10671 10632
f 10618 10625 10617
f 10989 10996 10995 11003
f 10628 10629 10638 10639
f 10619 10663 10661
f 10663 10619 10679
f 10605 10591 10541 10606
f 10636 10609 10607
f 10636 10608 10609
f 10636 10637 10608
f 10573 10572 10571 10570
f 10966 10940 10608 10640
f 11052 11059 11058 11072
f 10568 10556 10557 10567
f 11093 11092 11091 11090 11095 10794 10793 10798 10797 10796 10795 11094
f 11124 11123 11126 11125
f 10649 10648 10654 10655
f 10669 10686 10685
f 10660 10673 10666
f 10673 10660 10664
f 10570 10560 10561 10573
f 10804 10788 10789 10803
f 10573 10555 10556 10572
f 10693 10694 10708 10701
f 10817 10809 10810 10820
f 11110 11111 11104 11105
f 10858 10857 11141
f 10684 10636 10607
f 10637 10640 10608
f 10621 10524 10615
f 10616 10526 10642
f 10653 10565 10617
f 10679 10534 10622
f 10645 10554 10647
f 10646 10559 10649
f 10648 10562 10650
f 10695 10694 10693 10692 10781 10780
f 10630 10860 10956
f 10935 10911 10565 10597
f 10552 10551 10550 10549
f 10701 10702 10692
f 10947 11000 10876 10936 10874
f 10676 10998 10999 10675
f 10701 10709 11019 11018 11014
f 11097 11096 10799 10800
f 10835 10797 10798 10841
f 11020 11014 11018 10710 10709 10701 10708 10707 10706 11022 11021
f 10713 10712 10711 11023 11028 11027 11026 11025 11024 10716 10715 10714
f 10851 10794 11095
f 10725 10727 10726
f 10725 10728 10727
f 10695 10728 10725
f 10724 10728 10695
f 10732 10734 10730 10812 10811 10733
f 10730 10729 10731 10723 10810 10809
f 10553 10555 10554 10645
f 10537 10538 10531 10878 10881 10882
f 10906 10905 10901 10975 10974 10904
f 11135 11140 11098 11099
f 11039 11038 11042 11041 11040
f 10925 10926 10932 10931
f 10773 10753 10715 10716
f 10773 11024 11025 10753
f 10912 10913 10902 10903
f 10937 10941 10892 10893
f 10708 10694 10725
f 10738 10696 10706
f 10700 10698 10746
f 10764 10709 10720
f 10719 10710 10722
f 10736 10727 10742
f 10728 10731 10741
f 10729 10734 10740
f 10732 10735 10739
f 10745 10751 10744
f 10922 10930 10927 10921
f 10759 10756 10713
f 11022 10706 10696 11010
f 11121 11127 11091 11092
f 10962 10965 10964 10963
f 11034 10722 10710 11018
f 10698 10748 10746
f 10748 10698 10763
f 10717 10770 10769
f 10717 10771 10770
f 10717 10718 10771
f 10980 10983 10982 10981
f 11033 11074 10771 10721
f 10718 10719 10722 10721
f 10736 10726 10727
f 10726 10736 10737
f 10589 10582 10584 10593
f 11051 11065 11015 11064
f 10955 10976 10977 10954
f 10745 10758 10751
f 10758 10745 10749
f 10713 10714 10750 10759
f 10954 10970 10971 10953
f 10734 10732 10739 10740
f 10763 10698 10699 10782 10845 10703
f 10768 10717 10769
f 10718 10721 10771
f 10701 10692 10693
f 10694 10695 10725
f 10738 10697 10696
f 10763 10703 10704
f 10728 10723 10731
f 10729 10730 10734
f 10732 10733 10735
f 10760 10779 10843 10842 10778 10691 10761
f 11107 11038 11039 11011
f 10995 10996 10997 10994
f 10975 10983 10980 10974
f 10692 10702 10784
f 10969 10981 10982 10968
f 10766 10767 11056 11028
f 10791 10790 10784 11084 11088 10789 10788 10787 10792
f 11059 11053 11054 11060
f 10806 10808 10807
f 10805 10808 10806
f 10805 10695 10808
f 10724 10695 10805
f 10946 10618 10617 10565 10911
f 11106 11105 11104 11038 11107
f 10682 10631 10672 10683
f 10952 10963 10964 10951
f 10733 10813 10697 10738
f 10881 10878 10871 10867
f 11072 10765 10749 10748 10762 11065 11051 11049 11052
f 11019 11030 11031 11018
f 10775 10766 11028 11023
f 10839 10838 10837 10836
f 10663 10679 10622 10678
f 10664 10681 10670 10673
f 10808 10780 10790
f 10792 10844 10813
f 10824 10782 10783
f 10525 10522 10526 10616
f 10803 10789 10800
f 10846 10788 10804
f 10819 10806 10815
f 10820 10810 10805
f 10817 10812 10809
f 10818 10816 10811
f 10821 10834 10825
f 10837 10847 10827
f 11109 11108 11111 11110
f 10795 10849 10848
f 10794 10851 10850
f 10798 10839 10841
f 10689 10630 10631 10682
f 10787 10844 10792
f 10844 10787 10854
f 10571 10563 10564 10570
f 10846 11135 11089 10788
f 10830 10782 10824
f 10782 10830 10845
f 10790 10780 10781 10784
f 10802 10771 10801
f 10802 10770 10771
f 10769 10770 10802
f 10828 10829 10836 10837
f 10855 10771 11074 11140
f 10807 10815 10806
f 10815 10807 10814
f 10996 10990 10991 10997
f 11100 11101 11096 11097
f 10840 10825 10834
f 10825 10840 10831
f 10818 10811 10812 10817
f 10819 10815 10816 10818
f 10846 10804 10801 10855
f 10841 10839 10836 10840
f 10968 10971 10970 10969
f 10600 10590 10591 10605
f 10813 10733 10816 10815 10814
f 11032 11033 11034 11031
f 10769 10802 10799
f 10771 10855 10801
f 10781 10692 10784
f 10808 10695 10780
f 10844 10697 10813
f 10786 10703 10845
f 10810 10723 10805
f 10812 10730 10809
f 10816 10733 10811
f 10592 10546 10541 10591
f 10599 10610 10941 10937
f 10850 11095 11090 10853
f 11127 11128 11123 11124
f 10588 10545 10546 10594
f 10586 10575 10576
f 11116 10785 10826 10827
f 10579 10532 10533
f 10548 10537 10882 10891
f 10992 10995 10994 10993
f 10581 10590 10580
f 11111 11108 11102 11103
f 10945 10949 10953 10944
f 10670 10671 10674 10673
f 11108 11109 11137 11139
f 10521 10675 10677 10613 10612 10942 10611
f 10552 10536 10537 10551
f 10574 10578 10584 10582 10581 10580 10579 10583 10577 10528 10529 10873 10918 10924 10917 10916 10919 10576 10575
f 10908 10909 10897 10898
f 10614 10943 10998 10676
f 10662 10658 10667
f 10859 10669 10685
f 10687 10635 10688
f 10860 10630 10689
f 10920 10532 10579 10580
f 10623 10678 10622
f 11066 11134 11131 11063
f 10668 10687 10957 10958
f 10861 10864 11142
f 10858 10607 10857
f 10858 10684 10607
f 10547 10548 10891 10890
f 10543 10601 10888
f 10847 10852 11125 11126
f 10747 10743 10752
f 10862 10754 10772
f 10773 10716 10774
f 10863 10711 10775
f 10705 10762 10704
f 10538 10522 10523 10531
f 10861 10769 10864
f 10861 10768 10769
f 10777 10612 10613 10776
f 10844 10854 11132 11011 10697
f 10581 10582 10589 10590
f 10862 10767 10757 10754
f 10833 10822 10823
f 10826 10785 10786
f 11096 11076 11142 10864 10769 10799
f 10828 10837 10827
f 10652 10651 10650 10653
f 10690 10856 10776 10613
f 10914 10915 10907 10908
f 10760 10761 11061 11062
f 10594 10592 10589 10593
f 10850 10853 10793 10794
f 10814 10807 10791 10792 10813
f 10867 10870 10869
f 10867 10871 10870
f 11021 11066 11063 11020
f 10870 10878 10875
f 10706 10707 10726 10737 10738
f 10898 10897 10896 10899
f 10881 10883 10882
f 10536 10883 10881 10880 10879 10540 10539 10538
f 10592 10591 10590 10589
f 10893 10892 10895 10894
f 10923 10917 10924 10920 10580 10922 10921
f 10901 10903 10902 10900 10973 10972
f 11037 11036 11035 11038 11103 11102
f 10534 10533 10535 10621 10949 10875 10950 10623 10622
f 10904 10910 10907
f 10913 10912 10915 10914
f 10678 10685 10686 10681 10664 10663
f 10928 10927 10930 10929
f 10586 10919 10916 10926 10925 10886 10887 10585 10544 10545 10588 10587 10574 10575
f 10721 10722 11034 11033
f 10739 10742 10741 10740
f 10877 10920 10924 10936
f 10896 10881 10867
f 10879 10910 10935
f 10918 10873 10874
f 10927 10932 10923 10921
f 10909 10880 10897
f 10894 10891 10882
f 10937 10893 10883
f 10914 10908 10898
f 10913 10899 10902
f 10912 10903 10905
f 10915 10906 10907
f 10916 10917 10926
f 10930 10580 10600
f 10636 10639 10638 10637
f 10888 10601 10602
f 10889 10603 10604
f 10913 10914 10898 10899
f 10885 10931 10928
f 10615 10616 10627 10621
f 10605 10606 10884 10929
f 10536 10599 10937 10883
f 10924 10874 10936
f 10874 10924 10918
f 11123 11128 11119 11117
f 10940 10895 10892
f 10939 10895 10940
f 10938 10895 10939
f 10894 10895 10890 10891
f 10610 10608 10940 10941
f 10585 10887 10888 10602
f 10754 10757 10756 10755
f 10893 10894 10882 10883
f 10932 10917 10923
f 10917 10932 10926
f 10654 10657 10656 10655
f 10925 10931 10885 10886
f 10600 10605 10929 10930
f 10619 10527 10598 10534 10679
f 10685 10678 10623 11001
f 10938 10890 10895
f 10940 10892 10941
f 10871 10878 10870
f 10896 10867 10868
f 10935 10910 10911
f 10877 10936 10876
f 10902 10899 10900
f 10905 10903 10901
f 10907 10906 10904
f 10795 10848 11094
f 10944 10870 10945
f 10869 10870 10944
f 10866 10943 10872 10947 10874 10873 10529 10530
f 10949 10870 10875
f 10953 10949 10621 10629 10628 10952 10951 10624 10954
f 10624 10955 10954
f 10928 10929 10884 10885
f 10960 10959 10958 10957 10635 10634 10633 10632 10631 10630 10956 10961
f 10566 10569 10568 10567
f 10735 10736 10742 10739
f 10896 10897 10880 10881
f 10632 10633 10665 10674
f 10629 10621 10627 10626 10624
f 10976 10904 10979
f 10768 10764 10720 10717
f 10779 10776 10856 10865 10843
f 10755 10756 10759 10758
f 11004 10962 10963 11002
f 10723 10728 10724 10805
f 10749 10765 10755 10758
f 10775 10711 10712 10766
f 10953 10971 10944
f 10976 10955 10946
f 10948 10985 10947
f 10954 10977 10970
f 11002 10963 10952
f 10964 10967 10951
f 10978 10981 10969
f 10968 10982 10973
f 10972 10983 10975
f 10974 10980 10979
f 10986 10987 10990
f 10786 10845 10830 10826
f 10973 10982 10983 10972
f 10997 10960 10994
f 10955 10618 10946
f 10682 10683 10993 10961
f 10673 10674 10665 10666
f 11027 11060 11054 11026
f 10947 10988 11000
f 10988 10947 10985
f 10962 10940 10965
f 10962 10939 10940
f 10962 10938 10939
f 10808 10790 10791 10807
f 10965 10966 10967 10964
f 10731 10729 10740 10741
f 10650 10651 10657 10654
f 10992 10685 11005
f 10986 10996 10989
f 10996 10986 10990
f 10689 10682 10961 10956
f 11003 10995 10992 11005
f 10970 10977 10978 10969
f 10960 10997 10991 10959
f 10699 10691 10778 11078 11081 10783 10782
f 11004 10938 10962
f 10965 10940 10966
f 10949 10945 10870
f 10944 10971 10868
f 10976 10946 10911
f 11000 10950 10876
f 10968 10973 10900
f 10972 10975 10901
f 10974 10979 10904
f 10961 10993 10994 10960
f 10626 10627 10642 10643
f 11079 11080 11009 11008 11007
f 11014 11009 11017
f 10562 10648 10649 10559 10564 10563
f 10786 10702 10701 11014 11017 11015 10705 10704 10703
f 11043 11046 11045 11044
f 10804 10803 10802 10801
f 10669 10672 10671 10670
f 10743 10747 11047 11050 11049 11051 11048 11013 10700 10746 10748 10749 10745 10744
f 10766 10712 10757 10767
f 10643 10644 10651 10652
f 10988 11001 10950 11000
f 10950 10875 10878 10531 10535 10533 10532 10877 10876
f 10979 10980 10981 10978
f 11055 11058 11057 11056
f 11070 11045 11046 11071
f 11020 11063 11007
f 11039 11022 11010
f 11013 11048 11012
f 11021 11040 11066
f 11067 11030 11019
f 11031 11034 11018
f 11041 11044 11068
f 11069 11045 11070
f 11071 11046 11036
f 11035 11043 11042
f 11049 11050 11053
f 11060 11027 11057
f 11022 11039 11040 11021
f 11012 11051 11064
f 11051 11012 11048
f 11068 11044 11045 11069
f 11029 11074 11032
f 11029 11075 11074
f 11029 11076 11075
f 10558 10538 10539 10557
f 11041 11066 11040
f 11066 11041 11068
f 10597 10540 10879 10935
f 10835 10841 10840 10834
f 10551 10548 10547 10550
f 10765 11072 11058 11055 10772 10754 10755
f 11049 11059 11052
f 11059 11049 11053
f 10796 10832 10849 10795
f 10641 10629 10624 10951 10967
f 11058 11059 11060 11057
f 11028 11056 11057 11027
f 10859 10992 10993 10683
f 11016 11133 11082 11012 11064
f 11073 11076 11029
f 11032 11074 11033
f 11014 11008 11009
f 11042 11043 11044 11041
f 11039 11010 11011
f 11064 11015 11016
f 11035 11042 11038
f 11078 11006 10691 10699 10698 10700 11013 11012 11082 11081
f 10599 10552 10549 10610
f 11009 11084 11017
f 10631 10632 10671 10672
f 10836 10829 10831 10840
f 11086 11085 10787 10788 11089 11088 11084 11087
f 10521 10596 10595 10520 10614 10676 10675
f 11099 11098 11101 11100
f 10625 10618 10955
f 10644 10645 10656 10657
f 10909 10908 10907 10910
f 10737 10736 10735 10733 10738
f 11036 11046 11043 11035
f 10823 10822 10821 10825 10831 10829 10828 10827 10826 10830 10824 10783 11081 11114 11120 11113 11112 11115
f 10684 10680 10639 10636
f 10681 10686 10669 10670
f 10796 10797 10835 10834 10821 10822 10833 11115 11112 11122 11121 11092 11093 10832
f 10803 10800 10799 10802
f 10842 11129 11078 10778
f 10934 10596 10521 10611 10942 10690 10613 10677 10675 10999
f 11078 11129 11130 11062 11061 11006
f 11131 11087 11079
f 11085 11107 11132
f 11114 11081 11082
f 11106 11086 11134
f 11100 11097 11088
f 11135 11099 11089
f 11110 11105 11136
f 11109 11138 11137
f 11108 11139 11102
f 11111 11103 11104
f 11112 11113 11122
f 11126 10827 10847
f 10931 10932 10927 10928
f 11094 10848 10849
f 11095 10850 10851
f 11131 11079 11007 11063
f 11091 11127 11124
f 11099 11100 11088 11089
f 10787 11132 10854
f 11132 10787 11085
f 11087 11084 11080 11079
f 11120 11082 11133
f 11082 11120 11114
f 11131 11134 11086 11087
f 11074 11101 11098
f 11075 11101 11074
f 11076 11101 11075
f 11134 11105 11106
f 11105 11134 11136
f 11124 11125 11090 11091
f 11128 11113 11119
f 11113 11128 11122
f 10777 11077 10942 10612
f 10957 10688 10635
f 10625 10626 10652 10653
f 11076 11096 11101
f 11074 11098 11140
f 11080 11084 11009
f 11132 11107 11011
f 11083 11133 11016
f 11104 11103 11038
f 10603 10889 10884 10606
f 10586 10576 10919
f 10532 10920 10877
f 10696 10697 11011 11010
f 10890 10938 11141 10857 10607 10547
f 10847 10837 10838 10852
f 10922 10580 10930
f 10668 10634 10635 10687
f 10603 10606 10541 10542
f 10711 10863 11023
f 10680 10684 10858 11004 11002
f 10662 10667 10984
f 10859 10685 10992
f 10687 10688 10957
f 10860 10689 10956
f 11001 10623 10950
f 11002 10952 10628 10680
f 10858 10938 11004
f 10858 11141 10938
f 10596 10934 10933 10595
f 10761 10691 11006 11061
f 10747 10752 11047
f 10862 10772 11055
f 10773 10774 11024
f 10863 10775 11023
f 11065 10705 11015
f 11067 11019 10709 10764
f 10861 11076 11073
f 10861 11142 11076
f 10619 10620 10948 10947 10872 10943 10614 10520 10530 10529 10528 10527
f 11036 11102 11139 11071
f 10764 10768 10861 11073 11067
f 10833 10823 11115
f 10785 11116 11083
f 10800 10789 11088 11097
f 10859 10683 10672 10669
f 11118 10827 11126
f 10862 11055 11056 10767
f 10762 10705 11065
f 10942 11077 10856 10690
f 11070 11137 11143
f 11118 11126 11123 11117
f 11069 11138 11136 11068
f 11071 11139 11137 11070
f 11066 11136 11134
f 11068 11136 11066
f 11062 11130 10865 10856 11077 10777 10776 10779 10760
f 11016 11015 11017 11084 10784 10702 10786 10785 11083
o 02_-_Structure.004_Mesh.876
v -1.844440 35.307430 54.800671
v -1.879308 35.270695 54.800686
v -1.807704 35.272564 54.800835
v -1.427104 35.758282 55.491470
v -1.426884 35.758030 55.389217
v -1.029448 35.380783 55.391029
v -1.029672 35.381042 55.493282
v -1.115688 35.292389 55.492577
v -1.113548 35.292179 55.391075
v -1.989672 36.292393 55.753021
v -1.988880 36.291466 55.386658
v -2.075084 36.200642 55.386700
v -2.075876 36.201569 55.753059
v -1.513312 35.667465 55.491516
v -1.513092 35.667206 55.389263
v -2.681232 36.775356 54.084389
v -2.595024 36.866177 54.084347
v -2.399312 36.680408 54.085239
v -2.485516 36.589584 54.085285
v -2.399460 36.680588 54.155388
v -2.485940 36.590080 54.280655
v -2.681652 36.775848 54.279762
v -2.331424 36.444130 55.751900
v -2.245212 36.534943 55.751858
v -2.244428 36.534027 55.385494
v -2.581316 36.418049 56.265385
v -2.464116 36.306801 56.265915
v -2.580156 36.415047 55.385071
v -2.462952 36.303795 55.385605
v -1.981640 36.187004 54.079460
v -2.206844 36.400764 54.078430
v -1.111052 35.289253 54.233448
v -1.076356 35.325809 54.233429
v -1.026800 35.377678 54.161644
v -1.808972 35.274052 55.389622
v -2.784376 36.199894 55.385174
v -2.783480 36.198841 54.968903
v -3.019676 36.423035 54.967827
v -3.019248 36.422531 54.768776
v -1.844384 35.307369 54.774128
v -2.333408 36.446461 56.673904
v -2.185784 36.306431 56.861485
v -1.908792 36.043720 57.292591
v -2.451016 36.558182 56.860279
v -1.933396 36.238205 54.157513
v -2.158600 36.451965 54.156487
v -2.386488 36.213467 54.486580
v -2.161276 35.999706 54.487610
v -1.469868 35.699322 54.231636
v -1.353564 35.282932 54.232941
v -1.363212 35.292091 54.232899
v -1.372372 35.282440 54.232903
v -1.878084 35.269257 54.231846
v -1.118108 35.292339 55.498390
v -1.121980 35.296886 57.296173
v -2.450612 36.557709 56.673370
v -1.842572 35.235825 54.800854
v -1.024948 35.208084 55.391479
v -1.402188 34.810646 55.391670
v -1.402412 34.810905 55.493923
v -1.025168 35.208340 55.493732
v -1.493232 34.897110 55.493507
v -1.493016 34.896854 55.391254
v -1.022292 35.204967 54.162090
v -1.074500 35.254559 54.233612
v -1.842516 35.235760 54.774315
v -1.912248 35.162292 54.774349
v -1.559024 34.827312 55.391289
v -1.362724 35.273281 54.232944
v -1.448016 34.861038 54.233807
v -2.018780 35.123764 54.800758
v -2.053648 35.087029 54.800774
v -2.016912 35.052155 54.800941
v -2.084156 34.269623 55.391567
v -2.481592 34.646866 55.389759
v -2.481812 34.647125 55.492012
v -2.084372 34.269875 55.493820
v -2.000324 34.360405 55.493027
v -2.000052 34.358223 55.391525
v -2.957376 35.271122 55.387150
v -3.043584 35.180302 55.387196
v -3.044372 35.181225 55.753555
v -2.958168 35.272049 55.753510
v -2.395600 34.737942 55.491966
v -2.395384 34.737682 55.389713
v -3.454016 35.569248 54.085773
v -3.649724 35.755013 54.084885
v -3.563520 35.845837 54.084843
v -3.367804 35.660069 54.085732
v -3.454164 35.569420 54.155930
v -3.368228 35.660561 54.281101
v -3.563940 35.846329 54.280212
v -3.299920 35.423790 55.752392
v -3.213712 35.514606 55.752350
v -3.299128 35.422859 55.386028
v -3.083232 35.654537 56.266232
v -3.200436 35.765785 56.265694
v -3.080600 35.653084 55.385918
v -3.197804 35.764332 55.385384
v -3.164728 35.391609 54.078922
v -2.939520 35.177845 54.079945
v -2.081504 34.266510 54.162182
v -2.032252 34.318737 54.233917
v -1.997556 34.355289 54.233898
v -2.053592 35.086960 54.774235
v -3.228452 36.202126 54.768883
v -3.228880 36.202629 54.967934
v -2.992688 35.978432 54.969009
v -2.993580 35.979485 55.385281
v -2.018176 35.053646 55.389725
v -3.215700 35.516941 56.674355
v -2.791084 35.114201 57.293041
v -3.068076 35.376911 56.861935
v -3.333304 35.628662 56.860725
v -2.988100 35.127037 54.158051
v -2.425764 34.692257 54.232124
v -2.761636 35.367203 54.487911
v -2.986844 35.580967 54.486885
v -3.213304 35.340801 54.157024
v -2.003884 34.597805 54.233273
v -2.013528 34.606960 54.233227
v -2.004368 34.616611 54.233223
v -2.017548 35.122318 54.231918
v -3.332900 35.628193 56.673820
v -2.004272 34.367367 57.296627
v -2.000396 34.362820 55.498837
v -1.982040 35.088894 54.800926
v -1.534432 34.671825 55.493992
v -1.534204 34.671558 55.391739
v -1.911456 34.274124 55.391930
v -1.911672 34.274380 55.494183
v -1.625252 34.758030 55.493576
v -1.625028 34.757767 55.391319
v -1.961004 34.320595 54.234070
v -1.908800 34.271011 54.162544
v -1.981984 35.088825 54.774384
v -1.994716 34.607452 54.233269
v -1.587484 34.714108 54.233875
v -2.206588 36.399960 23.625580
v -1.981384 36.186195 23.626604
v -1.112192 35.290211 23.630745
v -1.029596 35.380280 23.630692
v -1.932740 36.237442 23.626579
v -2.594520 36.865589 23.623564
v -2.157940 36.451202 23.625561
v -1.352304 35.282207 53.940308
v -1.362276 35.291672 53.940262
v -1.373308 35.283230 53.940262
v -1.025100 35.207577 23.631140
v -1.361768 35.272232 53.940311
v -3.121868 36.310013 23.623837
v -3.164004 35.391285 23.626072
v -2.938804 35.177528 23.627096
v -2.084300 34.269115 23.631231
v -1.998696 34.356247 23.631195
v -2.987444 35.126278 23.627115
v -3.649224 35.754429 23.624104
v -3.212652 35.340038 23.626097
v -2.013208 34.605904 53.940598
v -2.003236 34.596436 53.940643
v -2.005304 34.617397 53.940582
v -1.911600 34.273613 23.631592
v -1.993772 34.606407 53.940636
s 1
usemtl itu_metal
f 11273 11274 11221 11222
f 11198 11186 11255 11268
f 11284 11175 11208 11207 11292
f 11225 11224 11223 11226
f 11170 11169 11240 11239
f 11263 11277 11281 11280
f 11146 11144 11183 11182 11181 11180 11179 11178
f 11203 11202 11201 11204
f 11237 11236 11225 11226
f 11180 11181 11250 11251
f 11187 11257 11256 11185
f 11183 11192 11176 11177 11188 11191 11190 11189 11163 11164 11165 11182
f 11287 11288 11282 11283 11286 11285 11284 11292 11305 11298 11297 11299 11296 11295 11301 11300 11294
f 11283 11282 11174 11173
f 11288 11287 11160 11161 11163 11189
f 11239 11240 11242 11241
f 11161 11160 11159 11162
f 11286 11188 11177 11285
f 11187 11199 11267 11257
f 11235 11231 11232 11234
f 11203 11204 11151 11205
f 11299 11297 11245 11258
f 11197 11151 11157
f 11184 11199 11187 11185 11186 11198 11197 11157 11158 11155 11156 11166
f 11243 11244 11173 11174
f 11221 11220 11217 11222
f 11210 11209 11200
f 11210 11200 11146
f 11211 11206 11205
f 11205 11151 11197
f 11211 11205 11197
f 11146 11200 11145 11144
f 11149 11150 11151 11152
f 11192 11196 11213 11212 11195 11194 11193 11208 11175 11176
f 11236 11238 11224 11225
f 11209 11213 11196 11145 11200
f 11219 11220 11221 11227
f 11303 11302 11264 11263
f 11174 11282 11288 11189 11190 11261 11262 11301 11295 11243
f 11182 11165 11159 11160 11287 11294 11250 11181
f 11306 11280 11265 11304
f 11163 11161 11162 11164
f 11169 11171 11179 11180 11251 11252 11242 11240
f 11296 11244 11243 11295
f 11298 11247 11246 11245 11297
f 11149 11148 11147 11150
f 11269 11211 11197 11198 11268
f 11232 11229 11233 11234
f 11253 11252 11251 11250 11249 11248 11215 11216
f 11202 11203 11205 11206
f 11185 11256 11255 11186
f 11219 11218 11217 11220
f 11231 11230 11229 11232
f 11145 11196 11192 11183 11144
f 11157 11147 11148 11158
f 11248 11259 11266 11214 11215
f 11212 11213 11208 11193
f 11194 11290 11289 11193
f 11227 11221 11269
f 11239 11241 11238 11236 11237 11254 11184 11166 11167 11168 11172 11170
f 11255 11256 11257 11267 11254 11237 11226 11223 11228 11227 11269 11268
f 11273 11272 11271 11274
f 11259 11248 11249 11235 11234 11233 11262 11261 11260 11258 11245 11246
f 11275 11271 11272 11276
f 11151 11204 11201 11152
f 11279 11210 11146 11178 11253 11216 11270
f 11289 11293 11212 11193
f 11280 11306 11303 11263
f 11269 11221 11275
f 11211 11269 11275
f 11276 11211 11275
f 11247 11277 11263 11264 11265 11280 11281 11266 11259 11246
f 11214 11266 11281 11279 11270
f 11147 11157 11151 11150
f 11271 11275 11221 11274
f 11294 11300 11230 11231 11235 11249
f 11294 11249 11250
f 11254 11267 11199 11184
f 11153 11167 11166 11156
f 11261 11190 11191 11260
f 11244 11296 11299 11258 11260 11191 11188 11286 11283 11173
f 11238 11241 11242 11252 11253 11178 11179 11171 11172 11168 11154 11155 11158 11148 11149 11152 11201 11202 11206 11211 11276 11272 11273 11222 11217 11218 11228 11223 11224
f 11210 11279 11281 11277 11278 11207 11208 11213 11209
f 11162 11159 11165 11164
f 11195 11291 11290
f 11290 11194 11195
f 11270 11216 11215 11214
f 11169 11170 11172 11171
f 11285 11177 11176 11175 11284
f 11229 11230 11300 11301 11262 11233
f 11155 11154 11153 11156
f 11264 11302 11304
f 11304 11265 11264
f 11298 11305 11278 11277 11247
f 11207 11278 11305 11292
f 11291 11195 11212 11293
f 11154 11168 11167 11153
f 11218 11219 11227 11228
o 02_-_Structure_Mesh.867
v -3.451552 37.034973 29.264132
v -3.736996 36.749535 29.264132
v -4.022440 37.034973 29.264132
v -3.736996 37.320419 29.264132
v -3.451552 37.034977 54.641464
v -3.736996 36.749535 54.641464
v -4.022440 37.034977 54.641464
v -3.736996 37.320419 54.641464
v 0.666704 37.320419 54.641464
v 0.381260 37.034981 54.641464
v 0.666704 36.749535 54.641464
v 0.952144 37.034981 54.641464
v 0.666704 37.320419 29.264132
v 0.381260 37.034977 29.264132
v 0.666704 36.749535 29.264132
v 0.952144 37.034977 29.264132
v -3.451552 32.631279 29.264132
v -3.736992 32.345833 29.264132
v -4.022436 32.631279 29.264132
v -3.736992 32.916718 29.264132
v -3.451552 32.631279 54.641464
v -3.736992 32.345837 54.641464
v -4.022436 32.631279 54.641464
v -3.736992 32.916721 54.641464
v 0.952148 32.631279 29.264132
v 0.666704 32.345837 29.264132
v 0.381264 32.631279 29.264132
v 0.666704 32.916721 29.264132
v 0.952148 32.631279 54.641464
v 0.666704 32.345840 54.641464
v 0.381264 32.631279 54.641464
v 0.666704 32.916725 54.641464
v 0.751916 37.120193 54.626518
v -3.822208 37.120190 54.626518
v -3.822204 32.546066 54.626518
v 0.751916 32.546066 54.626518
v 0.227792 36.596069 54.626518
v -3.298084 36.596066 54.626518
v -3.298080 33.070190 54.626518
v 0.227792 33.070190 54.626518
v 0.751916 37.120193 54.322525
v -3.822208 37.120190 54.322525
v -3.822204 32.546066 54.322525
v 0.751916 32.546066 54.322525
v 0.227792 36.596069 54.322525
v -3.298084 36.596066 54.322525
v -3.298080 33.070190 54.322525
v 0.227792 33.070190 54.322525
v 0.751916 37.120190 29.564196
v -3.822208 37.120186 29.564196
v -3.822204 32.546066 29.564196
v 0.751916 32.546066 29.564196
v 0.227792 36.596066 29.564196
v -3.298084 36.596062 29.564196
v -3.298080 33.070190 29.564196
v 0.227792 33.070190 29.564196
v 0.751916 37.120190 29.260208
v -3.822208 37.120186 29.260208
v -3.822204 32.546066 29.260208
v 0.751916 32.546066 29.260208
v 0.227792 36.596066 29.260208
v -3.298084 36.596062 29.260208
v -3.298080 33.070190 29.260208
v 0.227792 33.070190 29.260208
v -3.658784 36.956764 35.684155
v -3.815208 37.113186 35.684155
v -3.815208 37.113186 35.532776
v -3.658784 36.956764 35.532776
v 0.588492 36.956768 35.684155
v 0.744916 37.113190 35.684155
v 0.744916 37.113190 35.532776
v 0.588492 36.956768 35.532776
v 0.588492 32.709492 35.684155
v 0.744916 32.553066 35.684155
v 0.744916 32.553066 35.532776
v 0.588492 32.709492 35.532776
v -3.658780 32.709492 35.684155
v -3.815204 32.553066 35.684155
v -3.815204 32.553066 35.532776
v -3.658780 32.709492 35.532776
v -3.658784 36.956764 42.028488
v -3.815208 37.113186 42.028488
v -3.815208 37.113186 41.877110
v -3.658784 36.956764 41.877110
v 0.588492 36.956768 42.028488
v 0.744916 37.113190 42.028488
v 0.744916 37.113190 41.877110
v 0.588492 36.956768 41.877110
v 0.588492 32.709492 42.028488
v 0.744916 32.553066 42.028488
v 0.744916 32.553066 41.877110
v 0.588492 32.709492 41.877110
v -3.658780 32.709492 42.028488
v -3.815204 32.553066 42.028488
v -3.815204 32.553066 41.877110
v -3.658780 32.709492 41.877110
v -3.658784 36.956764 48.372822
v -3.815208 37.113186 48.372822
v -3.815208 37.113186 48.221443
v -3.658784 36.956764 48.221443
v 0.588492 36.956768 48.372822
v 0.744916 37.113190 48.372822
v 0.744916 37.113190 48.221443
v 0.588492 36.956768 48.221443
v 0.588492 32.709492 48.372822
v 0.744916 32.553066 48.372822
v 0.744916 32.553066 48.221443
v 0.588492 32.709492 48.221443
v -3.658780 32.709492 48.372822
v -3.815204 32.553066 48.372822
v -3.815204 32.553066 48.221443
v -3.658780 32.709492 48.221443
v 0.592844 32.856339 48.200466
v 0.521484 32.784981 48.200466
v 0.644432 32.804749 48.270187
v 0.573072 32.733387 48.270187
v -3.600044 37.049225 54.405472
v -3.671408 36.977863 54.405472
v -3.548452 36.997631 54.475197
v -3.619816 36.926273 54.475197
v 0.524036 36.898804 48.200462
v 0.595396 36.827442 48.200462
v 0.575628 36.950390 48.270187
v 0.646988 36.879032 48.270187
v -3.668848 32.705914 54.405472
v -3.597484 32.634552 54.405472
v -3.617256 32.757504 54.475193
v -3.545896 32.686146 54.475193
v -3.636068 36.790607 41.984184
v -3.564708 36.861969 41.984184
v -3.687660 36.842197 42.053909
v -3.616300 36.913559 42.053909
v 0.556820 32.597725 48.189194
v 0.628180 32.669083 48.189194
v 0.505228 32.649315 48.258915
v 0.576588 32.720676 48.258915
v -3.567264 32.748142 41.984184
v -3.638624 32.819504 41.984184
v -3.618856 32.696556 42.053905
v -3.690216 32.767914 42.053905
v 0.625620 36.941032 48.189186
v 0.554260 37.012394 48.189186
v 0.574028 36.889442 48.258915
v 0.502668 36.960804 48.258915
v 0.570748 32.843239 35.627514
v 0.499388 32.771877 35.627514
v 0.622340 32.791649 35.697239
v 0.550980 32.720291 35.697239
v -3.622140 37.036121 41.832520
v -3.693500 36.964764 41.832520
v -3.570548 36.984535 41.902245
v -3.641908 36.913170 41.902245
v 0.501944 36.885704 35.627514
v 0.573304 36.814342 35.627514
v 0.553536 36.937294 35.697235
v 0.624896 36.865936 35.697235
v -3.690940 32.692814 41.832520
v -3.619580 32.621456 41.832520
v -3.639348 32.744408 41.902245
v -3.567988 32.673046 41.902245
v -3.583880 36.804882 29.504988
v -3.512520 36.876244 29.504988
v -3.635472 36.856472 29.574713
v -3.564112 36.927834 29.574713
v 0.609008 32.611996 35.709999
v 0.680368 32.683357 35.709999
v 0.557416 32.663586 35.779720
v 0.628780 32.734951 35.779720
v -3.515076 32.762417 29.504988
v -3.586436 32.833778 29.504988
v -3.566664 32.710827 29.574713
v -3.638028 32.782185 29.574713
v 0.677812 36.955307 35.709995
v 0.606448 37.026665 35.709995
v 0.626220 36.903713 35.779720
v 0.554860 36.975075 35.779720
v -3.626388 37.034973 35.757324
v -3.276720 37.034973 35.757324
v -3.276720 37.034973 35.459606
v -3.626388 37.034973 35.459606
v -3.736996 36.924366 35.757324
v -3.736996 36.574699 35.757324
v -3.736996 36.574699 35.459606
v -3.736996 36.924366 35.459606
v -3.847604 37.034973 35.757324
v -4.197272 37.034973 35.757324
v -4.197272 37.034973 35.459606
v -3.847604 37.034973 35.459606
v -3.736996 37.145588 35.757324
v -3.736996 37.495251 35.757324
v -3.736996 37.495251 35.459606
v -3.736996 37.145588 35.459606
v -3.626388 37.034973 42.101658
v -3.276720 37.034973 42.101658
v -3.276720 37.034973 41.803944
v -3.626388 37.034973 41.803944
v -3.736996 36.924366 42.101658
v -3.736996 36.574699 42.101658
v -3.736996 36.574699 41.803944
v -3.736996 36.924366 41.803944
v -3.847604 37.034973 42.101658
v -4.197272 37.034973 42.101658
v -4.197272 37.034973 41.803944
v -3.847604 37.034973 41.803944
v -3.736996 37.145588 42.101658
v -3.736996 37.495251 42.101658
v -3.736996 37.495251 41.803944
v -3.736996 37.145588 41.803944
v -3.626388 37.034977 48.445988
v -3.276720 37.034977 48.445988
v -3.276720 37.034977 48.148277
v -3.626388 37.034977 48.148277
v -3.736996 36.924366 48.445988
v -3.736996 36.574699 48.445988
v -3.736996 36.574699 48.148277
v -3.736996 36.924366 48.148277
v -3.847604 37.034977 48.445988
v -4.197272 37.034977 48.445988
v -4.197272 37.034977 48.148277
v -3.847604 37.034977 48.148277
v -3.736996 37.145588 48.445988
v -3.736996 37.495251 48.445988
v -3.736996 37.495251 48.148277
v -3.736996 37.145588 48.148277
v 0.666704 37.495255 48.445988
v 0.666704 37.145588 48.445988
v 0.666704 37.145588 48.148277
v 0.666704 37.495255 48.148277
v 0.206428 37.034981 48.445988
v 0.556092 37.034981 48.445988
v 0.556092 37.034981 48.148277
v 0.206428 37.034981 48.148277
v 0.666704 36.574703 48.445988
v 0.666704 36.924370 48.445988
v 0.666704 36.924370 48.148277
v 0.666704 36.574703 48.148277
v 1.126980 37.034981 48.445988
v 0.777312 37.034981 48.445988
v 0.777312 37.034981 48.148277
v 1.126980 37.034981 48.148277
v 0.666704 37.495255 42.101658
v 0.666704 37.145588 42.101658
v 0.666704 37.145588 41.803944
v 0.666704 37.495255 41.803944
v 0.206428 37.034981 42.101658
v 0.556092 37.034981 42.101658
v 0.556092 37.034981 41.803944
v 0.206428 37.034981 41.803944
v 0.666704 36.574703 42.101658
v 0.666704 36.924370 42.101658
v 0.666704 36.924370 41.803944
v 0.666704 36.574703 41.803944
v 1.126980 37.034981 42.101658
v 0.777312 37.034981 42.101658
v 0.777312 37.034981 41.803944
v 1.126980 37.034981 41.803944
v 0.666704 37.495255 35.757324
v 0.666704 37.145588 35.757324
v 0.666704 37.145588 35.459606
v 0.666704 37.495255 35.459606
v 0.206428 37.034977 35.757324
v 0.556092 37.034977 35.757324
v 0.556092 37.034977 35.459606
v 0.206428 37.034977 35.459606
v 0.666704 36.574703 35.757324
v 0.666704 36.924370 35.757324
v 0.666704 36.924370 35.459606
v 0.666704 36.574703 35.459606
v 1.126980 37.034977 35.757324
v 0.777312 37.034977 35.757324
v 0.777312 37.034977 35.459606
v 1.126980 37.034977 35.459606
v -3.626384 32.631279 35.757324
v -3.276716 32.631279 35.757324
v -3.276716 32.631279 35.459606
v -3.626384 32.631279 35.459606
v -3.736992 32.520672 35.757324
v -3.736992 32.171001 35.757324
v -3.736992 32.171001 35.459606
v -3.736992 32.520672 35.459606
v -3.847604 32.631279 35.757324
v -4.197268 32.631279 35.757324
v -4.197268 32.631279 35.459606
v -3.847604 32.631279 35.459606
v -3.736992 32.741886 35.757324
v -3.736992 33.091557 35.757324
v -3.736992 33.091553 35.459606
v -3.736992 32.741886 35.459606
v -3.626384 32.631279 42.101658
v -3.276716 32.631279 42.101658
v -3.276716 32.631279 41.803944
v -3.626384 32.631279 41.803944
v -3.736992 32.520672 42.101658
v -3.736992 32.171001 42.101658
v -3.736992 32.171001 41.803944
v -3.736992 32.520672 41.803944
v -3.847604 32.631279 42.101658
v -4.197268 32.631279 42.101658
v -4.197268 32.631279 41.803944
v -3.847604 32.631279 41.803944
v -3.736992 32.741886 42.101658
v -3.736992 33.091557 42.101658
v -3.736992 33.091557 41.803944
v -3.736992 32.741886 41.803944
v -3.626384 32.631279 48.445988
v -3.276716 32.631279 48.445988
v -3.276716 32.631279 48.148277
v -3.626384 32.631279 48.148277
v -3.736992 32.520672 48.445988
v -3.736992 32.171005 48.445988
v -3.736992 32.171005 48.148277
v -3.736992 32.520672 48.148277
v -3.847604 32.631279 48.445988
v -4.197268 32.631279 48.445988
v -4.197268 32.631279 48.148277
v -3.847604 32.631279 48.148277
v -3.736992 32.741886 48.445988
v -3.736992 33.091557 48.445988
v -3.736992 33.091557 48.148277
v -3.736992 32.741886 48.148277
v 0.777316 32.631279 35.757324
v 1.126980 32.631279 35.757324
v 1.126980 32.631279 35.459606
v 0.777316 32.631279 35.459606
v 0.666704 32.520672 35.757324
v 0.666704 32.171001 35.757324
v 0.666704 32.171001 35.459606
v 0.666704 32.520672 35.459606
v 0.556096 32.631279 35.757324
v 0.206428 32.631279 35.757324
v 0.206428 32.631279 35.459606
v 0.556096 32.631279 35.459606
v 0.666704 32.741890 35.757324
v 0.666704 33.091557 35.757324
v 0.666704 33.091553 35.459606
v 0.666704 32.741890 35.459606
v 0.777316 32.631279 42.101658
v 1.126980 32.631279 42.101658
v 1.126980 32.631279 41.803944
v 0.777316 32.631279 41.803944
v 0.666704 32.520672 42.101658
v 0.666704 32.171001 42.101658
v 0.666704 32.171001 41.803944
v 0.666704 32.520672 41.803944
v 0.556096 32.631279 42.101658
v 0.206428 32.631279 42.101658
v 0.206428 32.631279 41.803944
v 0.556096 32.631279 41.803944
v 0.666704 32.741890 42.101658
v 0.666704 33.091557 42.101658
v 0.666704 33.091557 41.803944
v 0.666704 32.741890 41.803944
v 0.777316 32.631279 48.445988
v 1.126980 32.631279 48.445988
v 1.126980 32.631279 48.148277
v 0.777316 32.631279 48.148277
v 0.666704 32.520672 48.445988
v 0.666704 32.171005 48.445988
v 0.666704 32.171005 48.148277
v 0.666704 32.520672 48.148277
v 0.556096 32.631279 48.445988
v 0.206428 32.631279 48.445988
v 0.206428 32.631279 48.148277
v 0.556096 32.631279 48.148277
v 0.666704 32.741890 48.445988
v 0.666704 33.091557 48.445988
v 0.666704 33.091557 48.148277
v 0.666704 32.741890 48.148277
s 1
usemtl itu_metal
f 11609 11597 11601 11602 11598 11610 11606 11605
f 11591 11579 11580 11592 11588 11587
f 11497 11485 11486 11498 11494 11490 11489 11493
f 11332 11336 11337 11333
f 11385 11373 11377 11381 11382 11378 11374 11386
f 11309 11310 11307 11308
f 11623 11611 11612 11624 11620 11619
f 11593 11581 11585 11586 11582 11594 11590 11589
f 11325 11329 11330 11326
f 11309 11313 11314 11310
f 11334 11338 11335 11331
f 11569 11573 11577 11578 11574 11570 11566 11565
f 11333 11337 11338 11334
f 11317 11318 11315 11316
f 11561 11549 11550 11562 11558 11557
f 11314 11313 11312 11311
f 11545 11533 11534 11546 11542 11538 11537 11541
f 11307 11311 11312 11308
f 11310 11314 11311 11307
f 11308 11312 11313 11309
f 11325 11326 11323 11324
f 11529 11517 11518 11530 11526 11522 11521 11525
f 11331 11335 11336 11332
f 11323 11327 11328 11324
f 11330 11329 11328 11327
f 11407 11411 11412 11408 11404 11403
f 11559 11547 11551 11555 11556 11552 11548 11560
f 11413 11417 11418 11414 11410 11409
f 11543 11531 11532 11544 11540 11536 11535 11539
f 11509 11513 11501 11502 11514 11510 11506 11505
f 11333 11334 11331 11332
f 11340 11341 11342 11346 11345 11344 11343 11339
f 11342 11339 11343 11346
f 11347 11350 11349 11353 11354 11351 11352 11348
f 11353 11349 11348 11352
f 11340 11339 11347 11348
f 11343 11344 11352 11351
f 11341 11340 11348 11349
f 11344 11345 11353 11352
f 11342 11341 11349 11350
f 11345 11346 11354 11353
f 11339 11342 11350 11347
f 11346 11343 11351 11354
f 11356 11357 11358 11362 11361 11360 11359 11355
f 11358 11355 11359 11362
f 11363 11366 11365 11369 11370 11367 11368 11364
f 11369 11365 11364 11368
f 11315 11319 11320 11316
f 11356 11355 11363 11364
f 11359 11360 11368 11367
f 11357 11356 11364 11365
f 11360 11361 11369 11368
f 11358 11357 11365 11366
f 11361 11362 11370 11369
f 11355 11358 11366 11363
f 11362 11359 11367 11370
f 11372 11376 11377 11373
f 11326 11330 11327 11323
f 11374 11378 11375 11371
f 11324 11328 11329 11325
f 11376 11380 11381 11377
f 11378 11382 11379 11375
f 11379 11383 11384 11380
f 11380 11384 11385 11381
f 11381 11385 11386 11382
f 11382 11386 11383 11379
f 11384 11372 11373 11385
f 11386 11374 11371 11383
f 11387 11391 11392 11388
f 11388 11392 11393 11389
f 11390 11394 11391 11387
f 11392 11396 11397 11393
f 11393 11397 11398 11394
f 11394 11398 11395 11391
f 11399 11387 11388 11400 11396 11392 11391 11395
f 11396 11400 11401 11397
f 11398 11402 11399 11395
f 11400 11388 11389 11401
f 11402 11390 11387 11399
f 11404 11408 11409 11405
f 11406 11410 11407 11403
f 11408 11412 11413 11409
f 11410 11414 11411 11407
f 11412 11416 11417 11413
f 11414 11418 11415 11411
f 11416 11404 11405 11417
f 11418 11406 11403 11415
f 11419 11421 11422 11420
f 11423 11424 11426 11425
f 11419 11420 11424 11423
f 11420 11422 11426 11424
f 11422 11421 11425 11426
f 11421 11419 11423 11425
f 11427 11429 11430 11428
f 11431 11432 11434 11433
f 11427 11428 11432 11431
f 11428 11430 11434 11432
f 11430 11429 11433 11434
f 11429 11427 11431 11433
f 11435 11437 11438 11436
f 11439 11440 11442 11441
f 11435 11436 11440 11439
f 11436 11438 11442 11440
f 11438 11437 11441 11442
f 11437 11435 11439 11441
f 11443 11445 11446 11444
f 11447 11448 11450 11449
f 11443 11444 11448 11447
f 11444 11446 11450 11448
f 11446 11445 11449 11450
f 11445 11443 11447 11449
f 11451 11453 11454 11452
f 11455 11456 11458 11457
f 11451 11452 11456 11455
f 11452 11454 11458 11456
f 11454 11453 11457 11458
f 11453 11451 11455 11457
f 11459 11461 11462 11460
f 11463 11464 11466 11465
f 11459 11460 11464 11463
f 11460 11462 11466 11464
f 11462 11461 11465 11466
f 11461 11459 11463 11465
f 11467 11469 11470 11468
f 11471 11472 11474 11473
f 11467 11468 11472 11471
f 11468 11470 11474 11472
f 11470 11469 11473 11474
f 11469 11467 11471 11473
f 11475 11477 11478 11476
f 11479 11480 11482 11481
f 11475 11476 11480 11479
f 11476 11478 11482 11480
f 11478 11477 11481 11482
f 11477 11475 11479 11481
f 11383 11371 11375 11379 11380 11376 11372 11384
f 11484 11488 11489 11485
f 11485 11489 11490 11486
f 11486 11490 11487 11483
f 11487 11491 11492 11488
f 11488 11492 11493 11489
f 11338 11337 11336 11335
f 11490 11494 11491 11487
f 11495 11483 11487 11488 11484 11496 11492 11491
f 11492 11496 11497 11493
f 11494 11498 11495 11491
f 11496 11484 11485 11497
f 11498 11486 11483 11495
f 11316 11320 11321 11317
f 11500 11504 11505 11501
f 11501 11505 11506 11502
f 11502 11506 11503 11499
f 11503 11507 11508 11504
f 11504 11508 11509 11505
f 11506 11510 11507 11503
f 11511 11499 11503 11504 11500 11512 11508 11507
f 11508 11512 11513 11509
f 11510 11514 11511 11507
f 11512 11500 11501 11513
f 11514 11502 11499 11511
f 11527 11515 11519 11523 11524 11520 11516 11528
f 11516 11520 11521 11517
f 11517 11521 11522 11518
f 11518 11522 11519 11515
f 11318 11322 11319 11315
f 11520 11524 11525 11521
f 11522 11526 11523 11519
f 11523 11527 11528 11524
f 11524 11528 11529 11525
f 11317 11321 11322 11318
f 11526 11530 11527 11523
f 11528 11516 11517 11529
f 11530 11518 11515 11527
f 11531 11535 11536 11532
f 11532 11536 11537 11533
f 11533 11537 11538 11534
f 11534 11538 11535 11531
f 11322 11321 11320 11319
f 11536 11540 11541 11537
f 11538 11542 11539 11535
f 11540 11544 11545 11541
f 11415 11403 11404 11416 11412 11411
f 11542 11546 11543 11539
f 11544 11532 11533 11545
f 11546 11534 11531 11543
f 11548 11552 11553 11549
f 11401 11389 11393 11394 11390 11402 11398 11397
f 11550 11554 11551 11547
f 11552 11556 11557 11553
f 11554 11558 11555 11551
f 11555 11559 11560 11556
f 11556 11560 11561 11557
f 11553 11557 11558 11554 11550 11549
f 11558 11562 11559 11555
f 11560 11548 11549 11561
f 11562 11550 11547 11559
f 11564 11568 11569 11565
f 11417 11405 11409 11410 11406 11418
f 11566 11570 11567 11563
f 11568 11572 11573 11569
f 11570 11574 11571 11567
f 11572 11576 11577 11573
f 11574 11578 11575 11571
f 11576 11564 11565 11577
f 11577 11565 11566 11578
f 11578 11566 11563 11575
f 11580 11584 11585 11581
f 11671 11659 11663 11664 11660 11672 11668 11667
f 11582 11586 11583 11579
f 11584 11588 11589 11585
f 11585 11589 11590 11586
f 11586 11590 11587 11583
f 11583 11587 11588 11584 11580 11579
f 11588 11592 11593 11589
f 11575 11563 11564 11576 11572 11571
f 11590 11594 11591 11587
f 11592 11580 11581 11593
f 11594 11582 11579 11591
f 11567 11571 11572 11568 11564 11563
f 11596 11600 11601 11597
f 11598 11602 11599 11595
f 11600 11604 11605 11601
f 11601 11605 11606 11602
f 11602 11606 11603 11599
f 11604 11608 11609 11605
f 11606 11610 11607 11603
f 11608 11596 11597 11609
f 11610 11598 11595 11607
f 11612 11616 11617 11613
f 11639 11627 11628 11640 11636 11635
f 11614 11618 11615 11611
f 11616 11620 11621 11617
f 11617 11621 11622 11618
f 11618 11622 11619 11615
f 11625 11613 11617 11618 11614 11626 11622 11621
f 11620 11624 11625 11621
f 11615 11619 11620 11616 11612 11611
f 11622 11626 11623 11619
f 11624 11612 11613 11625
f 11626 11614 11611 11623
f 11607 11595 11596 11608 11604 11603
f 11628 11632 11633 11629
f 11641 11629 11633 11637 11638 11634 11630 11642
f 11630 11634 11631 11627
f 11632 11636 11637 11633
f 11655 11643 11644 11656 11652 11651
f 11634 11638 11635 11631
f 11636 11640 11641 11637
f 11637 11641 11642 11638
f 11638 11642 11639 11635
f 11640 11628 11629 11641
f 11642 11630 11627 11639
f 11644 11648 11649 11645
f 11657 11645 11649 11653 11654 11650 11646 11658
f 11646 11650 11647 11643
f 11648 11652 11653 11649
f 11665 11669 11670 11666 11662 11674 11673 11661
f 11650 11654 11651 11647
f 11647 11651 11652 11648 11644 11643
f 11652 11656 11657 11653
f 11653 11657 11658 11654
f 11654 11658 11655 11651
f 11656 11644 11645 11657
f 11658 11646 11643 11655
f 11631 11635 11636 11632 11628 11627
f 11660 11664 11665 11661
f 11599 11603 11604 11600 11596 11595
f 11662 11666 11663 11659
f 11663 11667 11668 11664
f 11664 11668 11669 11665
f 11666 11670 11667 11663
f 11668 11672 11673 11669
f 11669 11673 11674 11670
f 11670 11674 11671 11667
f 11672 11660 11661 11673
f 11674 11662 11659 11671
o 02_-_Top_Antenna_Mesh.875
v -2.052648 35.243725 56.859520
v -2.052644 35.243725 62.733997
v -2.091284 35.187317 62.733997
v -2.091284 35.187317 56.859520
v -2.106940 35.120762 62.733997
v -2.106940 35.120766 56.859520
v -2.097492 35.053040 62.733997
v -2.097492 35.053043 56.859520
v -2.064224 34.993309 62.733997
v -2.064224 34.993313 56.859520
v -2.011624 34.949635 62.733997
v -2.011624 34.949631 56.859520
v -1.946792 34.927906 62.733997
v -1.946792 34.927906 56.859520
v -1.878492 34.931061 62.733997
v -1.878492 34.931061 56.859520
v -1.815944 34.958679 62.733997
v -1.815948 34.958675 56.859520
v -1.767600 35.007023 62.733997
v -1.767600 35.007027 56.859520
v -1.739980 35.069572 62.733997
v -1.739984 35.069569 56.859520
v -1.736824 35.137875 62.733997
v -1.736828 35.137871 56.859520
v -1.758552 35.202702 62.733997
v -1.758556 35.202702 56.859520
v -1.802232 35.255302 62.733997
v -1.802232 35.255299 56.859520
v -1.861964 35.288570 62.733997
v -1.861968 35.288570 56.859520
v -1.929680 35.298019 62.733997
v -1.929688 35.298016 56.859520
v -1.996236 35.282360 62.733997
v -1.996240 35.282364 56.859520
v -1.747192 35.311733 57.877567
v -1.747192 35.311733 57.971478
v -1.780652 35.340527 57.971478
v -1.780656 35.340527 57.877567
v -1.818028 35.364017 57.971478
v -1.818028 35.364017 57.877567
v -1.858492 35.381664 57.971478
v -1.858492 35.381664 57.877567
v -1.901132 35.393097 57.971478
v -1.901132 35.393097 57.877567
v -1.945000 35.398037 57.971478
v -1.945000 35.398037 57.877567
v -1.989112 35.396389 57.971478
v -1.989112 35.396389 57.877567
v -2.032488 35.388180 57.971478
v -2.032488 35.388176 57.877567
v -2.074156 35.373600 57.971478
v -2.074156 35.373600 57.877567
v -2.113188 35.352974 57.971478
v -2.113188 35.352974 57.877567
v -2.148708 35.326756 57.971478
v -2.148708 35.326756 57.877567
v -2.179924 35.295540 57.971478
v -2.179924 35.295540 57.877567
v -2.206140 35.260021 57.971478
v -2.206140 35.260021 57.877567
v -2.226764 35.220993 57.971478
v -2.226764 35.220993 57.877567
v -2.241344 35.179325 57.971478
v -2.241344 35.179325 57.877567
v -2.249552 35.135948 57.971478
v -2.249552 35.135948 57.877567
v -2.251204 35.091835 57.971478
v -2.251204 35.091835 57.877567
v -2.246260 35.047966 57.971478
v -2.246260 35.047966 57.877567
v -2.234836 35.005325 57.971478
v -2.234836 35.005325 57.877567
v -2.217184 34.964863 57.971478
v -2.217184 34.964863 57.877567
v -2.193692 34.927490 57.971478
v -2.193692 34.927490 57.877567
v -2.164900 34.894028 57.971478
v -2.164900 34.894028 57.877567
v -2.131436 34.865231 57.971478
v -2.131436 34.865231 57.877567
v -2.094060 34.841740 57.971478
v -2.094060 34.841740 57.877567
v -2.053600 34.824089 57.971478
v -2.053600 34.824089 57.877567
v -2.010960 34.812664 57.971478
v -2.010960 34.812664 57.877567
v -1.967092 34.807724 57.971478
v -1.967092 34.807724 57.877567
v -1.922976 34.809372 57.971478
v -1.922976 34.809372 57.877567
v -1.879600 34.817581 57.971478
v -1.879600 34.817581 57.877567
v -1.837932 34.832161 57.971478
v -1.837932 34.832161 57.877567
v -1.798904 34.852787 57.971478
v -1.798904 34.852787 57.877567
v -1.763384 34.879002 57.971478
v -1.763384 34.879002 57.877567
v -1.732168 34.910221 57.971478
v -1.732168 34.910221 57.877567
v -1.705956 34.945736 57.971478
v -1.705956 34.945736 57.877567
v -1.685328 34.984764 57.971478
v -1.685328 34.984764 57.877567
v -1.670748 35.026432 57.971478
v -1.670748 35.026432 57.877567
v -1.662540 35.069809 57.971478
v -1.662540 35.069809 57.877567
v -1.660888 35.113926 57.971478
v -1.660888 35.113926 57.877567
v -1.665828 35.157791 57.971478
v -1.665828 35.157791 57.877567
v -1.677256 35.200428 57.971478
v -1.677256 35.200428 57.877567
v -1.694912 35.240891 57.971478
v -1.694912 35.240891 57.877567
v -1.718396 35.278267 57.971478
v -1.718396 35.278267 57.877567
v -1.994432 35.185520 62.637505
v -1.994420 35.185535 88.027779
v -2.015964 35.154083 88.027779
v -2.015976 35.154068 62.637505
v -2.024696 35.116970 88.027779
v -2.024712 35.116951 62.637505
v -2.019424 35.079216 88.027779
v -2.019440 35.079197 62.637505
v -2.000876 35.045902 88.027779
v -2.000888 35.045887 62.637505
v -1.971544 35.021545 88.027779
v -1.971560 35.021530 62.637505
v -1.935396 35.009430 88.027779
v -1.935408 35.009418 62.637505
v -1.897308 35.011196 88.027779
v -1.897324 35.011177 62.637505
v -1.862432 35.026592 88.027779
v -1.862448 35.026577 62.637505
v -1.835472 35.053551 88.027779
v -1.835488 35.053532 62.637505
v -1.820076 35.088428 88.027779
v -1.820088 35.088413 62.637505
v -1.818312 35.126514 88.027779
v -1.818328 35.126495 62.637505
v -1.830432 35.162659 88.027779
v -1.830440 35.162647 62.637505
v -1.854788 35.191990 88.027779
v -1.854800 35.191978 62.637505
v -1.888088 35.210552 88.027779
v -1.888108 35.210529 62.637505
v -1.925852 35.215816 88.027779
v -1.925868 35.215797 62.637505
v -1.962964 35.207081 88.027779
v -1.962980 35.207066 62.637505
v -1.598276 35.460648 57.254738
v -1.598276 35.460648 57.425499
v -1.655592 35.509975 57.425499
v -1.655592 35.509975 57.254738
v -1.719620 35.550209 57.425499
v -1.719620 35.550209 57.254738
v -1.788936 35.580448 57.425499
v -1.788936 35.580448 57.254738
v -1.861980 35.600021 57.425499
v -1.861980 35.600021 57.254738
v -1.937120 35.608490 57.425499
v -1.937120 35.608490 57.254738
v -2.012688 35.605659 57.425499
v -2.012688 35.605659 57.254738
v -2.086992 35.591606 57.425499
v -2.086992 35.591606 57.254738
v -2.158368 35.566620 57.425499
v -2.158368 35.566620 57.254738
v -2.225228 35.531288 57.425499
v -2.225228 35.531288 57.254738
v -2.286072 35.486385 57.425499
v -2.286072 35.486385 57.254738
v -2.339544 35.432911 57.425499
v -2.339544 35.432911 57.254738
v -2.384448 35.372066 57.425499
v -2.384448 35.372066 57.254738
v -2.419776 35.305214 57.425499
v -2.419776 35.305214 57.254738
v -2.444756 35.233837 57.425499
v -2.444756 35.233837 57.254738
v -2.458812 35.159531 57.425499
v -2.458812 35.159531 57.254738
v -2.461640 35.083965 57.425499
v -2.461640 35.083965 57.254738
v -2.453172 35.008823 57.425499
v -2.453172 35.008823 57.254738
v -2.433600 34.935780 57.425499
v -2.433600 34.935780 57.254738
v -2.403360 34.866463 57.425499
v -2.403360 34.866463 57.254738
v -2.363132 34.802441 57.425499
v -2.363132 34.802441 57.254738
v -2.313804 34.745125 57.425499
v -2.313804 34.745125 57.254738
v -2.256488 34.695797 57.425499
v -2.256488 34.695797 57.254738
v -2.192456 34.655560 57.425499
v -2.192456 34.655560 57.254738
v -2.123148 34.625324 57.425499
v -2.123148 34.625324 57.254738
v -2.050104 34.605747 57.425499
v -2.050104 34.605747 57.254738
v -1.974960 34.597282 57.425499
v -1.974960 34.597282 57.254738
v -1.899392 34.600113 57.425499
v -1.899392 34.600113 57.254738
v -1.825092 34.614162 57.425499
v -1.825092 34.614162 57.254738
v -1.753704 34.639153 57.425499
v -1.753704 34.639153 57.254738
v -1.686852 34.674484 57.425499
v -1.686852 34.674484 57.254738
v -1.626008 34.719383 57.425499
v -1.626008 34.719383 57.254738
v -1.572536 34.772858 57.425499
v -1.572536 34.772858 57.254738
v -1.527632 34.833706 57.425499
v -1.527632 34.833706 57.254738
v -1.492296 34.900558 57.425499
v -1.492296 34.900558 57.254738
v -1.467324 34.971935 57.425499
v -1.467324 34.971935 57.254738
v -1.453268 35.046234 57.425499
v -1.453268 35.046234 57.254738
v -1.450440 35.121799 57.425499
v -1.450440 35.121799 57.254738
v -1.458904 35.196949 57.425499
v -1.458904 35.196949 57.254738
v -1.478476 35.269993 57.425499
v -1.478476 35.269993 57.254738
v -1.508712 35.339302 57.425499
v -1.508712 35.339302 57.254738
v -1.548948 35.403332 57.425499
v -1.548948 35.403332 57.254738
s 1
usemtl itu_metal
f 11831 11829 11830 11832
f 11853 11851 11852 11854
f 11887 11885 11886 11888
f 11823 11821 11822 11824
f 11785 11783 11784 11786
f 11897 11895 11896 11898
f 11809 11807 11808 11810
f 11763 11761 11762 11764
f 11833 11831 11832 11834
f 11847 11845 11846 11848
f 11841 11839 11840 11842
f 11755 11753 11754 11756
f 11743 11741 11742 11744
f 11686 11684 11682 11680 11678 11675 11708 11706 11704 11702 11700 11698 11696 11694 11692 11690 11688
f 11737 11735 11736 11738
f 11909 11907 11908 11910
f 11807 11805 11806 11808
f 11701 11703 11705 11707 11676 11677 11679 11681 11683 11685 11687 11689 11691 11693 11695 11697 11699
f 11811 11809 11810 11812
f 11795 11794 11793 11796
f 11803 11801 11802 11804
f 11787 11785 11786 11788
f 11777 11775 11776 11778
f 11791 11789 11790 11792
f 11781 11779 11780 11782
f 11843 11841 11842 11844
f 11729 11727 11728 11730
f 11899 11897 11898 11900
f 11885 11883 11884 11886
f 11901 11899 11900 11902
f 11797 11795 11796 11798
f 11893 11891 11892 11894
f 11685 11683 11684 11686
f 11801 11799 11800 11802
f 11733 11731 11732 11734
f 11721 11719 11720 11722
f 11761 11759 11760 11762
f 11687 11685 11686 11688
f 11871 11869 11870 11872
f 11707 11705 11706 11708
f 11835 11833 11834 11836
f 11679 11677 11678 11680
f 11849 11847 11848 11850
f 11845 11843 11844 11846
f 11863 11861 11862 11864
f 11749 11747 11748 11750
f 11859 11857 11858 11860
f 11879 11877 11878 11880
f 11753 11751 11752 11754
f 11873 11871 11872 11874
f 11883 11881 11882 11884
f 11731 11729 11730 11732
f 11869 11867 11868 11870
f 11697 11695 11696 11698
f 11725 11723 11724 11726
f 11735 11733 11734 11736
f 11695 11693 11694 11696
f 11905 11903 11904 11906
f 11727 11725 11726 11728
f 11877 11875 11876 11878
f 11741 11739 11740 11742
f 11693 11691 11692 11694
f 11799 11797 11798 11800
f 11747 11745 11746 11748
f 11775 11773 11774 11776
f 11828 11909 11910 11827
f 11813 11811 11812 11814
f 11815 11813 11814 11816
f 11805 11803 11804 11806
f 11699 11697 11698 11700
f 11701 11699 11700 11702
f 11715 11713 11714 11716
f 11711 11710 11709 11712
f 11817 11815 11816 11818
f 11800 11798 11796 11793 11826 11824 11822 11820 11818 11816 11814 11812 11810 11808 11806 11804 11802
f 11794 11825 11826 11793
f 11825 11823 11824 11826
f 11757 11755 11756 11758
f 11821 11819 11820 11822
f 11765 11763 11764 11766
f 11767 11765 11766 11768
f 11713 11711 11712 11714
f 11771 11769 11770 11772
f 11839 11837 11838 11840
f 11794 11795 11797 11799 11801 11803 11805 11807 11809 11811 11813 11815 11817 11819 11821 11823 11825
f 11907 11905 11906 11908
f 11769 11767 11768 11770
f 11719 11717 11718 11720
f 11705 11703 11704 11706
f 11703 11701 11702 11704
f 11773 11771 11772 11774
f 11779 11777 11778 11780
f 11819 11817 11818 11820
f 11851 11849 11850 11852
f 11710 11791 11792 11709
f 11861 11859 11860 11862
f 11723 11721 11722 11724
f 11681 11679 11680 11682
f 11717 11715 11716 11718
f 11783 11781 11782 11784
f 11745 11743 11744 11746
f 11857 11855 11856 11858
f 11889 11887 11888 11890
f 11723 11725 11727 11729 11731 11733 11735 11737 11739 11741 11743 11745 11747 11749 11751 11753 11755 11757 11759 11761 11763 11765 11767 11769 11771 11773 11775 11777 11779 11781 11783 11785 11787 11789 11791 11710 11711 11713 11715 11717 11719 11721
f 11751 11749 11750 11752
f 11689 11687 11688 11690
f 11789 11787 11788 11790
f 11853 11855 11857 11859 11861 11863 11865 11867 11869 11871 11873 11875 11877 11879 11881 11883 11885 11887 11889 11891 11893 11895 11897 11899 11901 11903 11905 11907 11909 11828 11829 11831 11833 11835 11837 11839 11841 11843 11845 11847 11849 11851
f 11891 11889 11890 11892
f 11881 11879 11880 11882
f 11759 11757 11758 11760
f 11875 11873 11874 11876
f 11683 11681 11682 11684
f 11903 11901 11902 11904
f 11895 11893 11894 11896
f 11739 11737 11738 11740
f 11892 11890 11888 11886 11884 11882 11880 11878 11876 11874 11872 11870 11868 11866 11864 11862 11860 11858 11856 11854 11852 11850 11848 11846 11844 11842 11840 11838 11836 11834 11832 11830 11827 11910 11908 11906 11904 11902 11900 11898 11896 11894
f 11676 11707 11708 11675
f 11691 11689 11690 11692
f 11677 11676 11675 11678
f 11855 11853 11854 11856
f 11865 11863 11864 11866
f 11837 11835 11836 11838
f 11762 11760 11758 11756 11754 11752 11750 11748 11746 11744 11742 11740 11738 11736 11734 11732 11730 11728 11726 11724 11722 11720 11718 11716 11714 11712 11709 11792 11790 11788 11786 11784 11782 11780 11778 11776 11774 11772 11770 11768 11766 11764
f 11867 11865 11866 11868
f 11829 11828 11827 11830
o 02_-_Top_Dish_Mesh.871
v 1.457268 31.562700 61.664200
v 1.511808 31.617241 61.658279
v 1.565068 31.670502 61.640652
v 1.615804 31.721237 61.611732
v 1.662824 31.768253 61.572205
v 1.705024 31.810457 61.522984
v 1.741416 31.846848 61.465233
v 1.771148 31.876581 61.400303
v 1.793524 31.898956 61.329712
v 1.808020 31.913452 61.255119
v 1.814292 31.919724 61.178272
v 1.812196 31.917629 61.100971
v 1.801784 31.907217 61.025028
v 1.783292 31.888725 60.952225
v 1.757164 31.862597 60.884266
v 1.724000 31.829433 60.822742
v 1.684588 31.790020 60.769100
v 1.639848 31.745281 60.724594
v 1.590828 31.696260 60.690269
v 1.538676 31.644108 60.666927
v 1.484616 31.590048 60.655121
v 1.429916 31.535349 60.655121
v 1.375860 31.481293 60.666927
v 1.323708 31.429140 60.690269
v 1.274688 31.380121 60.724594
v 1.229948 31.335381 60.769100
v 1.190532 31.295965 60.822742
v 1.157372 31.262804 60.884266
v 1.131240 31.236673 60.952225
v 1.112752 31.218185 61.025028
v 1.102336 31.207767 61.100971
v 1.100244 31.205677 61.178272
v 1.106516 31.211948 61.255119
v 1.121008 31.226440 61.329712
v 1.143384 31.248817 61.400299
v 1.173120 31.278553 61.465233
v 1.209512 31.314945 61.522984
v 1.251712 31.357145 61.572201
v 1.298732 31.404165 61.611732
v 1.349464 31.454897 61.640652
v 1.402728 31.508162 61.658279
v 1.029916 31.990053 61.664200
v 1.084456 32.044594 61.658279
v 1.137716 32.097855 61.640652
v 1.188452 32.148590 61.611732
v 1.235468 32.195610 61.572205
v 1.277672 32.237808 61.522984
v 1.314064 32.274200 61.465233
v 1.343796 32.303932 61.400303
v 1.366172 32.326313 61.329712
v 1.380668 32.340805 61.255119
v 1.386940 32.347076 61.178272
v 1.384844 32.344986 61.100971
v 1.374432 32.334568 61.025028
v 1.355940 32.316082 60.952225
v 1.329812 32.289948 60.884266
v 1.296648 32.256790 60.822742
v 1.257236 32.217373 60.769100
v 1.212496 32.172634 60.724594
v 1.163476 32.123611 60.690269
v 1.111324 32.071461 60.666927
v 1.057264 32.017403 60.655121
v 1.002564 31.962704 60.655121
v 0.948504 31.908644 60.666927
v 0.896356 31.856493 60.690269
v 0.847336 31.807472 60.724594
v 0.802592 31.762733 60.769100
v 0.763180 31.723320 60.822742
v 0.730020 31.690157 60.884266
v 0.703888 31.664028 60.952225
v 0.685400 31.645536 61.025028
v 0.674984 31.635124 61.100971
v 0.672888 31.633028 61.178272
v 0.679164 31.639301 61.255119
v 0.693656 31.653797 61.329712
v 0.716032 31.676172 61.400299
v 0.745768 31.705904 61.465233
v 0.782160 31.742296 61.522984
v 0.824360 31.784496 61.572201
v 0.871380 31.831516 61.611732
v 0.922112 31.882252 61.640652
v 0.975376 31.935513 61.658279
v 1.792968 31.828743 54.743427
v 1.900120 31.830933 54.743427
v 1.792968 31.828745 60.068607
v 1.847636 31.883417 60.089245
v 1.900120 31.830933 60.089245
v 1.845452 31.776260 60.068607
v 1.502136 31.537912 60.782593
v 1.550216 31.585993 60.821117
v 1.602700 31.533508 60.821117
v 1.554620 31.485428 60.782593
v 1.210620 31.246401 54.743427
v 1.210624 31.246401 60.068607
v 1.155952 31.191729 60.089245
v 1.155952 31.191729 54.743427
v 1.208436 31.139244 60.089245
v 1.208436 31.139244 54.743427
v 1.263104 31.193916 60.068607
v 1.263104 31.193916 54.743427
v 1.453372 31.489149 60.821117
v 1.505856 31.436668 60.821117
v 1.502136 31.537912 60.782593
v 1.554620 31.485428 60.782593
v 1.554620 31.485428 60.782593
v 1.502136 31.537912 60.782593
v 1.502136 31.537912 60.782593
v 1.554620 31.485428 60.782593
v 1.263104 31.193916 60.068607
v 1.505856 31.436668 60.821117
v 1.792968 31.828743 54.890091
v 1.792968 31.828745 59.921944
v 1.847636 31.883417 59.941006
v 1.847636 31.883415 54.891663
v 1.845448 31.776260 54.890091
v 1.210624 31.246401 59.921944
v 1.210620 31.246401 54.890091
v 1.155952 31.191729 54.891663
v 1.155952 31.191729 59.941006
v 1.208436 31.139244 54.891663
v 1.208436 31.139244 59.941006
v 1.263104 31.193916 54.890091
v 1.792968 31.828745 55.661758
v 1.792968 31.828745 55.750893
v 1.847636 31.883415 55.761688
v 1.847636 31.883415 55.671600
v 1.845452 31.776260 55.750893
v 1.845452 31.776260 55.661758
v 1.210620 31.246401 55.750893
v 1.210620 31.246401 55.661758
v 1.155952 31.191729 55.671600
v 1.155952 31.191729 55.761688
v 1.263104 31.193916 55.661758
v 1.263104 31.193916 55.750893
v 1.431408 32.299644 54.743427
v 1.483892 32.247162 54.743427
v 1.429220 32.192490 54.743427
v 1.376740 32.244972 60.068611
v 1.431408 32.299644 60.089245
v 1.483892 32.247162 60.089245
v 1.429224 32.192490 60.068611
v 1.085908 31.954140 60.782593
v 1.133988 32.002220 60.821117
v 1.186472 31.949738 60.821117
v 1.138392 31.901657 60.782593
v 0.794392 31.662628 54.743427
v 0.794396 31.662628 60.068611
v 0.739724 31.607956 60.089245
v 0.739724 31.607956 54.743427
v 0.792208 31.555473 60.089245
v 0.846876 31.610146 60.068611
v 0.846876 31.610144 54.743427
v 1.037144 31.905380 60.821117
v 1.089628 31.852896 60.821117
v 1.085908 31.954140 60.782593
v 1.138392 31.901657 60.782593
v 1.138392 31.901657 60.782593
v 1.085908 31.954140 60.782593
v 1.085908 31.954140 60.782593
v 1.138392 31.901657 60.782593
v 0.846876 31.610146 60.068611
v 1.089628 31.852896 60.821117
v 1.376740 32.244972 54.890095
v 1.483892 32.247162 59.941006
v 1.483892 32.247162 54.891663
v 1.429224 32.192490 59.921944
v 1.429220 32.192490 54.890095
v 0.794396 31.662628 59.921944
v 0.794392 31.662628 54.890095
v 0.739724 31.607956 54.891663
v 0.792208 31.555471 54.891663
v 0.792208 31.555473 59.941006
v 0.846876 31.610144 54.890095
v 0.846876 31.610146 59.921944
v 1.376740 32.244972 55.661758
v 1.376740 32.244972 55.750893
v 1.483892 32.247162 55.761688
v 1.483892 32.247162 55.671600
v 1.429224 32.192490 55.750893
v 1.429224 32.192490 55.661758
v 0.794392 31.662628 55.750893
v 0.794392 31.662628 55.661758
v 0.739724 31.607956 55.761688
v 0.792208 31.555473 55.671600
v 0.792208 31.555473 55.761688
v 0.846876 31.610144 55.661758
v 0.846876 31.610144 55.750893
v 1.629400 31.390568 62.195480
v 1.741284 31.502457 62.183334
v 1.850548 31.611721 62.147175
v 1.954628 31.715801 62.087849
v 2.051084 31.812256 62.006752
v 2.137656 31.898829 61.905785
v 2.212316 31.973488 61.787308
v 2.273312 32.034485 61.654106
v 2.319216 32.080387 61.509293
v 2.348952 32.110123 61.356270
v 2.361820 32.122993 61.198620
v 2.357524 32.118694 61.040043
v 2.336156 32.097328 60.884247
v 2.298228 32.059402 60.734894
v 2.244620 32.005791 60.595482
v 2.176592 31.937765 60.469265
v 2.095740 31.856909 60.359222
v 2.003956 31.765125 60.267921
v 1.903392 31.664564 60.197502
v 1.796404 31.557577 60.149624
v 1.685504 31.446676 60.125397
v 1.573292 31.334461 60.125397
v 1.462392 31.223560 60.149624
v 1.355404 31.116577 60.197502
v 1.254840 31.016012 60.267921
v 1.163056 30.924229 60.359222
v 1.082204 30.843376 60.469265
v 1.014176 30.775349 60.595474
v 0.960568 30.721741 60.734894
v 0.922640 30.683809 60.884247
v 0.901272 30.662445 61.040039
v 0.896976 30.658150 61.198620
v 0.909844 30.671017 61.356270
v 0.939580 30.700752 61.509293
v 0.985484 30.746653 61.654102
v 1.046480 30.807648 61.787308
v 1.121140 30.882309 61.905785
v 1.207712 30.968880 62.006752
v 1.304168 31.065340 62.087849
v 1.408248 31.169420 62.147171
v 1.517512 31.278681 62.183334
v 1.364836 31.655132 62.195480
v 1.476724 31.767017 62.183334
v 1.585988 31.876282 62.147175
v 1.690068 31.980360 62.087849
v 1.786524 32.076817 62.006752
v 1.873096 32.163387 61.905785
v 1.947756 32.238049 61.787308
v 2.008752 32.299046 61.654106
v 2.054656 32.344948 61.509293
v 2.084392 32.374683 61.356270
v 2.097260 32.387554 61.198620
v 2.092960 32.383255 61.040043
v 2.071596 32.361889 60.884247
v 2.033668 32.323959 60.734894
v 1.980060 32.270351 60.595482
v 1.912032 32.202324 60.469265
v 1.831176 32.121471 60.359222
v 1.739392 32.029690 60.267921
v 1.638832 31.929125 60.197502
v 1.531844 31.822136 60.149624
v 1.420944 31.711237 60.125397
v 1.308728 31.599024 60.125397
v 1.197828 31.488125 60.149624
v 1.090844 31.381136 60.197502
v 0.990280 31.280577 60.267921
v 0.898496 31.188793 60.359222
v 0.817644 31.107937 60.469265
v 0.749616 31.039909 60.595474
v 0.696008 30.986301 60.734894
v 0.658076 30.948372 60.884247
v 0.636712 30.927006 61.040039
v 0.632412 30.922709 61.198620
v 0.645284 30.935577 61.356270
v 0.675016 30.965313 61.509293
v 0.720920 31.011217 61.654102
v 0.781916 31.072212 61.787308
v 0.856576 31.146873 61.905785
v 0.943148 31.233444 62.006752
v 1.039608 31.329901 62.087849
v 1.143688 31.433981 62.147171
v 1.252948 31.543245 62.183334
v 1.847636 31.883415 57.885513
v 1.847636 31.883415 57.817181
v 1.210620 31.246401 57.870518
v 1.210620 31.246401 57.802319
v 1.792968 31.828745 57.802319
v 1.792968 31.828745 57.870518
v 1.155952 31.191729 57.817181
v 1.155952 31.191729 57.885513
v 1.208436 31.139244 57.817181
v 1.208436 31.139244 57.885513
v 1.483892 32.247162 57.885513
v 1.483892 32.247162 57.817181
v 1.429224 32.192490 57.870518
v 1.429224 32.192490 57.802319
v 0.792208 31.555473 57.817181
v 0.792208 31.555473 57.885513
v 0.846876 31.610144 57.802319
v 0.846876 31.610144 57.870518
v 1.753520 31.890656 56.481899
v 1.753520 31.890656 54.302303
v 1.493976 32.150200 54.669353
v 1.493980 32.150200 56.481899
v 1.426524 31.998039 56.422005
v 1.426520 31.998039 54.609459
v 1.043952 31.615467 54.609459
v 1.043952 31.615469 56.422005
v 0.891792 31.548012 56.481895
v 0.891792 31.548012 54.669353
v 1.151336 31.288471 54.302303
v 1.151336 31.288471 56.481895
v 1.218788 31.440628 56.422005
v 1.218788 31.440628 54.362198
v 1.601360 31.823200 54.362198
v 1.601360 31.823200 56.422005
v -0.299828 33.944004 54.302303
v -0.182904 33.827080 54.669353
v -0.317308 33.741867 54.592121
v -0.699884 33.359303 54.592125
v -0.785088 33.224892 54.669353
v -0.902012 33.341820 54.302303
v -0.767600 33.427021 54.379528
v -0.385036 33.809601 54.379532
v -1.459224 35.103401 56.155800
v -1.342296 34.986477 56.522846
v -1.476704 34.901268 56.445618
v -1.859276 34.518696 56.445618
v -1.944484 34.384289 56.522846
v -2.061408 34.501217 56.155800
v -1.927004 34.586426 56.233028
v -1.544424 34.968987 56.233025
v -2.459336 36.103516 56.155800
v -2.459336 36.103516 56.522846
v -2.459336 35.883900 56.438145
v -2.841908 35.501331 56.438145
v -3.061524 35.501328 56.522846
v -3.061524 35.501328 56.155800
v -2.841908 35.501331 56.240501
v -2.459336 35.883900 56.240501
v 1.643712 31.780848 56.481899
v 1.643712 31.780848 54.302303
v 1.384172 32.040394 56.481899
v 1.384172 32.040394 54.669353
v -0.292708 33.717274 54.669353
v -1.452104 34.876667 56.522846
v -2.459336 35.883900 56.522846
v -2.841908 35.501331 56.522846
v -1.834676 34.494095 56.522846
v -0.675280 33.334702 54.669353
v 1.001600 31.657820 54.669353
v 1.001600 31.657820 56.481895
v 1.261140 31.398277 56.481895
v 1.261140 31.398275 54.302303
v -0.792208 33.451626 54.302303
v -1.951600 34.611019 56.155800
v -2.841908 35.501331 56.155800
v -2.459336 35.883900 56.155800
v -1.569028 34.993591 56.155800
v -0.409636 33.834198 54.302303
s 1
usemtl itu_metal
f 12248 12247 12218 12207
f 12187 12189 12031 12029
f 12238 12239 12199 12198
f 12190 12192 12185 12180
f 12061 12060 12005 12004
f 12196 12097 12091 12078 12197 12182
f 12247 12246 12226 12218
f 12213 12202 12205 12210
f 12082 12084 12026 12029
f 12033 12036 12024 12021
f 12038 12033 12021 12025
f 11994 11997 12001 12018 11998 12037 12038 12025 12032 12030 12008 12010
f 12039 12044 12037 12034
f 12040 12039 12034 12033
f 12193 12184 12192 12076 12051 12048 12086 12089
f 12011 11999 12004 12005
f 12180 12185 12022 12023
f 12194 12196 12183 12186
f 12203 12216 12217 12204
f 12090 12085 12073 12077
f 12241 12240 12201 12200
f 11998 12018 12017 11995
f 11996 12000 12001 11997
f 12097 12096 12090 12089
f 12014 12013 12019
f 12004 11999 12009
f 12062 12083 12027 12003
f 12059 12056 12062 12003 12010 12008 12006
f 12011 12012 11999
f 12020 12016 12015
f 12076 12074 12023 12022
f 12188 12030 12032 12043 12038 12037 12044 12009 12002 12012 12007 12031 12189
f 12195 12082 12029 12031 12007 12005 12060 12058 12093 12194 12186 12042 12188 12189 12187
f 12043 12040 12033 12038
f 12184 12181 12035 12034
f 12195 12197 12084 12082
f 12066 12065 12071
f 12057 12052 12061
f 12063 12064 12052
f 12072 12067 12068
f 12050 11996 12023 12074 12190 12191 12087 12035 12036 12088 12075 12046 12045 12049
f 12056 12079 12073 12045
f 12211 12220 12221 12212
f 12242 12241 12200 12215
f 12070 12054 12053 12069
f 12240 12238 12198 12201
f 12096 12094 12081 12083
f 12233 12232 12244 12245
f 12096 12097 12039 12040
f 12012 12011 12005 12007
f 12079 12083 12077 12073
f 12097 12095 12042 12039
f 12087 12089 12034 12035
f 12083 12081 12028 12027
f 12094 12096 12040 12041
f 12028 12041 12040 12027
f 12089 12090 12033 12034
f 12184 12034 12037 11998 11995 12051 12076 12022 12185 12192
f 12220 12228 12229 12221
f 12081 12080 12059 12006 12028
f 12090 12088 12036 12033
f 12075 12077 12021 12024
f 12228 12236 12237 12229
f 12084 12197 12078 12057 12061 12004 12009 12044 12039 12183 12196 12182 12026
f 12210 12211 12212 12213
f 12050 12051 11995 11996
f 12224 12232 12233 12225
f 12026 12182 12187 12029
f 12027 12032 12025 12021
f 12003 12027 12021 11993
f 12050 12054 12070 12051
f 12051 12070 12069 12048
f 12049 12053 12054 12050
f 11993 12047 12062 12056 12045 12046 11994 12010 12003
f 12202 12203 12204 12205
f 12042 12186 12183 12039
f 12193 12191 12181 12184
f 12030 12188 12042 12095 12194 12093 12080 12081 12094 12041 12028 12006 12008
f 12092 12096 12083 12079
f 12040 12043 12032 12027
f 12249 12248 12207 12206
f 12196 12194 12095 12097
f 12087 12191 12193 12089
f 12076 12192 12190 12074
f 12064 12063 12058 12060
f 12055 12064 12060 12061
f 12086 12048 12069 12053 12049 12045 12073 12085 12092 12079 12056 12059 12080 12093 12058 12063 12052 12057 12078 12091
f 12024 12036 12035 12181 12191 12190 12180 12023 11996 11997 11994 12046 12075
f 12252 12251 12208 12219
f 12227 12219 12208 12209 12206 12207 12218 12226 12234 12235
f 12216 12224 12225 12217
f 11995 12017 12000 11996
f 12198 12199 12214 12222 12230 12231 12223 12215 12200 12201
f 12253 12252 12219 12227
f 12239 12257 12214 12199
f 12197 12195 12187 12182
f 12091 12097 12089 12086
f 12075 12088 12090 12077
f 12244 12243 12223 12231 12234 12226 12246 12245
f 12243 12242 12215 12223
f 12235 12234 12231 12230
f 12018 12001 12000 12017
f 12251 12250 12209 12208
f 12236 12228 12220 12211 12210 12205 12204 12217 12225 12233 12245 12246 12247 12248 12249 12250 12251 12252 12253 12254
f 12257 12256 12222 12214
f 12254 12253 12227 12235 12230 12222 12256 12255
f 12096 12092 12085 12090
f 12237 12236 12254 12255
f 12077 12047 11993 12021
f 12083 12062 12047 12077
f 12203 12202 12213 12212 12221 12229 12237 12255 12256 12257 12239 12238 12240 12241 12242 12243 12244 12232 12224 12216
f 12250 12249 12206 12209
f 12171 12170 12129 12130
f 11986 11985 11944 11945
f 12170 12169 12128 12129
f 12149 12148 12107 12108
f 11971 11970 11929 11930
f 11977 11976 11935 11936
f 12162 12161 12120 12121
f 11967 11966 11925 11926
f 11952 11992 11951 11911
f 12150 12149 12108 12109
f 11965 11964 11923 11924
f 12167 12166 12125 12126
f 11963 11962 11921 11922
f 11979 11978 11937 11938
f 11975 11974 11933 11934
f 12172 12171 12130 12131
f 11970 11969 11928 11929
f 11974 11973 11932 11933
f 11955 11954 11913 11914
f 12153 12152 12111 12112
f 12152 12151 12110 12111
f 11973 11972 11931 11932
f 11987 11986 11945 11946
f 11958 11957 11916 11917
f 12164 12163 12122 12123
f 11978 11977 11936 11937
f 11957 11956 11915 11916
f 11964 11963 11922 11923
f 11985 11984 11943 11944
f 11952 11953 11954 11955 11956 11957 11958 11959 11960 11961 11962 11963 11964 11965 11966 11967 11968 11969 11970 11971 11972 11973 11974 11975 11976 11977 11978 11979 11980 11981 11982 11983 11984 11985 11986 11987 11988 11989 11990 11991 11992
f 11989 11988 11947 11948
f 11990 11989 11948 11949
f 11991 11990 11949 11950
f 12157 12156 12115 12116
f 11914 11913 11912 11911 11951 11950 11949 11948 11947 11946 11945 11944 11943 11942 11941 11940 11939 11938 11937 11936 11935 11934 11933 11932 11931 11930 11929 11928 11927 11926 11925 11924 11923 11922 11921 11920 11919 11918 11917 11916 11915
f 12161 12160 12119 12120
f 12146 12145 12104 12105
f 12160 12159 12118 12119
f 12163 12162 12121 12122
f 12176 12175 12134 12135
f 12168 12167 12126 12127
f 12174 12173 12132 12133
f 11954 11953 11912 11913
f 12178 12177 12136 12137
f 12151 12150 12109 12110
f 11983 11982 11941 11942
f 11956 11955 11914 11915
f 12148 12147 12106 12107
f 11962 11961 11920 11921
f 12129 12128 12127 12126 12125 12124 12123 12122 12121 12120 12119 12118 12117 12116 12115 12114 12113 12112 12111 12110 12109 12108 12107 12106 12105 12104 12103 12102 12101 12100 12099 12098 12138 12137 12136 12135 12134 12133 12132 12131 12130
f 12156 12155 12114 12115
f 11960 11959 11918 11919
f 12142 12141 12100 12101
f 11969 11968 11927 11928
f 12154 12153 12112 12113
f 12155 12154 12113 12114
f 12159 12158 12117 12118
f 12143 12142 12101 12102
f 11981 11980 11939 11940
f 11972 11971 11930 11931
f 11992 11991 11950 11951
f 11982 11981 11940 11941
f 12147 12146 12105 12106
f 11966 11965 11924 11925
f 12141 12140 12099 12100
f 12165 12164 12123 12124
f 12173 12172 12131 12132
f 11959 11958 11917 11918
f 12177 12176 12135 12136
f 12179 12178 12137 12138
f 11980 11979 11938 11939
f 12160 12161 12162 12163 12164 12165 12166 12167 12168 12169 12170 12171 12172 12173 12174 12175 12176 12177 12178 12179 12139 12140 12141 12142 12143 12144 12145 12146 12147 12148 12149 12150 12151 12152 12153 12154 12155 12156 12157 12158 12159
f 12175 12174 12133 12134
f 12169 12168 12127 12128
f 12144 12143 12102 12103
f 12166 12165 12124 12125
f 12139 12179 12138 12098
f 12140 12139 12098 12099
f 11968 11967 11926 11927
f 11961 11960 11919 11920
f 11988 11987 11946 11947
f 11984 11983 11942 11943
f 11953 11952 11911 11912
f 12158 12157 12116 12117
f 12145 12144 12103 12104
f 11976 11975 11934 11935
o 02_-_Top_Receiver_Mesh.872
v 0.041628 31.103691 54.730164
v 1.946172 33.267052 54.650894
v -1.285160 32.374840 54.730164
v 0.776612 34.436611 54.650894
v 0.041628 31.103693 57.969238
v 1.973992 33.294872 57.969238
v -1.285160 32.374840 57.969238
v 0.647204 34.566021 57.969238
v -0.115600 31.205280 54.730164
v -0.087780 31.233097 54.650894
v 1.973992 33.294872 54.730164
v 2.075580 33.137650 54.730164
v -1.386748 32.532063 54.730164
v -1.257340 32.402657 54.650894
v 0.647204 34.566021 54.730164
v 0.804432 34.464432 54.730164
v -0.087780 31.233097 58.048504
v -0.115600 31.205280 57.969238
v 1.946172 33.267052 58.048504
v 2.075580 33.137650 57.969238
v -1.257340 32.402657 58.048504
v -1.386748 32.532063 57.969238
v 0.776612 34.436611 58.048504
v 0.804432 34.464432 57.969238
v 0.716164 32.391037 58.048504
v 0.437992 32.669209 58.048504
v 0.396756 32.627972 58.048504
v 0.674928 32.349800 58.048504
v 0.716164 32.391037 58.712860
v 0.437992 32.669209 58.712860
v 0.396756 32.627972 58.712860
v 0.674928 32.349800 58.712860
v 0.376176 32.731026 58.048504
v 0.098004 33.009197 58.048504
v 0.056768 32.967960 58.048504
v 0.334940 32.689789 58.048504
v 0.376176 32.731026 58.712860
v 0.098004 33.009197 58.712860
v 0.056768 32.967960 58.712860
v 0.334940 32.689789 58.712860
v -0.317892 32.887028 58.048504
v -0.016184 32.585316 58.048504
v 0.000852 32.602352 58.048504
v -0.300860 32.904060 58.048504
v -0.317892 32.887028 59.003242
v -0.016184 32.585316 59.003242
v 0.000852 32.602352 59.003242
v -0.300860 32.904060 59.003242
v 0.567096 32.059277 58.048504
v 0.593468 32.085651 58.048504
v 0.412800 32.266319 58.048504
v 0.386428 32.239948 58.048504
v 0.567096 32.059277 59.264683
v 0.593468 32.085651 59.264683
v 0.412800 32.266319 59.264683
v 0.386428 32.239948 59.264683
v 0.599328 32.091511 58.048504
v 0.625700 32.117886 58.048504
v 0.445032 32.298553 58.048504
v 0.418660 32.272179 58.048504
v 0.599328 32.091511 59.264683
v 0.625700 32.117886 59.264683
v 0.445032 32.298553 59.264683
v 0.418660 32.272179 59.264683
v 1.428200 33.647049 58.048504
v 1.423640 33.651604 58.048504
v 1.392900 33.620865 58.048504
v 1.387096 33.626671 58.048504
v 1.352760 33.592335 58.048504
v 1.368760 33.576336 58.048504
v 1.403096 33.610672 58.048504
v 1.397460 33.616310 58.048504
v 1.428200 33.647049 59.793003
v 1.423640 33.651604 59.793003
v 1.392900 33.620865 59.793003
v 1.387096 33.626671 59.793003
v 1.352760 33.592335 59.793003
v 1.368760 33.576336 59.793003
v 1.403096 33.610672 59.793003
v 1.397460 33.616310 59.793003
v 0.956976 34.176868 58.048504
v 0.895408 34.115299 58.048504
v 0.945404 34.065308 58.048504
v 1.006968 34.126873 58.048504
v 0.956976 34.176868 69.276215
v 0.895408 34.115303 69.276215
v 0.945404 34.065308 69.276215
v 1.006968 34.126873 69.276215
v 1.354884 33.202648 58.048504
v 1.435500 33.283268 58.048504
v 1.152452 33.566315 58.048504
v 1.071836 33.485695 58.048504
v 1.354884 33.202648 59.738701
v 1.435500 33.283268 59.738701
v 1.152452 33.566315 59.738701
v 1.071836 33.485695 59.738701
v 1.284300 32.753185 58.048504
v 1.270684 32.766796 58.048504
v 1.251120 32.747231 58.048504
v 1.244616 32.753735 58.048504
v 1.237892 32.747017 58.048504
v 1.266496 32.718414 58.048504
v 1.273216 32.725136 58.048504
v 1.264736 32.733616 58.048504
v 1.284300 32.753181 69.058487
v 1.270684 32.766796 69.058487
v 1.251120 32.747234 69.058487
v 1.244616 32.753738 69.058487
v 1.237892 32.747017 69.058487
v 1.266496 32.718414 69.058487
v 1.273220 32.725136 69.058487
v 1.264736 32.733616 69.058487
v 0.544472 33.755142 58.048504
v 0.535176 33.745846 58.048504
v 0.604000 33.677021 58.048504
v 0.600444 33.673470 58.048504
v 0.792556 33.481358 58.048504
v 0.809616 33.498413 58.048504
v 0.617504 33.690529 58.048504
v 0.613292 33.686317 58.048504
v 0.544472 33.755142 65.051163
v 0.535176 33.745846 65.051163
v 0.604000 33.677021 65.051163
v 0.600444 33.673470 65.051163
v 0.792556 33.481358 65.051163
v 0.809616 33.498417 65.051163
v 0.617504 33.690529 65.051163
v 0.613292 33.686317 65.051163
v 0.706084 33.401623 58.048504
v 0.737408 33.370304 58.048504
v 0.750956 33.383854 58.048504
v 0.719632 33.415173 58.048504
v 0.706084 33.401627 75.151070
v 0.737408 33.370304 75.151070
v 0.750956 33.383854 75.151070
v 0.719632 33.415173 75.151070
v 0.528680 32.881119 58.048504
v 0.494316 32.915489 58.048504
v 0.443364 32.864536 58.048504
v 0.415188 32.892715 58.048504
v 0.367428 32.844959 58.048504
v 0.449840 32.762547 58.048504
v 0.497596 32.810303 58.048504
v 0.477732 32.830173 58.048504
v 0.528680 32.881123 64.963707
v 0.494316 32.915489 64.963707
v 0.443364 32.864536 64.963707
v 0.415188 32.892715 64.963707
v 0.367428 32.844959 64.963707
v 0.449840 32.762550 64.963707
v 0.497596 32.810307 64.963707
v 0.477732 32.830173 64.963707
v -0.814384 31.981945 58.048504
v -0.781668 31.949228 58.048504
v -0.732376 31.998520 58.048504
v -0.721268 31.987411 58.048504
v -0.599432 32.109249 58.048504
v -0.653240 32.163055 58.048504
v -0.775076 32.041222 58.048504
v -0.765092 32.031235 58.048504
v -0.814384 31.981945 59.259609
v -0.781668 31.949228 59.259609
v -0.732376 31.998520 59.259609
v -0.721268 31.987411 59.259609
v -0.599432 32.109249 59.259609
v -0.653240 32.163055 59.259609
v -0.775076 32.041222 59.259609
v -0.765092 32.031235 59.259609
v -0.045304 31.539104 58.048504
v 0.024672 31.609081 58.048504
v -0.049940 31.683697 58.048504
v -0.119920 31.613716 58.048504
v -0.045304 31.539104 62.941654
v 0.024672 31.609081 62.941654
v -0.049940 31.683697 62.941654
v -0.119920 31.613716 62.941654
v 0.040224 31.624632 58.048504
v 0.110200 31.694609 58.048504
v 0.035588 31.769224 58.048504
v -0.034392 31.699249 58.048504
v 0.040224 31.624634 62.941654
v 0.110200 31.694609 62.941654
v 0.035588 31.769224 62.941654
v -0.034392 31.699249 62.941654
v -0.813496 32.691540 58.048504
v -0.777032 32.655071 58.048504
v -0.758200 32.673904 58.048504
v -0.736880 32.652584 58.048504
v -0.722080 32.667385 58.048504
v -0.788500 32.733803 58.048504
v -0.803300 32.719006 58.048504
v -0.794664 32.710373 58.048504
v -0.813496 32.691540 69.985107
v -0.777032 32.655075 69.985107
v -0.758200 32.673904 69.985107
v -0.736880 32.652584 69.985107
v -0.722080 32.667385 69.985107
v -0.788500 32.733807 69.985107
v -0.803300 32.719006 69.985107
v -0.794664 32.710369 69.985107
v 0.205856 31.850224 58.048504
v 0.333912 31.978281 58.048504
v 0.048360 32.263836 58.048504
v -0.079700 32.135777 58.048504
v 0.205856 31.850224 59.639957
v 0.333912 31.978281 59.639957
v 0.048360 32.263836 59.639957
v -0.079700 32.135777 59.639957
v -0.432356 32.731304 58.048504
v -0.434892 32.728767 58.048504
v -0.207916 32.501789 58.048504
v -0.205376 32.504330 58.048504
v -0.432356 32.731304 58.241447
v -0.434892 32.728767 58.241447
v -0.207916 32.501789 58.241447
v -0.205376 32.504330 58.241447
v -0.435456 32.728203 58.048504
v -0.437996 32.725666 58.048504
v -0.211016 32.498688 58.048504
v -0.208480 32.501225 58.048504
v -0.435456 32.728203 58.241447
v -0.437996 32.725666 58.241447
v -0.211016 32.498688 58.241447
v -0.208480 32.501225 58.241447
s 1
usemtl itu_metal
f 12261 12259 12267 12271
f 12358 12359 12367 12366
f 12277 12262 12258 12269
f 12281 12263 12268 12273
f 12279 12265 12272 12270
f 12275 12264 12260 12266
f 12258 12266 12267
f 12259 12268 12269
f 12260 12270 12271
f 12261 12272 12273
f 12262 12274 12275
f 12263 12276 12277
f 12264 12278 12279
f 12265 12280 12281
f 12260 12271 12267 12266
f 12272 12261 12271 12270
f 12268 12259 12261 12273
f 12258 12267 12259 12269
f 12277 12276 12274 12262
f 12281 12280 12276 12263
f 12279 12278 12280 12265
f 12275 12274 12278 12264
f 12263 12277 12269 12268
f 12266 12258 12262 12275
f 12265 12281 12273 12272
f 12264 12279 12270 12260
f 12276 12280 12278 12274
f 12374 12375 12383 12382
f 12282 12283 12287 12286
f 12283 12284 12288 12287
f 12284 12285 12289 12288
f 12285 12282 12286 12289
f 12286 12287 12288 12289
f 12290 12291 12295 12294
f 12291 12292 12296 12295
f 12292 12293 12297 12296
f 12293 12290 12294 12297
f 12294 12295 12296 12297
f 12298 12299 12303 12302
f 12299 12300 12304 12303
f 12300 12301 12305 12304
f 12301 12298 12302 12305
f 12302 12303 12304 12305
f 12306 12307 12311 12310
f 12307 12308 12312 12311
f 12308 12309 12313 12312
f 12309 12306 12310 12313
f 12310 12311 12312 12313
f 12314 12315 12319 12318
f 12315 12316 12320 12319
f 12316 12317 12321 12320
f 12317 12314 12318 12321
f 12318 12319 12320 12321
f 12322 12323 12331 12330
f 12323 12324 12332 12331
f 12324 12325 12333 12332
f 12325 12326 12334 12333
f 12398 12399 12407 12406
f 12327 12328 12336 12335
f 12328 12329 12337 12336
f 12329 12322 12330 12337
f 12334 12335 12336 12337 12330 12331 12332 12333
f 12338 12339 12343 12342
f 12339 12340 12344 12343
f 12340 12341 12345 12344
f 12341 12338 12342 12345
f 12342 12343 12344 12345
f 12346 12347 12351 12350
f 12347 12348 12352 12351
f 12348 12349 12353 12352
f 12349 12346 12350 12353
f 12350 12351 12352 12353
f 12354 12355 12363 12362
f 12355 12356 12364 12363
f 12356 12357 12365 12364
f 12357 12358 12366 12365
f 12359 12360 12368 12367
f 12360 12361 12369 12368
f 12361 12354 12362 12369
f 12366 12367 12368 12369 12362 12363 12364 12365
f 12370 12371 12379 12378
f 12371 12372 12380 12379
f 12372 12373 12381 12380
f 12373 12374 12382 12381
f 12375 12376 12384 12383
f 12376 12377 12385 12384
f 12377 12370 12378 12385
f 12382 12383 12384 12385 12378 12379 12380 12381
f 12386 12387 12391 12390
f 12387 12388 12392 12391
f 12388 12389 12393 12392
f 12389 12386 12390 12393
f 12390 12391 12392 12393
f 12394 12395 12403 12402
f 12395 12396 12404 12403
f 12396 12397 12405 12404
f 12397 12398 12406 12405
f 12399 12400 12408 12407
f 12400 12401 12409 12408
f 12401 12394 12402 12409
f 12406 12407 12408 12409 12402 12403 12404 12405
f 12410 12411 12419 12418
f 12411 12412 12420 12419
f 12412 12413 12421 12420
f 12413 12414 12422 12421
f 12326 12327 12335 12334
f 12415 12416 12424 12423
f 12416 12417 12425 12424
f 12417 12410 12418 12425
f 12422 12423 12424 12425 12418 12419 12420 12421
f 12426 12427 12431 12430
f 12427 12428 12432 12431
f 12428 12429 12433 12432
f 12429 12426 12430 12433
f 12430 12431 12432 12433
f 12434 12435 12439 12438
f 12435 12436 12440 12439
f 12436 12437 12441 12440
f 12437 12434 12438 12441
f 12438 12439 12440 12441
f 12442 12443 12451 12450
f 12443 12444 12452 12451
f 12444 12445 12453 12452
f 12445 12446 12454 12453
f 12414 12415 12423 12422
f 12447 12448 12456 12455
f 12448 12449 12457 12456
f 12449 12442 12450 12457
f 12454 12455 12456 12457 12450 12451 12452 12453
f 12458 12459 12463 12462
f 12459 12460 12464 12463
f 12460 12461 12465 12464
f 12461 12458 12462 12465
f 12462 12463 12464 12465
f 12466 12467 12471 12470
f 12467 12468 12472 12471
f 12468 12469 12473 12472
f 12469 12466 12470 12473
f 12470 12471 12472 12473
f 12474 12475 12479 12478
f 12475 12476 12480 12479
f 12476 12477 12481 12480
f 12477 12474 12478 12481
f 12478 12479 12480 12481
f 12446 12447 12455 12454
o 02_-_Top_Small_Dish.001_Mesh.014
v 1.489260 40.487354 26.419413
v 1.027892 40.652069 26.129992
v 0.927408 40.677193 25.595913
v 1.122484 40.628418 25.285404
v 1.723192 40.478218 25.189760
v 1.944868 40.422791 25.350485
v 2.023352 40.403168 26.051212
v 1.587160 40.462879 26.411663
v 1.401376 40.135872 26.419413
v 1.303480 40.160347 26.411663
v 1.207876 40.184250 26.388603
v 1.116812 40.207024 26.350773
v 1.032416 40.228123 26.299051
v 0.956668 40.247063 26.234659
v 0.891344 40.263397 26.159103
v 0.837972 40.276741 26.074152
v 0.797808 40.286785 25.981800
v 0.771792 40.293289 25.884212
v 0.760532 40.296104 25.783676
v 0.764292 40.295166 25.682541
v 0.782984 40.290489 25.583183
v 0.816172 40.282196 25.487936
v 0.863076 40.270466 25.399023
v 0.922600 40.255581 25.318537
v 0.993344 40.237892 25.248352
v 1.073652 40.217815 25.190128
v 1.161640 40.195808 25.145220
v 1.255248 40.172405 25.114683
v 1.352284 40.148148 25.099236
v 1.450468 40.123592 25.099236
v 1.547500 40.099331 25.114683
v 1.641108 40.075928 25.145220
v 1.729096 40.053925 25.190128
v 1.809404 40.033844 25.248352
v 1.880148 40.016159 25.318537
v 1.939672 40.001274 25.399023
v 1.986576 39.989548 25.487936
v 2.019764 39.981247 25.583183
v 2.038456 39.976574 25.682541
v 2.042220 39.975636 25.783672
v 2.030960 39.978451 25.884212
v 2.004940 39.984955 25.981800
v 1.964776 39.994999 26.074152
v 1.911408 40.008343 26.159100
v 1.846084 40.024673 26.234659
v 1.770336 40.043613 26.299051
v 1.685940 40.064716 26.350767
v 1.594876 40.087486 26.388603
v 1.499272 40.111389 26.411663
v 1.391364 40.511833 26.411663
v 1.295764 40.535736 26.388603
v 1.204696 40.558506 26.350773
v 1.120300 40.579609 26.299051
v 1.044552 40.598549 26.234659
v 0.979228 40.614883 26.159103
v 0.925856 40.628227 26.074152
v 0.885692 40.638271 25.981800
v 0.859676 40.644775 25.884212
v 0.848416 40.647591 25.783676
v 0.852176 40.646648 25.682541
v 0.870872 40.641979 25.583183
v 0.904060 40.633678 25.487936
v 0.950964 40.621948 25.399023
v 1.010484 40.607067 25.318537
v 1.081228 40.589378 25.248352
v 1.161536 40.569298 25.190128
v 1.249524 40.547298 25.145220
v 1.343136 40.523895 25.114683
v 1.440168 40.499630 25.099236
v 1.538352 40.475082 25.099236
v 1.635384 40.450817 25.114683
v 1.728992 40.427414 25.145220
v 1.816984 40.405411 25.190128
v 1.897292 40.385330 25.248352
v 1.968036 40.367641 25.318537
v 2.027556 40.352757 25.399023
v 2.074460 40.341030 25.487936
v 2.107648 40.332733 25.583183
v 2.126344 40.328056 25.682541
v 2.130104 40.327118 25.783672
v 2.118844 40.329933 25.884212
v 2.092828 40.336437 25.981800
v 2.052664 40.346481 26.074152
v 1.999292 40.359825 26.159100
v 1.933968 40.376163 26.234659
v 1.858220 40.395103 26.299051
v 1.773824 40.416203 26.350767
v 1.682760 40.438972 26.388603
v 1.591660 40.511105 26.364204
v 1.298976 40.112118 26.364208
v 0.916780 40.207684 26.129992
v 0.816292 40.232811 25.595913
v 1.085844 40.165409 25.231403
v 1.435288 40.078033 25.147116
v 1.932452 39.953728 25.507576
v 1.912236 39.958778 26.051212
v 1.494340 40.507679 26.416412
v 1.497972 40.522194 26.407404
v 1.500148 40.530903 26.392401
v 1.401852 40.546227 26.399799
v 1.396888 40.532043 26.408695
v 1.314556 40.577305 26.362852
v 1.307988 40.569695 26.377155
v 1.301724 40.555840 26.385744
v 1.218576 40.592052 26.340012
v 1.211068 40.578506 26.348080
v 1.146264 40.619385 26.276960
v 1.135712 40.612770 26.289232
v 1.127056 40.599514 26.296597
v 1.061340 40.631367 26.226007
v 1.051652 40.618366 26.232500
v 1.010956 40.653217 26.142729
v 0.997200 40.647408 26.151825
v 0.986624 40.634624 26.157284
v 0.944800 40.660507 26.068420
v 0.933496 40.647911 26.072720
v 0.921244 40.675652 25.972672
v 0.905364 40.670364 25.977743
v 0.893516 40.657906 25.980787
v 0.879820 40.676754 25.881927
v 0.867616 40.664383 25.883644
v 0.885492 40.684589 25.782640
v 0.868764 40.679520 25.783216
v 0.856408 40.667187 25.783560
v 0.872456 40.678593 25.683916
v 0.860152 40.666248 25.682888
v 0.907028 40.679207 25.590343
v 0.890812 40.674007 25.586369
v 0.878760 40.661598 25.583981
v 0.923396 40.665859 25.492847
v 0.911796 40.653336 25.489164
v 0.983848 40.659996 25.413704
v 0.969448 40.654343 25.405552
v 0.958488 40.641663 25.400656
v 1.027892 40.639729 25.326525
v 1.017740 40.626846 25.320532
v 1.108788 40.628757 25.269192
v 1.097348 40.622360 25.257616
v 1.088164 40.609238 25.250668
v 1.176200 40.602646 25.200447
v 1.168104 40.589249 25.192707
v 1.270212 40.588394 25.170277
v 1.262592 40.581047 25.156357
v 1.255696 40.567345 25.148005
v 1.354500 40.558067 25.126371
v 1.348880 40.544044 25.117607
v 1.453064 40.542675 25.126167
v 1.449768 40.534245 25.111208
v 1.445472 40.519894 25.102228
v 1.546172 40.510143 25.111208
v 1.543212 40.495457 25.102228
v 1.640304 40.495857 25.140984
v 1.641444 40.486317 25.126371
v 1.639804 40.471306 25.117607
v 1.730088 40.473404 25.170277
v 1.733352 40.463337 25.156357
v 1.732988 40.448006 25.148005
v 1.814480 40.452305 25.213348
v 1.819744 40.441738 25.200447
v 1.820576 40.426105 25.192707
v 1.898592 40.422020 25.257616
v 1.900520 40.406116 25.250668
v 1.959360 40.416080 25.336504
v 1.968052 40.404655 25.326521
v 1.970944 40.388504 25.320532
v 2.026492 40.390041 25.405548
v 2.030196 40.373695 25.400652
v 2.061436 40.390556 25.498983
v 2.072544 40.378525 25.492844
v 2.076884 40.362019 25.489164
v 2.093268 40.382599 25.590340
v 2.105128 40.370377 25.586365
v 2.109924 40.353760 25.583981
v 2.123484 40.365791 25.683916
v 2.128532 40.349106 25.682884
v 2.114808 40.377213 25.782640
v 2.127176 40.364864 25.783213
v 2.132276 40.348167 25.783556
v 2.104008 40.379913 25.879068
v 2.116120 40.367630 25.881924
v 2.121068 40.350971 25.883640
v 2.090576 40.374016 25.977743
v 2.095168 40.357445 25.980783
v 2.040532 40.395786 26.061249
v 2.051144 40.383877 26.068417
v 2.055188 40.367443 26.072720
v 1.998740 40.396976 26.151825
v 2.002060 40.380726 26.157280
v 1.926688 40.424252 26.215197
v 1.934604 40.413017 26.226007
v 1.937032 40.396988 26.232496
v 1.860232 40.431614 26.289232
v 1.861628 40.415840 26.296597
v 1.773088 40.462658 26.326565
v 1.777368 40.452335 26.340012
v 1.777616 40.436844 26.348080
v 1.687956 40.474689 26.377155
v 1.686964 40.459515 26.385744
v 1.591796 40.483311 26.408695
v 1.594092 40.498158 26.399799
v 1.594048 40.507423 26.384968
v 1.396292 40.115547 26.416412
v 1.392664 40.101028 26.407404
v 1.298844 40.139915 26.408695
v 1.296548 40.125065 26.399799
v 1.296592 40.115799 26.384968
v 1.203676 40.163712 26.385744
v 1.202680 40.148533 26.377155
v 1.113024 40.186378 26.348080
v 1.113268 40.170891 26.340012
v 1.117552 40.160564 26.326565
v 1.029008 40.207382 26.296597
v 1.030404 40.191608 26.289232
v 0.953604 40.226238 26.232500
v 0.956032 40.210205 26.226007
v 0.963948 40.198975 26.215197
v 0.888576 40.242496 26.157284
v 0.891896 40.226246 26.151825
v 0.901296 40.214638 26.142729
v 0.835448 40.255783 26.072720
v 0.839492 40.239346 26.068420
v 0.850104 40.227440 26.061253
v 0.795468 40.265778 25.980787
v 0.800060 40.249207 25.977743
v 0.811584 40.237068 25.972672
v 0.769568 40.272255 25.883644
v 0.774516 40.255592 25.881927
v 0.758360 40.275055 25.783560
v 0.763460 40.258358 25.783216
v 0.775828 40.246010 25.782640
v 0.762104 40.274117 25.682888
v 0.767152 40.257435 25.683916
v 0.780712 40.269466 25.583981
v 0.785504 40.252846 25.586369
v 0.797364 40.240627 25.590343
v 0.813748 40.261208 25.489164
v 0.818092 40.244698 25.492847
v 0.860440 40.249531 25.400656
v 0.864144 40.233181 25.405552
v 0.874184 40.221416 25.413708
v 0.919692 40.234718 25.320532
v 0.922584 40.218571 25.326525
v 0.931276 40.207142 25.336504
v 0.990116 40.217106 25.250668
v 0.992044 40.201202 25.257616
v 1.070056 40.197117 25.192707
v 1.070892 40.181488 25.200447
v 1.076156 40.170918 25.213348
v 1.157648 40.175217 25.148005
v 1.157284 40.159885 25.156357
v 1.250832 40.151917 25.117607
v 1.249192 40.136906 25.126371
v 1.250332 40.127365 25.140984
v 1.347424 40.127766 25.102228
v 1.344464 40.113083 25.111208
v 1.445164 40.103325 25.102228
v 1.440864 40.088978 25.111208
v 1.437572 40.080551 25.126167
v 1.541756 40.079178 25.117607
v 1.536136 40.065159 25.126371
v 1.530640 40.057278 25.140984
v 1.634940 40.055878 25.148005
v 1.628044 40.042179 25.156357
v 1.722528 40.033974 25.192707
v 1.714436 40.020576 25.200447
v 1.704820 40.013725 25.213348
v 1.802472 40.013985 25.250668
v 1.793284 40.000862 25.257616
v 1.781844 39.994465 25.269192
v 1.872896 39.996376 25.320532
v 1.862744 39.983494 25.326521
v 1.932148 39.981564 25.400652
v 1.921184 39.968884 25.405548
v 1.906788 39.963226 25.413704
v 1.978836 39.969891 25.489164
v 1.967236 39.957367 25.492844
v 1.951776 39.951977 25.498983
v 2.011876 39.961624 25.583981
v 1.999824 39.949219 25.586365
v 2.030484 39.956974 25.682884
v 2.018176 39.944630 25.683916
v 2.001536 39.939533 25.685640
v 2.034228 39.956039 25.783556
v 2.021868 39.943707 25.783213
v 2.023020 39.958843 25.883640
v 2.010816 39.946468 25.881924
v 1.994344 39.941334 25.879068
v 1.997120 39.965317 25.980783
v 1.985268 39.952858 25.977743
v 1.957140 39.975315 26.072720
v 1.945836 39.962719 26.068417
v 1.930868 39.957207 26.061249
v 1.904012 39.988598 26.157280
v 1.893436 39.975819 26.151825
v 1.879680 39.970005 26.142729
v 1.838984 40.004860 26.232496
v 1.829296 39.991859 26.226007
v 1.763580 40.023708 26.296597
v 1.754924 40.010452 26.289232
v 1.744372 40.003838 26.276957
v 1.679568 40.044716 26.348080
v 1.672060 40.031170 26.340012
v 1.663424 40.024078 26.326565
v 1.588916 40.067387 26.385744
v 1.582648 40.053528 26.377155
v 1.493748 40.091179 26.408695
v 1.488784 40.076996 26.399799
v 1.484384 40.068848 26.384968
v 1.419584 40.208694 25.963984
v 1.389132 40.216309 25.961576
v 1.359396 40.223747 25.954399
v 1.331068 40.230827 25.942633
v 1.304816 40.237389 25.926544
v 1.281252 40.243282 25.906515
v 1.260932 40.248363 25.883013
v 1.244332 40.252514 25.856588
v 1.231836 40.255638 25.827860
v 1.223744 40.257660 25.797504
v 1.220240 40.258537 25.766228
v 1.221412 40.258247 25.734772
v 1.227228 40.256790 25.703863
v 1.237548 40.254211 25.674236
v 1.252140 40.250561 25.646580
v 1.270656 40.245934 25.621540
v 1.292660 40.240429 25.599712
v 1.317640 40.234180 25.581600
v 1.345012 40.227341 25.567633
v 1.374128 40.220058 25.558132
v 1.404312 40.212513 25.553324
v 1.434856 40.204880 25.553324
v 1.465040 40.197330 25.558132
v 1.494156 40.190048 25.567633
v 1.521528 40.183205 25.581600
v 1.546508 40.176956 25.599712
v 1.568512 40.171459 25.621540
v 1.587028 40.166824 25.646580
v 1.601620 40.163177 25.674236
v 1.611944 40.160599 25.703863
v 1.617756 40.159142 25.734768
v 1.618928 40.158852 25.766228
v 1.615424 40.159725 25.797504
v 1.607332 40.161751 25.827860
v 1.594836 40.164875 25.856588
v 1.578236 40.169025 25.883013
v 1.557916 40.174107 25.906515
v 1.534356 40.179996 25.926544
v 1.508100 40.186562 25.942633
v 1.479776 40.193645 25.954399
v 1.450036 40.201077 25.961576
v 1.274228 39.627361 25.963984
v 1.243776 39.634975 25.961576
v 1.214040 39.642410 25.954399
v 1.185712 39.649494 25.942633
v 1.159460 39.656059 25.926544
v 1.135896 39.661949 25.906515
v 1.115576 39.667030 25.883013
v 1.098976 39.671181 25.856588
v 1.086480 39.674305 25.827860
v 1.078388 39.676331 25.797504
v 1.074884 39.677208 25.766228
v 1.076056 39.676910 25.734772
v 1.081868 39.675457 25.703863
v 1.092192 39.672878 25.674236
v 1.106784 39.669231 25.646580
v 1.125300 39.664597 25.621540
v 1.147304 39.659096 25.599712
v 1.172284 39.652851 25.581600
v 1.199656 39.646008 25.567633
v 1.228772 39.638725 25.558132
v 1.258956 39.631180 25.553324
v 1.289500 39.623543 25.553324
v 1.319684 39.615993 25.558132
v 1.348800 39.608715 25.567633
v 1.376172 39.601871 25.581600
v 1.401152 39.595627 25.599712
v 1.423156 39.590122 25.621540
v 1.441672 39.585495 25.646580
v 1.456264 39.581844 25.674236
v 1.466584 39.579262 25.703863
v 1.472400 39.577808 25.734768
v 1.473572 39.577518 25.766228
v 1.470068 39.578392 25.797504
v 1.461976 39.580418 25.827860
v 1.449480 39.583542 25.856588
v 1.432880 39.587688 25.883013
v 1.412560 39.592773 25.906515
v 1.389000 39.598663 25.926544
v 1.362744 39.605228 25.942633
v 1.334420 39.612309 25.954399
v 1.304680 39.619747 25.961576
v 1.213608 40.098782 23.147488
v 1.190412 40.135719 23.147488
v 1.213608 40.098782 25.314640
v 1.183084 40.106415 25.323036
v 1.190412 40.135719 25.323036
v 1.220936 40.128086 25.314640
v 1.375992 40.058178 25.605200
v 1.349148 40.064888 25.620880
v 1.356476 40.094193 25.620880
v 1.383320 40.087482 25.605200
v 1.538756 40.017483 23.147488
v 1.538756 40.017483 25.314640
v 1.569284 40.009850 25.323036
v 1.576608 40.039154 25.323036
v 1.576608 40.039154 23.147488
v 1.546084 40.046787 25.314640
v 1.403220 40.051369 25.620880
v 1.410548 40.080673 25.620880
v 1.375992 40.058178 25.605200
v 1.383320 40.087482 25.605200
v 1.383320 40.087482 25.605200
v 1.375992 40.058178 25.605200
v 1.375992 40.058178 25.605200
v 1.383320 40.087482 25.605200
v 1.546084 40.046787 25.314640
v 1.410548 40.080673 25.620880
v 1.213608 40.098782 23.207176
v 1.213608 40.098782 25.254951
v 1.183084 40.106415 25.262709
v 1.183084 40.106415 23.207815
v 1.190412 40.135719 23.207815
v 1.220936 40.128086 23.207176
v 1.538756 40.017483 25.254951
v 1.538756 40.017483 23.207176
v 1.569280 40.009850 23.207815
v 1.569284 40.009850 25.262709
v 1.546084 40.046787 23.207176
v 1.213608 40.098782 23.521215
v 1.213608 40.098782 23.557487
v 1.183084 40.106415 23.561884
v 1.183084 40.106415 23.525221
v 1.190412 40.135719 23.525221
v 1.220936 40.128086 23.557487
v 1.220936 40.128086 23.521215
v 1.538756 40.017483 23.557487
v 1.538756 40.017483 23.521215
v 1.569280 40.009850 23.525221
v 1.569280 40.009850 23.561884
v 1.546084 40.046787 23.521215
v 1.546084 40.046787 23.557487
v 1.124976 39.874016 23.147488
v 1.132304 39.903316 23.147488
v 1.162828 39.895687 23.147488
v 1.155500 39.866383 25.314640
v 1.124976 39.874016 25.323036
v 1.132304 39.903316 25.323036
v 1.162828 39.895687 25.314640
v 1.317884 39.825783 25.605200
v 1.291040 39.832493 25.620880
v 1.298364 39.861797 25.620880
v 1.325212 39.855087 25.605200
v 1.480648 39.785080 23.147488
v 1.480648 39.785080 25.314640
v 1.511172 39.777451 25.323036
v 1.511172 39.777451 23.147488
v 1.518500 39.806755 25.323036
v 1.518500 39.806755 23.147488
v 1.487976 39.814384 25.314640
v 1.487976 39.814384 23.147488
v 1.345112 39.818974 25.620880
v 1.352436 39.848278 25.620880
v 1.317884 39.825783 25.605200
v 1.325212 39.855087 25.605200
v 1.325212 39.855087 25.605200
v 1.317884 39.825783 25.605200
v 1.317884 39.825783 25.605200
v 1.325212 39.855087 25.605200
v 1.487976 39.814384 25.314640
v 1.352436 39.848278 25.620880
v 1.155500 39.866383 23.207176
v 1.155500 39.866383 25.254951
v 1.132304 39.903316 25.262709
v 1.132304 39.903316 23.207815
v 1.162828 39.895687 25.254951
v 1.162828 39.895687 23.207176
v 1.480648 39.785080 25.254951
v 1.480648 39.785080 23.207176
v 1.518500 39.806755 23.207815
v 1.518500 39.806755 25.262709
v 1.487976 39.814384 23.207176
v 1.487976 39.814384 25.254951
v 1.155500 39.866383 23.521215
v 1.155500 39.866383 23.557487
v 1.124976 39.874016 23.525221
v 1.132304 39.903316 23.561884
v 1.132304 39.903316 23.525221
v 1.162828 39.895687 23.557487
v 1.162828 39.895687 23.521215
v 1.480648 39.785080 23.557487
v 1.480648 39.785080 23.521215
v 1.518500 39.806755 23.525221
v 1.518500 39.806755 23.561884
v 1.487976 39.814384 23.521215
v 1.487976 39.814384 23.557487
v 1.400768 40.133438 26.180197
v 1.338296 40.149059 26.175253
v 1.277292 40.164314 26.160536
v 1.219180 40.178844 26.136396
v 1.165324 40.192310 26.103388
v 1.116984 40.204399 26.062300
v 1.075300 40.214817 26.014084
v 1.041244 40.223335 25.959875
v 1.015612 40.229744 25.900944
v 0.999008 40.233894 25.838669
v 0.991824 40.235691 25.774511
v 0.994224 40.235088 25.709976
v 1.006152 40.232109 25.646572
v 1.027332 40.226814 25.585793
v 1.057264 40.219330 25.529053
v 1.095244 40.209835 25.477692
v 1.140388 40.198547 25.432907
v 1.191636 40.185730 25.395752
v 1.247784 40.171692 25.367096
v 1.307520 40.156754 25.347609
v 1.369440 40.141273 25.337748
v 1.432096 40.125607 25.337748
v 1.494016 40.110126 25.347609
v 1.553748 40.095192 25.367096
v 1.609900 40.081150 25.395752
v 1.661144 40.068333 25.432907
v 1.706288 40.057045 25.477688
v 1.744272 40.047550 25.529053
v 1.774204 40.040066 25.585793
v 1.795380 40.034771 25.646572
v 1.807312 40.031784 25.709976
v 1.809712 40.031185 25.774508
v 1.802524 40.032986 25.838669
v 1.785924 40.037132 25.900940
v 1.760292 40.043541 25.959875
v 1.726236 40.052059 26.014084
v 1.684552 40.062481 26.062300
v 1.636212 40.074570 26.103388
v 1.582356 40.088036 26.136393
v 1.524244 40.102566 26.160536
v 1.463240 40.117817 26.175253
v 1.363832 39.985725 26.180197
v 1.301364 40.001343 26.175253
v 1.240356 40.016598 26.160536
v 1.182244 40.031128 26.136396
v 1.128388 40.044594 26.103388
v 1.080052 40.056683 26.062300
v 1.038364 40.067101 26.014084
v 1.004308 40.075619 25.959875
v 0.978676 40.082031 25.900944
v 0.962076 40.086178 25.838669
v 0.954888 40.087975 25.774511
v 0.957288 40.087372 25.709976
v 0.969220 40.084393 25.646572
v 0.990396 40.079098 25.585793
v 1.020328 40.071613 25.529053
v 1.058312 40.062119 25.477692
v 1.103456 40.050831 25.432907
v 1.154700 40.038013 25.395752
v 1.210852 40.023975 25.367096
v 1.270584 40.009037 25.347609
v 1.332504 39.993557 25.337748
v 1.395160 39.977890 25.337748
v 1.457080 39.962410 25.347609
v 1.516816 39.947475 25.367096
v 1.572964 39.933434 25.395752
v 1.624212 39.920616 25.432907
v 1.669356 39.909328 25.477688
v 1.707336 39.899834 25.529053
v 1.737268 39.892349 25.585793
v 1.758448 39.887054 25.646572
v 1.770376 39.884071 25.709976
v 1.772776 39.883472 25.774508
v 1.765592 39.885269 25.838669
v 1.748988 39.889420 25.900940
v 1.723360 39.895828 25.959875
v 1.689300 39.904343 26.014084
v 1.647616 39.914764 26.062300
v 1.599280 39.926853 26.103388
v 1.545424 39.940319 26.136393
v 1.487312 39.954849 26.160536
v 1.426304 39.970100 26.175253
v 1.183084 40.106415 24.426201
v 1.183084 40.106415 24.398392
v 1.538756 40.017483 24.420095
v 1.538756 40.017483 24.392344
v 1.213608 40.098782 24.392344
v 1.213608 40.098782 24.420095
v 1.569280 40.009850 24.398392
v 1.569280 40.009850 24.426201
v 1.576608 40.039154 24.426201
v 1.132304 39.903316 24.426201
v 1.132304 39.903316 24.398392
v 1.162828 39.895687 24.420095
v 1.162828 39.895687 24.392344
v 1.511172 39.777451 24.426201
v 1.518500 39.806755 24.398392
v 1.518500 39.806755 24.426201
v 1.487976 39.814384 24.392344
v 1.487976 39.814384 24.420095
v 1.200260 40.072052 23.854980
v 1.200260 40.072052 22.967968
v 1.164028 39.927139 23.117340
v 1.164028 39.927139 23.854980
v 1.231248 39.935459 23.830608
v 1.231248 39.935459 23.092968
v 1.444856 39.882046 23.092968
v 1.444856 39.882046 23.830608
v 1.500252 39.843071 23.854980
v 1.500252 39.843071 23.117340
v 1.536488 39.987984 22.967968
v 1.536488 39.987984 23.854980
v 1.469264 39.979668 23.830608
v 1.469264 39.979668 22.992340
v 1.255660 40.033077 22.992340
v 1.255660 40.033077 23.830608
v 0.913600 38.925583 22.967968
v 0.929920 38.990868 23.117340
v 0.987796 38.961803 23.085913
v 1.201404 38.908390 23.085917
v 1.266148 38.906799 23.117340
v 1.249824 38.841511 22.967968
v 1.191948 38.870579 22.999395
v 0.978344 38.923985 22.999395
v 0.751736 38.278240 23.722273
v 0.768060 38.343525 23.871643
v 0.825936 38.314461 23.840216
v 1.039544 38.261051 23.840216
v 1.104288 38.259453 23.871643
v 1.087964 38.194168 23.722273
v 1.030088 38.223232 23.753700
v 0.816484 38.276649 23.753700
v 0.612112 37.719833 23.722273
v 0.612112 37.719833 23.871643
v 0.688752 37.765816 23.837172
v 0.902360 37.712402 23.837172
v 0.948340 37.635765 23.871643
v 0.948340 37.635765 23.722273
v 0.902360 37.712402 23.756741
v 0.688752 37.765816 23.756741
v 1.261572 40.056721 23.854980
v 1.261572 40.056721 22.967968
v 1.225336 39.911812 23.854980
v 1.225336 39.911812 23.117340
v 0.991232 38.975533 23.117340
v 0.829372 38.328194 23.871643
v 0.688752 37.765816 23.871643
v 0.902360 37.712402 23.871643
v 1.042976 38.274788 23.871643
v 1.204836 38.922127 23.117340
v 1.438944 39.858398 23.117340
v 1.438944 39.858398 23.854980
v 1.475176 40.003315 23.854980
v 1.475176 40.003315 22.967968
v 1.188516 38.856842 22.967968
v 1.026652 38.209503 23.722273
v 0.902360 37.712402 23.722273
v 0.688752 37.765816 23.722273
v 0.813048 38.262909 23.722273
v 0.974908 38.910248 22.967968
v 1.605368 40.952171 26.385208
v 1.512536 40.975380 26.377865
v 1.416048 40.611629 26.411663
v 1.513944 40.587151 26.419413
v 1.421880 40.998047 26.355995
v 1.320444 40.635532 26.388603
v 1.335524 41.019638 26.320120
v 1.229380 40.658302 26.350773
v 1.255496 41.039650 26.271076
v 1.144984 40.679405 26.299051
v 1.183668 41.057610 26.210016
v 1.069236 40.698345 26.234659
v 1.121720 41.073097 26.138369
v 1.003912 40.714676 26.159103
v 1.071112 41.085754 26.057816
v 0.950540 40.728027 26.074152
v 1.033028 41.095276 25.970240
v 0.910376 40.738068 25.981800
v 1.008356 41.101444 25.877701
v 0.884360 40.744576 25.884212
v 0.997680 41.104115 25.782364
v 0.873100 40.747387 25.783676
v 1.001244 41.103222 25.686464
v 0.876860 40.746445 25.682541
v 1.018972 41.098789 25.592249
v 0.895552 40.741776 25.583183
v 1.050440 41.090923 25.501928
v 0.928740 40.733475 25.487936
v 1.094920 41.079803 25.417616
v 0.975644 40.721745 25.399023
v 1.151360 41.065685 25.341288
v 1.035168 40.706867 25.318537
v 1.218444 41.048912 25.274740
v 1.105912 40.689175 25.248352
v 1.294600 41.029873 25.219528
v 1.186220 40.669094 25.190128
v 1.378036 41.009010 25.176945
v 1.274208 40.647095 25.145220
v 1.466800 40.986813 25.147987
v 1.367816 40.623692 25.114683
v 1.558812 40.963810 25.133335
v 1.464852 40.599426 25.099236
v 1.651916 40.940529 25.133335
v 1.563036 40.574879 25.099236
v 1.743932 40.917522 25.147987
v 1.660068 40.550613 25.114683
v 1.832696 40.895325 25.176945
v 1.753676 40.527210 25.145220
v 1.916132 40.874466 25.219528
v 1.841664 40.505211 25.190128
v 1.992284 40.855423 25.274740
v 1.921972 40.485130 25.248352
v 2.059368 40.838650 25.341288
v 1.992716 40.467438 25.318537
v 2.115812 40.824539 25.417612
v 2.052240 40.452557 25.399023
v 2.160288 40.813419 25.501925
v 2.099144 40.440830 25.487936
v 2.191760 40.805546 25.592249
v 2.132332 40.432529 25.583183
v 2.209488 40.801113 25.686464
v 2.151024 40.427856 25.682541
v 2.213052 40.800220 25.782360
v 2.154788 40.426914 25.783672
v 2.202376 40.802895 25.877701
v 2.143528 40.429729 25.884212
v 2.177704 40.809063 25.970240
v 2.117508 40.436237 25.981800
v 2.139620 40.818584 26.057812
v 2.077344 40.446278 26.074152
v 2.089012 40.831238 26.138369
v 2.023976 40.459621 26.159100
v 2.027068 40.846725 26.210016
v 1.958652 40.475960 26.234659
v 1.955236 40.864685 26.271076
v 1.882904 40.494896 26.299051
v 1.875208 40.884697 26.320120
v 1.798508 40.515999 26.350767
v 1.788856 40.906288 26.355995
v 1.707444 40.538769 26.388603
v 1.698200 40.928959 26.377865
v 1.611840 40.562675 26.411663
v 1.160172 40.626255 26.259775
v 0.942608 40.680653 25.965572
v 1.058332 40.651718 25.350485
v 1.637840 40.506817 25.161440
v 2.001520 40.415886 25.425123
v 1.975312 40.422440 26.129988
v 1.593116 40.518002 26.364204
v 1.411408 40.591198 26.408695
v 1.508860 40.566830 26.416412
v 1.316244 40.614994 26.385744
v 1.225588 40.637657 26.348080
v 1.141576 40.658665 26.296597
v 1.066172 40.677517 26.232500
v 1.001144 40.693779 26.157284
v 0.948016 40.707062 26.072720
v 0.908036 40.717064 25.980787
v 0.882136 40.723534 25.883644
v 0.870928 40.726337 25.783560
v 0.874672 40.725403 25.682888
v 0.893280 40.720749 25.583981
v 0.926316 40.712490 25.489164
v 0.973008 40.700813 25.400656
v 1.032260 40.685997 25.320532
v 1.102684 40.668388 25.250668
v 1.182624 40.648403 25.192707
v 1.270216 40.626503 25.148005
v 1.363400 40.603203 25.117607
v 1.459992 40.579048 25.102228
v 1.557732 40.554611 25.102228
v 1.654324 40.530457 25.117607
v 1.747508 40.507156 25.148005
v 1.835096 40.485260 25.192707
v 1.915040 40.465271 25.250668
v 1.985464 40.447662 25.320532
v 2.044712 40.432846 25.400652
v 2.091404 40.421169 25.489164
v 2.124444 40.412910 25.583981
v 2.143052 40.408257 25.682884
v 2.146796 40.407322 25.783556
v 2.135588 40.410122 25.883640
v 2.109688 40.416599 25.980783
v 2.069708 40.426598 26.072716
v 2.016580 40.439880 26.157280
v 1.951552 40.456142 26.232496
v 1.876148 40.474995 26.296597
v 1.792136 40.496002 26.348080
v 1.701484 40.518665 26.385744
v 1.606316 40.542461 26.408695
v 1.409112 40.576347 26.399799
v 1.505232 40.552315 26.407404
v 1.503056 40.543606 26.392401
v 1.315248 40.599819 26.377155
v 1.317464 40.590012 26.362852
v 1.225836 40.622173 26.340012
v 1.230120 40.611851 26.326565
v 1.142972 40.642895 26.289232
v 1.149172 40.632092 26.276960
v 1.068600 40.661491 26.226007
v 1.076516 40.650253 26.215197
v 1.004464 40.677525 26.151825
v 1.013864 40.665920 26.142729
v 0.952060 40.690628 26.068420
v 0.912628 40.700489 25.977743
v 0.924152 40.688354 25.972672
v 0.887084 40.706875 25.881927
v 0.876028 40.709641 25.783216
v 0.888396 40.697292 25.782640
v 0.879720 40.708717 25.683916
v 0.892004 40.696388 25.685640
v 0.898072 40.704124 25.586369
v 0.930656 40.695984 25.492847
v 0.941764 40.683949 25.498983
v 0.976712 40.684467 25.405552
v 1.035152 40.669853 25.326525
v 1.043844 40.658424 25.336504
v 1.104612 40.652485 25.257616
v 1.183460 40.632771 25.200447
v 1.188720 40.622200 25.213348
v 1.269852 40.611168 25.156357
v 1.361760 40.588188 25.126371
v 1.362900 40.578651 25.140984
v 1.457032 40.564365 25.111208
v 1.553432 40.540260 25.111208
v 1.550140 40.531830 25.126167
v 1.648704 40.516441 25.126371
v 1.643208 40.508560 25.140984
v 1.740612 40.493462 25.156357
v 1.732992 40.486111 25.170277
v 1.827004 40.471859 25.200447
v 1.817384 40.465012 25.213348
v 1.905852 40.452141 25.257616
v 1.975312 40.434772 25.326521
v 1.962264 40.428787 25.336504
v 2.033752 40.420162 25.405548
v 2.019356 40.414509 25.413704
v 2.079804 40.408649 25.492844
v 2.112392 40.400501 25.586365
v 2.096176 40.395302 25.590340
v 2.130744 40.395908 25.683916
v 2.134436 40.394989 25.783213
v 2.117712 40.389919 25.782640
v 2.123380 40.397755 25.881924
v 2.106912 40.392616 25.879068
v 2.097836 40.404137 25.977743
v 2.058404 40.413998 26.068417
v 2.043436 40.408489 26.061249
v 2.006004 40.427101 26.151825
v 1.992248 40.421288 26.142729
v 1.941864 40.443138 26.226007
v 1.867492 40.461735 26.289232
v 1.856940 40.455116 26.276957
v 1.784628 40.482452 26.340012
v 1.695216 40.504810 26.377155
v 1.688648 40.497200 26.362852
v 1.601352 40.528282 26.399799
v 1.596952 40.520126 26.384968
v 1.113784 38.985691 26.102812
v 1.062776 38.998447 26.098772
v 1.016980 38.815292 26.098772
v 1.067992 38.802544 26.102812
v 1.012960 39.010902 26.086756
v 0.967164 38.827751 26.086756
v 0.965508 39.022766 26.067043
v 0.919712 38.839619 26.067043
v 0.921532 39.033760 26.040096
v 0.875736 38.850613 26.040096
v 0.882060 39.043629 26.006544
v 0.836268 38.860481 26.006544
v 0.848024 39.052143 25.967173
v 0.802228 38.868996 25.967173
v 0.820212 39.059093 25.922909
v 0.774416 38.875946 25.922909
v 0.799284 39.064327 25.874788
v 0.753488 38.881180 25.874788
v 0.785728 39.067719 25.823936
v 0.739932 38.884571 25.823936
v 0.779860 39.069187 25.771547
v 0.734064 38.886032 25.771547
v 0.781820 39.068695 25.718847
v 0.736024 38.885548 25.718847
v 0.791560 39.066257 25.667080
v 0.745764 38.883110 25.667080
v 0.808852 39.061935 25.617449
v 0.763060 38.878784 25.617449
v 0.833296 39.055820 25.571115
v 0.787500 38.872673 25.571115
v 0.864308 39.048069 25.529177
v 0.818516 38.864918 25.529177
v 0.901172 39.038849 25.492607
v 0.855376 38.855701 25.492607
v 0.943016 39.028389 25.462269
v 0.897224 38.845238 25.462269
v 0.988868 39.016926 25.438868
v 0.943072 38.833775 25.438868
v 1.037644 39.004730 25.422956
v 0.991848 38.821579 25.422956
v 1.088204 38.992085 25.414907
v 1.042408 38.808937 25.414907
v 1.139364 38.979294 25.414904
v 1.093572 38.796146 25.414904
v 1.189928 38.966652 25.422956
v 1.144132 38.783501 25.422956
v 1.238704 38.954453 25.438868
v 1.192908 38.771305 25.438868
v 1.284552 38.942989 25.462269
v 1.238756 38.759842 25.462269
v 1.326396 38.932529 25.492607
v 1.280604 38.749378 25.492607
v 1.363260 38.923309 25.529177
v 1.317464 38.740162 25.529177
v 1.394276 38.915558 25.571115
v 1.348480 38.732407 25.571115
v 1.418716 38.909447 25.617449
v 1.372920 38.726299 25.617449
v 1.436008 38.905121 25.667080
v 1.390216 38.721973 25.667080
v 1.445752 38.902687 25.718847
v 1.399956 38.719540 25.718847
v 1.447708 38.902195 25.771547
v 1.401916 38.719048 25.771547
v 1.441844 38.903664 25.823936
v 1.396048 38.720512 25.823936
v 1.428288 38.907055 25.874784
v 1.382492 38.723904 25.874784
v 1.407356 38.912285 25.922909
v 1.361564 38.729137 25.922909
v 1.379548 38.919239 25.967173
v 1.333752 38.736092 25.967173
v 1.345512 38.927750 26.006544
v 1.299716 38.744602 26.006544
v 1.306040 38.937618 26.040096
v 1.260244 38.754471 26.040096
v 1.262064 38.948612 26.067043
v 1.216268 38.765465 26.067043
v 1.214612 38.960480 26.086756
v 1.168816 38.777328 26.086756
v 1.164796 38.972935 26.098772
v 1.119004 38.789787 26.098772
v 1.257344 38.975510 26.044621
v 1.429504 38.932465 25.770588
v 1.317004 38.960594 25.511911
v 1.096116 39.015827 25.439856
v 0.859720 39.074936 25.584721
v 0.815612 39.085960 25.819172
v 1.026336 39.033272 26.062904
v 0.968436 38.801720 26.062904
v 0.770284 38.851261 25.866327
v 0.763120 38.853054 25.673708
v 0.946096 38.807301 25.462076
v 1.177784 38.749374 25.462076
v 1.322052 38.713299 25.584721
v 1.366164 38.702271 25.819168
v 1.276832 38.724606 25.988512
v 1.116432 38.996277 26.101248
v 1.065652 39.008980 26.097227
v 1.014564 38.804649 26.097227
v 1.065344 38.791954 26.101248
v 1.016064 39.021374 26.085268
v 0.964976 38.817051 26.085268
v 0.968828 39.033188 26.065643
v 0.917740 38.828857 26.065643
v 0.925052 39.044136 26.038816
v 0.873960 38.839806 26.038816
v 0.885760 39.053959 26.005417
v 0.834672 38.849628 26.005417
v 0.851876 39.062431 25.966225
v 0.800788 38.858101 25.966225
v 0.824192 39.069351 25.922159
v 0.773104 38.865021 25.922159
v 0.803360 39.074558 25.874260
v 0.752268 38.870235 25.874260
v 0.789864 39.077934 25.823635
v 0.738776 38.873608 25.823635
v 0.784024 39.079395 25.771488
v 0.732936 38.875065 25.771488
v 0.785976 39.078907 25.719028
v 0.734884 38.874577 25.719028
v 0.795672 39.076481 25.667492
v 0.744580 38.872154 25.667492
v 0.812884 39.072178 25.618084
v 0.761796 38.867851 25.618084
v 0.837216 39.066093 25.571968
v 0.786124 38.861767 25.571968
v 0.868088 39.058372 25.530220
v 0.817000 38.854046 25.530220
v 0.904784 39.049198 25.493816
v 0.853696 38.844875 25.493816
v 0.946440 39.038788 25.463612
v 0.895352 38.834457 25.463612
v 0.992080 39.027370 25.440319
v 0.940992 38.823048 25.440319
v 1.040636 39.015228 25.424480
v 0.989548 38.810905 25.424480
v 1.090968 39.002647 25.416464
v 1.039880 38.798317 25.416464
v 1.141896 38.989914 25.416464
v 1.090808 38.785587 25.416464
v 1.192228 38.977325 25.424480
v 1.141140 38.773003 25.424480
v 1.240784 38.965187 25.440319
v 1.189692 38.760857 25.440319
v 1.286424 38.953773 25.463612
v 1.235336 38.749447 25.463612
v 1.328080 38.943359 25.493816
v 1.276992 38.739029 25.493816
v 1.364776 38.934181 25.530216
v 1.313684 38.729858 25.530216
v 1.395648 38.926460 25.571968
v 1.344560 38.722137 25.571968
v 1.419980 38.920383 25.618084
v 1.368888 38.716053 25.618084
v 1.437196 38.916077 25.667492
v 1.386104 38.711750 25.667492
v 1.446892 38.913651 25.719028
v 1.395800 38.709328 25.719028
v 1.448840 38.913162 25.771488
v 1.397752 38.708839 25.771488
v 1.443000 38.914627 25.823635
v 1.391912 38.710297 25.823635
v 1.429504 38.917999 25.874256
v 1.378416 38.713669 25.874256
v 1.408672 38.923206 25.922159
v 1.357584 38.718884 25.922159
v 1.380988 38.930130 25.966225
v 1.329900 38.725803 25.966225
v 1.347104 38.938602 26.005417
v 1.296016 38.734276 26.005417
v 1.307816 38.948425 26.038816
v 1.256724 38.744099 26.038816
v 1.264040 38.959373 26.065643
v 1.212948 38.755047 26.065643
v 1.216800 38.971184 26.085268
v 1.165712 38.766853 26.085268
v 1.167212 38.983582 26.097227
v 1.116124 38.779255 26.097227
v 1.118324 39.003841 26.096556
v 1.068240 39.016365 26.092592
v 1.119460 39.008381 26.088736
v 1.013368 38.796909 26.092592
v 1.063452 38.784389 26.096556
v 1.062316 38.779850 26.088736
v 1.019328 39.028595 26.080795
v 1.022752 39.032562 26.073339
v 0.964456 38.809143 26.080795
v 0.965612 38.804031 26.073339
v 0.972740 39.040245 26.061440
v 0.917868 38.820789 26.061440
v 0.929560 39.051041 26.034981
v 0.935060 39.054485 26.028584
v 0.874688 38.831585 26.034981
v 0.877920 38.825958 26.028584
v 0.890808 39.060730 26.002035
v 0.835936 38.841278 26.002035
v 0.840060 38.835423 25.996401
v 0.857388 39.069084 25.963381
v 0.864556 39.072117 25.958639
v 0.802516 38.849632 25.963381
v 0.830084 39.075912 25.919920
v 0.775212 38.856461 25.919920
v 0.780740 38.850254 25.916183
v 0.809536 39.081055 25.872671
v 0.817808 39.083805 25.870028
v 0.754664 38.861599 25.872671
v 0.760668 38.855274 25.870028
v 0.796224 39.084381 25.822744
v 0.804804 39.087059 25.821257
v 0.741352 38.864925 25.822744
v 0.790464 39.085823 25.771309
v 0.799180 39.088463 25.771008
v 0.735592 38.866367 25.771309
v 0.742036 38.859932 25.771008
v 0.792388 39.085339 25.719568
v 0.801056 39.087994 25.720465
v 0.737516 38.865887 25.719568
v 0.801952 39.082951 25.668736
v 0.747080 38.863495 25.668736
v 0.753260 38.857124 25.670809
v 0.818932 39.078701 25.620008
v 0.826988 39.081509 25.623203
v 0.764056 38.859249 25.620008
v 0.769844 38.852978 25.623203
v 0.842928 39.072701 25.574520
v 0.850428 39.075649 25.578768
v 0.788056 38.853249 25.574520
v 0.873380 39.065090 25.533340
v 0.880176 39.068211 25.538540
v 0.818508 38.845634 25.533340
v 0.823036 38.839684 25.538540
v 0.909572 39.056038 25.497437
v 0.854700 38.836586 25.497437
v 0.950656 39.045765 25.467644
v 0.955668 39.049335 25.474367
v 0.895784 38.826309 25.467644
v 0.898528 38.820801 25.474367
v 0.995672 39.034512 25.444668
v 0.940800 38.815056 25.444668
v 0.942504 38.809811 25.451923
v 1.043564 39.022533 25.429049
v 1.046428 39.026642 25.436661
v 0.988692 38.803082 25.429049
v 0.989288 38.798111 25.436661
v 1.093208 39.010120 25.421144
v 1.094924 39.014515 25.428940
v 1.038336 38.790668 25.421144
v 1.037780 38.785988 25.428940
v 1.143440 38.997562 25.421144
v 1.088568 38.778111 25.421144
v 1.193084 38.985149 25.429049
v 1.192488 38.990120 25.436661
v 1.138212 38.765694 25.429049
v 1.135348 38.761589 25.436661
v 1.240972 38.973175 25.444668
v 1.186100 38.753723 25.444668
v 1.182132 38.749893 25.451923
v 1.285988 38.961918 25.467644
v 1.283248 38.967426 25.474367
v 1.231116 38.742466 25.467644
v 1.226104 38.738899 25.474367
v 1.327076 38.951645 25.497437
v 1.323384 38.957390 25.503464
v 1.272204 38.732193 25.497437
v 1.266244 38.728863 25.503464
v 1.363268 38.942596 25.533340
v 1.358740 38.948551 25.538540
v 1.308396 38.723141 25.533340
v 1.393720 38.934982 25.574520
v 1.388488 38.941113 25.578768
v 1.338848 38.715530 25.574520
v 1.331348 38.712582 25.578768
v 1.417716 38.928982 25.620005
v 1.362844 38.709530 25.620005
v 1.354788 38.706722 25.623203
v 1.434696 38.924736 25.668736
v 1.428516 38.931107 25.670809
v 1.379824 38.705280 25.668736
v 1.444260 38.922344 25.719568
v 1.389388 38.702888 25.719568
v 1.380716 38.700237 25.720465
v 1.446184 38.921867 25.771309
v 1.439740 38.928299 25.771008
v 1.391312 38.702412 25.771309
v 1.382596 38.699764 25.771008
v 1.440424 38.923306 25.822744
v 1.434112 38.929707 25.821257
v 1.385552 38.703850 25.822744
v 1.376968 38.701176 25.821257
v 1.427112 38.926636 25.872671
v 1.372240 38.707176 25.872671
v 1.363968 38.704426 25.870028
v 1.406564 38.931770 25.919920
v 1.401036 38.937973 25.916183
v 1.351692 38.712318 25.919920
v 1.379260 38.938599 25.963381
v 1.324388 38.719143 25.963381
v 1.317220 38.716114 25.958639
v 1.345840 38.946953 26.002035
v 1.341716 38.952808 25.996401
v 1.290968 38.727501 26.002035
v 1.284572 38.724277 25.996401
v 1.307088 38.956646 26.034981
v 1.252216 38.737190 26.034981
v 1.246716 38.733742 26.028584
v 1.263908 38.967442 26.061436
v 1.261680 38.972820 26.054432
v 1.209036 38.747986 26.061436
v 1.217320 38.979092 26.080791
v 1.216164 38.984203 26.073339
v 1.162448 38.759636 26.080791
v 1.159024 38.755669 26.073339
v 1.168408 38.991318 26.092592
v 1.113536 38.771866 26.092592
v 1.232548 39.460670 26.102812
v 1.181536 39.473427 26.098772
v 1.135744 39.290279 26.098772
v 1.186756 39.277523 26.102812
v 1.131724 39.485882 26.086756
v 1.085928 39.302731 26.086756
v 1.084272 39.497746 26.067043
v 1.038476 39.314598 26.067043
v 1.040296 39.508743 26.040096
v 0.994500 39.325592 26.040096
v 1.000824 39.518608 26.006544
v 0.955032 39.335461 26.006544
v 0.966784 39.527122 25.967173
v 0.920992 39.343975 25.967173
v 0.938976 39.534073 25.922909
v 0.893180 39.350925 25.922909
v 0.918048 39.539307 25.874788
v 0.872252 39.356159 25.874788
v 0.904492 39.542698 25.823936
v 0.858696 39.359550 25.823936
v 0.898624 39.544167 25.771547
v 0.852828 39.361015 25.771547
v 0.900584 39.543674 25.718847
v 0.854788 39.360527 25.718847
v 0.910324 39.541237 25.667080
v 0.864528 39.358089 25.667080
v 0.927616 39.536915 25.617449
v 0.881824 39.353767 25.617449
v 0.952056 39.530800 25.571115
v 0.906264 39.347652 25.571115
v 0.983072 39.523048 25.529177
v 0.937280 39.339901 25.529177
v 1.019936 39.513828 25.492607
v 0.974140 39.330681 25.492607
v 1.061780 39.503368 25.462269
v 1.015988 39.320221 25.462269
v 1.107632 39.491905 25.438868
v 1.061836 39.308754 25.438868
v 1.156408 39.479710 25.422956
v 1.110612 39.296558 25.422956
v 1.206968 39.467064 25.414907
v 1.161172 39.283916 25.414907
v 1.258128 39.454273 25.414904
v 1.212336 39.271126 25.414904
v 1.308692 39.441631 25.422956
v 1.262896 39.258484 25.422956
v 1.357468 39.429436 25.438868
v 1.311672 39.246284 25.438868
v 1.403316 39.417969 25.462269
v 1.357520 39.234821 25.462269
v 1.445160 39.407509 25.492607
v 1.399368 39.224361 25.492607
v 1.482024 39.398289 25.529177
v 1.436228 39.215141 25.529177
v 1.513040 39.390537 25.571115
v 1.467244 39.207390 25.571115
v 1.537480 39.384426 25.617449
v 1.491684 39.201279 25.617449
v 1.554772 39.380100 25.667080
v 1.508980 39.196953 25.667080
v 1.564512 39.377666 25.718847
v 1.518720 39.194519 25.718847
v 1.566472 39.377174 25.771547
v 1.520680 39.194027 25.771547
v 1.560608 39.378643 25.823936
v 1.514812 39.195496 25.823936
v 1.547048 39.382034 25.874784
v 1.501256 39.198883 25.874784
v 1.526120 39.387264 25.922909
v 1.480328 39.204117 25.922909
v 1.498312 39.394218 25.967173
v 1.452516 39.211071 25.967173
v 1.464272 39.402729 26.006544
v 1.418480 39.219582 26.006544
v 1.424804 39.412598 26.040096
v 1.379008 39.229450 26.040096
v 1.380828 39.423595 26.067043
v 1.335032 39.240448 26.067043
v 1.333376 39.435459 26.086756
v 1.287580 39.252312 26.086756
v 1.283560 39.447914 26.098772
v 1.237768 39.264767 26.098772
v 1.453492 39.431141 25.988512
v 1.546452 39.407898 25.721720
v 1.469952 39.427025 25.545824
v 1.214880 39.490807 25.439856
v 1.041432 39.534172 25.511911
v 0.934372 39.560944 25.819172
v 1.060312 39.529453 26.019629
v 1.238600 39.484875 26.077787
v 1.133396 39.265144 26.074043
v 0.876476 39.329384 25.819172
v 0.920588 39.318359 25.584721
v 1.156980 39.259251 25.439856
v 1.377872 39.204018 25.511911
v 1.484928 39.177250 25.819168
v 1.358992 39.208736 26.019629
v 1.235196 39.471256 26.101248
v 1.184416 39.483955 26.097227
v 1.133328 39.279629 26.097227
v 1.184108 39.266933 26.101248
v 1.134828 39.496353 26.085268
v 1.083740 39.292030 26.085268
v 1.087592 39.508167 26.065643
v 1.036504 39.303837 26.065643
v 1.043816 39.519115 26.038816
v 0.992724 39.314785 26.038816
v 1.004524 39.528938 26.005417
v 0.953436 39.324608 26.005417
v 0.970640 39.537411 25.966225
v 0.919552 39.333080 25.966225
v 0.942956 39.544331 25.922159
v 0.891868 39.340004 25.922159
v 0.922124 39.549538 25.874260
v 0.871032 39.345215 25.874260
v 0.908628 39.552914 25.823635
v 0.857540 39.348587 25.823635
v 0.902788 39.554375 25.771488
v 0.851696 39.350044 25.771488
v 0.904740 39.553886 25.719028
v 0.853648 39.349556 25.719028
v 0.914436 39.551460 25.667492
v 0.863344 39.347134 25.667492
v 0.931648 39.547157 25.618084
v 0.880560 39.342831 25.618084
v 0.955980 39.541073 25.571968
v 0.904888 39.336746 25.571968
v 0.986852 39.533356 25.530220
v 0.935764 39.329025 25.530220
v 1.023548 39.524178 25.493816
v 0.972460 39.319855 25.493816
v 1.065204 39.513763 25.463612
v 1.014116 39.309437 25.463612
v 1.110844 39.502350 25.440319
v 1.059756 39.298027 25.440319
v 1.159400 39.490211 25.424480
v 1.108312 39.285881 25.424480
v 1.209732 39.477627 25.416464
v 1.158640 39.273296 25.416464
v 1.260660 39.464893 25.416464
v 1.209572 39.260567 25.416464
v 1.310992 39.452305 25.424480
v 1.259904 39.247982 25.424480
v 1.359548 39.440166 25.440319
v 1.308456 39.235840 25.440319
v 1.405188 39.428753 25.463612
v 1.354096 39.224426 25.463612
v 1.446844 39.418339 25.493816
v 1.395756 39.214008 25.493816
v 1.483540 39.409164 25.530216
v 1.432448 39.204838 25.530216
v 1.514412 39.401447 25.571968
v 1.463324 39.197117 25.571968
v 1.538744 39.395363 25.618084
v 1.487652 39.191032 25.618084
v 1.555956 39.391060 25.667492
v 1.504868 39.186729 25.667492
v 1.565656 39.388630 25.719028
v 1.514564 39.184307 25.719028
v 1.567604 39.388145 25.771488
v 1.516516 39.183819 25.771488
v 1.561764 39.389606 25.823635
v 1.510676 39.185280 25.823635
v 1.548268 39.392979 25.874256
v 1.497180 39.188652 25.874256
v 1.527436 39.398186 25.922159
v 1.476348 39.193863 25.922159
v 1.499752 39.405109 25.966225
v 1.448664 39.200783 25.966225
v 1.465868 39.413582 26.005417
v 1.414780 39.209255 26.005417
v 1.426580 39.423405 26.038816
v 1.375488 39.219078 26.038816
v 1.382800 39.434353 26.065643
v 1.331712 39.230026 26.065643
v 1.335564 39.446163 26.085268
v 1.284476 39.241837 26.085268
v 1.285976 39.458561 26.097227
v 1.234888 39.254234 26.097227
v 1.237088 39.478821 26.096556
v 1.187004 39.491344 26.092592
v 1.238224 39.483360 26.088736
v 1.132132 39.271889 26.092592
v 1.182216 39.259369 26.096556
v 1.132156 39.267067 26.084864
v 1.181080 39.254829 26.088736
v 1.138092 39.503574 26.080795
v 1.141516 39.507542 26.073339
v 1.083220 39.284122 26.080791
v 1.084376 39.279011 26.073339
v 1.091504 39.515224 26.061440
v 1.036632 39.295769 26.061440
v 1.048324 39.526024 26.034981
v 1.053824 39.529469 26.028584
v 0.993452 39.306564 26.034981
v 0.996684 39.300938 26.028584
v 1.009572 39.535709 26.002035
v 1.015968 39.538933 25.996401
v 0.954700 39.316257 26.002035
v 0.958824 39.310402 25.996401
v 0.976152 39.544067 25.963381
v 0.921280 39.324615 25.963381
v 0.948848 39.550896 25.919920
v 0.956644 39.553764 25.916183
v 0.893976 39.331444 25.919920
v 0.899504 39.325233 25.916183
v 0.928300 39.556034 25.872671
v 0.936572 39.558784 25.870028
v 0.873428 39.336578 25.872671
v 0.879432 39.330254 25.870028
v 0.914988 39.559361 25.822744
v 0.923568 39.562038 25.821257
v 0.860116 39.339905 25.822744
v 0.866428 39.333508 25.821257
v 0.909228 39.560802 25.771309
v 0.917944 39.563442 25.771008
v 0.854356 39.341347 25.771309
v 0.860800 39.334915 25.771008
v 0.911152 39.560318 25.719568
v 0.856280 39.340866 25.719568
v 0.862680 39.334442 25.720465
v 0.920716 39.557930 25.668736
v 0.929164 39.560638 25.670809
v 0.865844 39.338474 25.668736
v 0.937692 39.553680 25.620008
v 0.882820 39.334229 25.620008
v 0.888608 39.327957 25.623203
v 0.961692 39.547684 25.574520
v 0.969192 39.550629 25.578768
v 0.906820 39.328232 25.574520
v 0.912052 39.322098 25.578768
v 0.992144 39.540070 25.533340
v 0.937272 39.320614 25.533340
v 0.941800 39.314663 25.538540
v 1.028336 39.531017 25.497437
v 1.034296 39.534351 25.503468
v 0.973464 39.311565 25.497437
v 1.069420 39.520744 25.467644
v 1.014548 39.301289 25.467644
v 1.017292 39.295784 25.474367
v 1.114436 39.509491 25.444668
v 1.118408 39.513317 25.451923
v 1.059564 39.290035 25.444668
v 1.061268 39.284790 25.451923
v 1.162328 39.497513 25.429049
v 1.107456 39.278061 25.429049
v 1.211972 39.485100 25.421144
v 1.213688 39.489494 25.428940
v 1.157100 39.265648 25.421144
v 1.156544 39.260967 25.428940
v 1.262204 39.472542 25.421144
v 1.207332 39.253090 25.421144
v 1.311848 39.460129 25.429049
v 1.311252 39.465103 25.436661
v 1.256976 39.240677 25.429049
v 1.254112 39.236568 25.436661
v 1.359736 39.448154 25.444668
v 1.304864 39.228703 25.444668
v 1.404752 39.436901 25.467644
v 1.402012 39.442406 25.474367
v 1.349880 39.217445 25.467644
v 1.344868 39.213879 25.474367
v 1.445840 39.426624 25.497437
v 1.390968 39.207172 25.497437
v 1.385004 39.203842 25.503464
v 1.482032 39.417580 25.533340
v 1.477504 39.423531 25.538540
v 1.427160 39.198120 25.533340
v 1.420360 39.195004 25.538540
v 1.512484 39.409962 25.574520
v 1.457612 39.190510 25.574520
v 1.536480 39.403961 25.620005
v 1.530692 39.410229 25.623203
v 1.481608 39.184509 25.620005
v 1.473552 39.181702 25.623203
v 1.553460 39.399719 25.668736
v 1.547280 39.406086 25.670809
v 1.498588 39.180264 25.668736
v 1.563024 39.397327 25.719568
v 1.556624 39.403751 25.720465
v 1.508152 39.177872 25.719568
v 1.499480 39.175217 25.720465
v 1.564948 39.396847 25.771309
v 1.558504 39.403278 25.771008
v 1.510076 39.177391 25.771309
v 1.559188 39.398285 25.822744
v 1.504316 39.178829 25.822744
v 1.495732 39.176155 25.821257
v 1.545876 39.401615 25.872671
v 1.539872 39.407936 25.870028
v 1.491004 39.182159 25.872671
v 1.525328 39.406750 25.919920
v 1.519800 39.412952 25.916183
v 1.470456 39.187298 25.919920
v 1.462656 39.184425 25.916183
v 1.498024 39.413578 25.963381
v 1.443152 39.194126 25.963381
v 1.435984 39.191093 25.958639
v 1.464604 39.421936 26.002035
v 1.460480 39.427788 25.996401
v 1.409732 39.202480 26.002035
v 1.425852 39.431625 26.034981
v 1.370980 39.212170 26.034981
v 1.365480 39.208721 26.028584
v 1.382672 39.442421 26.061436
v 1.380444 39.447803 26.054432
v 1.327800 39.222965 26.061436
v 1.336084 39.454071 26.080791
v 1.334928 39.459183 26.073339
v 1.281212 39.234615 26.080791
v 1.277788 39.230652 26.073339
v 1.287172 39.466297 26.092592
v 1.232300 39.246845 26.092592
v 1.336452 39.876217 25.908709
v 1.314184 39.881783 25.906944
v 1.038016 38.777287 25.906944
v 1.060284 38.771717 25.908709
v 1.292440 39.887222 25.901699
v 1.016272 38.782722 25.901699
v 1.271728 39.892399 25.893097
v 0.995560 38.787903 25.893097
v 1.252536 39.897198 25.881332
v 0.976368 38.792702 25.881332
v 1.235304 39.901505 25.866684
v 0.959136 38.797009 25.866684
v 1.220448 39.905220 25.849501
v 0.944280 38.800720 25.849501
v 1.208308 39.908257 25.830179
v 0.932140 38.803757 25.830179
v 1.199176 39.910542 25.809175
v 0.923008 38.806042 25.809175
v 1.193256 39.912022 25.786980
v 0.917088 38.807522 25.786980
v 1.190696 39.912663 25.764112
v 0.914528 38.808163 25.764112
v 1.191552 39.912445 25.741108
v 0.915384 38.807949 25.741108
v 1.195804 39.911381 25.718512
v 0.919636 38.806885 25.718512
v 1.203352 39.909496 25.696848
v 0.927184 38.804996 25.696848
v 1.214020 39.906830 25.676628
v 0.937852 38.802330 25.676628
v 1.227556 39.903442 25.658319
v 0.951388 38.798946 25.658319
v 1.243648 39.899422 25.642357
v 0.967480 38.794922 25.642357
v 1.261912 39.894855 25.629116
v 0.985744 38.790356 25.629116
v 1.281924 39.889851 25.618900
v 1.005756 38.785351 25.618900
v 1.303216 39.884525 25.611956
v 1.027048 38.780025 25.611956
v 1.325284 39.879005 25.608444
v 1.049116 38.774509 25.608444
v 1.347616 39.873425 25.608444
v 1.071448 38.768925 25.608444
v 1.369688 39.867905 25.611956
v 1.093520 38.763405 25.611956
v 1.390976 39.862583 25.618900
v 1.114808 38.758083 25.618900
v 1.410988 39.857578 25.629116
v 1.134820 38.753078 25.629116
v 1.429256 39.853008 25.642357
v 1.153088 38.748512 25.642357
v 1.445344 39.848991 25.658319
v 1.169176 38.744492 25.658319
v 1.458884 39.845604 25.676628
v 1.182716 38.741104 25.676628
v 1.469552 39.842937 25.696848
v 1.193384 38.738438 25.696848
v 1.477100 39.841049 25.718512
v 1.200932 38.736549 25.718512
v 1.481352 39.839985 25.741108
v 1.205184 38.735485 25.741108
v 1.482208 39.839771 25.764112
v 1.206040 38.735275 25.764112
v 1.479644 39.840408 25.786980
v 1.203476 38.735912 25.786980
v 1.473728 39.841888 25.809175
v 1.197560 38.737392 25.809175
v 1.464592 39.844173 25.830179
v 1.188424 38.739677 25.830179
v 1.452456 39.847210 25.849501
v 1.176288 38.742714 25.849501
v 1.437596 39.850925 25.866684
v 1.161428 38.746426 25.866684
v 1.420368 39.855232 25.881332
v 1.144200 38.750732 25.881332
v 1.401172 39.860035 25.893097
v 1.125004 38.755535 25.893097
v 1.380460 39.865215 25.901699
v 1.104292 38.760715 25.901699
v 1.358716 39.870651 25.906944
v 1.082548 38.766151 25.906944
v 1.601828 40.938637 26.419413
v 1.503932 40.963112 26.411663
v 1.408332 40.987019 26.388603
v 1.317264 41.009789 26.350773
v 1.232868 41.030891 26.299051
v 1.157120 41.049831 26.234659
v 1.091796 41.066166 26.159103
v 1.038424 41.079510 26.074152
v 0.998260 41.089554 25.981800
v 0.972244 41.096058 25.884212
v 0.960984 41.098873 25.783676
v 0.964744 41.097935 25.682541
v 0.983440 41.093258 25.583183
v 1.016628 41.084961 25.487936
v 1.063532 41.073235 25.399023
v 1.123052 41.058350 25.318537
v 1.193796 41.040661 25.248352
v 1.274104 41.020580 25.190128
v 1.362092 40.998581 25.145220
v 1.455700 40.975174 25.114683
v 1.552736 40.950912 25.099236
v 1.650920 40.926361 25.099236
v 1.747952 40.902103 25.114683
v 1.841560 40.878693 25.145220
v 1.929552 40.856693 25.190128
v 2.009860 40.836613 25.248352
v 2.080604 40.818924 25.318537
v 2.140124 40.804043 25.399023
v 2.187028 40.792313 25.487936
v 2.220216 40.784012 25.583183
v 2.238912 40.779343 25.682541
v 2.242672 40.778400 25.783672
v 2.231412 40.781219 25.884212
v 2.205396 40.787724 25.981800
v 2.165232 40.797768 26.074152
v 2.111860 40.811111 26.159100
v 2.046536 40.827442 26.234659
v 1.970788 40.846382 26.299051
v 1.886392 40.867485 26.350767
v 1.795328 40.890255 26.388603
v 1.699724 40.914158 26.411663
v 1.603600 40.945412 26.402712
v 1.508176 40.969269 26.395161
v 1.414988 40.992569 26.372684
v 1.326224 41.014763 26.335804
v 1.243960 41.035336 26.285397
v 1.170124 41.053795 26.222628
v 1.106448 41.069717 26.148979
v 1.054428 41.082722 26.066175
v 1.015280 41.092514 25.976160
v 0.989920 41.098854 25.881033
v 0.978944 41.101597 25.783031
v 0.982608 41.100681 25.684456
v 1.000828 41.096127 25.587612
v 1.033180 41.088039 25.494768
v 1.078900 41.076607 25.408100
v 1.136916 41.062099 25.329643
v 1.205876 41.044857 25.261240
v 1.284152 41.025284 25.204479
v 1.369920 41.003838 25.160707
v 1.461164 40.981022 25.130943
v 1.555748 40.957375 25.115885
v 1.651452 40.933445 25.115885
v 1.746032 40.909794 25.130943
v 1.837276 40.886982 25.160707
v 1.923044 40.865532 25.204479
v 2.001324 40.845963 25.261236
v 2.070280 40.828720 25.329643
v 2.128296 40.814213 25.408100
v 2.174016 40.802780 25.494764
v 2.206368 40.794693 25.587608
v 2.224588 40.790138 25.684452
v 2.228256 40.789223 25.783031
v 2.217280 40.791965 25.881033
v 2.191920 40.798306 25.976156
v 2.152772 40.808094 26.066175
v 2.100748 40.821102 26.148979
v 2.037076 40.837021 26.222628
v 1.963240 40.855484 26.285393
v 1.880976 40.876053 26.335804
v 1.792212 40.898251 26.372684
v 1.699024 40.921551 26.395161
s 1
usemtl itu_metal
f 12848 12847 12806 12807
f 12876 12880 12895 12877 12914 12921 12887 12881 12889 12885 13066 12886 12873 12902 12903 12908 12920 12915 12913
f 13021 13020 12979 12980
f 13029 13028 12987 12988
f 13050 13049 13008 13009
f 13118 13116 13076 13079
f 12883 12887 12921 12916 13061 13074 12975 12970 12957 13075 13060 12904 12962 12934 12939
f 12926 12930 12931 12927
f 12916 12921 12914 12910
f 12974 12975 12916 12917
f 13032 13031 12990 12991
f 13113 13112 13109 13108
f 12859 12858 12817 12818
f 12927 12931 12948 12928
f 13043 13042 13001 13002
f 13057 13056 13015 13016
f 13074 13072 12973 12975
f 13088 13089 13090 13091
f 13098 13106 13107 13099
f 13127 13126 13085 13084
f 13119 13118 13079 13078
f 12832 12831 12790 12791
f 12855 12854 12813 12814
f 13067 13069 13063 13058
f 12905 12908 12903 12898
f 12971 12974 12961 12958
f 13023 13022 12981 12982
f 12954 12956 12898 12901
f 12960 12962 12904 12907
f 13022 13021 12980 12981
f 13024 13023 12982 12983
f 13027 13026 12985 12986
f 13048 13047 13006 13007
f 13041 13040 12999 13000
f 13046 13045 13004 13005
f 13053 13052 13011 13012
f 13056 13055 13014 13015
f 13017 13057 13016 12976
f 12845 12844 12803 12804
f 12964 12968 13070 13062 12910 12914 12877 12874 12928 12899 13063 13069 12955 12952
f 13072 13074 13061 13064
f 13075 13073 13065 13060
f 12861 12860 12819 12820
f 12847 12846 12805 12806
f 12862 12861 12820 12821
f 12834 12833 12792 12793
f 12869 12868 12827 12828
f 13117 13135 13092 13077
f 12809 12808 12807 12806 12805 12804 12803 12802 12801 12800 12799 12798 12797 12796 12795 12794 12793 12792 12791 12790 12830 12829 12828 12827 12826 12825 12824 12823 12822 12821 12820 12819 12818 12817 12816 12815 12814 12813 12812 12811 12810
f 13102 13110 13111 13103
f 13081 13094 13095 13082
f 12891 12896 12890
f 12883 12878 12887
f 12888 12889 12878
f 12897 12893 12892
f 12917 12916 12910 12909
f 12962 13075 12957 12934
f 12952 12955 12899 12928 12925
f 12944 12943 12949
f 12934 12929 12939
f 12941 12942 12929
f 12950 12946 12945
f 12960 12937 12935 13071 13073
f 12974 12972 12959 12961
f 12972 12974 12917 12918
f 12956 12924 12872 12898
f 13019 13018 12977 12978
f 12927 12928 12874 12875
f 12939 12937 12884 12883
f 12961 12959 12906 12905
f 12969 12967 12912 12909
f 13034 13033 12992 12993
f 13039 13038 12997 12998
f 13037 13036 12995 12996
f 13035 13034 12993 12994
f 13016 13015 13014 13013 13012 13011 13010 13009 13008 13007 13006 13005 13004 13003 13002 13001 13000 12999 12998 12997 12996 12995 12994 12993 12992 12991 12990 12989 12988 12987 12986 12985 12984 12983 12982 12981 12980 12979 12978 12977 12976
f 13038 13039 13040 13041 13042 13043 13044 13045 13046 13047 13048 13049 13050 13051 13052 13053 13054 13055 13056 13057 13017 13018 13019 13020 13021 13022 13023 13024 13025 13026 13027 13028 13029 13030 13031 13032 13033 13034 13035 13036 13037
f 12904 13060 13065 12907
f 12919 13064 13061 12916
f 12954 12967 12969 12956
f 13089 13098 13099 13090
f 13106 13114 13115 13107
f 13123 13122 13121 13101 13109 13112 13104 13124
f 13126 13125 13096 13085
f 13128 13127 13084 13087
f 13134 13133 13132 13131 13105 13113 13108 13100
f 13135 13117 13116 13118 13119 13120 13121 13122 13110 13102 13094 13081 13080 13091 13090 13099 13107 13115 13133 13134
f 13103 13111 13123 13124 13125 13126 13127 13128 13129 13130 13131 13132 13114 13106 13098 13089 13088 13083 13082 13095
f 13115 13114 13132 13133
f 12833 12832 12791 12792
f 12838 12837 12796 12797
f 12865 12864 12823 12824
f 12839 12838 12797 12798
f 12843 12842 12801 12802
f 12842 12841 12800 12801
f 12846 12845 12804 12805
f 12852 12851 12810 12811
f 12851 12850 12809 12810
f 12849 12848 12807 12808
f 12856 12855 12814 12815
f 12850 12849 12808 12809
f 12864 12863 12822 12823
f 13109 13101 13093 13078 13079 13076 13077 13092 13100 13108
f 12902 12913 12915 12903
f 12875 12879 12880 12876
f 12888 12878 12883 12884
f 13059 13068 13067 13058 12900 12953 12927 12875 12876 12913 12902 12873 12923 12901 12912 12967 12911
f 12835 12834 12793 12794
f 13052 13051 13010 13011
f 12906 12918 12917 12905
f 12915 12909 12898 12903
f 12940 12882 12938 12936 12933
f 12917 12920 12908 12905
f 12886 13066 13064 12919 12973 12918 12906 12959 12936 12938
f 12970 12975 12968 12964
f 12920 12917 12909 12915
f 12882 12905 12898 12872
f 13031 13030 12989 12990
f 12928 12948 12947 12925
f 12955 12953 12900 12899
f 12932 12942 12937 12939
f 12942 12941 12935 12937
f 12966 13068 13070 12968
f 12951 12963 12965 12922 12933 12936 13071 12935 12941 12929 12934 12957 12970 12964 12971 12958
f 12948 12931 12930 12947
f 12922 12965 12926 12927 12953 13067 13068 12966 12911 12967 12954 12901 12923
f 12969 12963 12951 12956
f 12885 12884 12937 12960 12907 13065 13073 13071 12936 12959 12972 12918 12973 13072 13064 13066
f 12974 12971 12963 12969
f 13028 13027 12986 12987
f 12975 12974 12969 12968
f 12961 12940 12924 12956
f 12925 12947 12930 12926 12965 12963 12971 12964 12952
f 12958 12961 12956 12951
f 12923 12873 12886 12938 12882 12872 12924 12940 12933 12922
f 12966 12968 12910 12911
f 12968 12969 12909 12910
f 12975 12973 12919 12916
f 13025 13024 12983 12984
f 12940 12961 12905 12882
f 13018 13017 12976 12977
f 13026 13025 12984 12985
f 13033 13032 12991 12992
f 13036 13035 12994 12995
f 13038 13037 12996 12997
f 13042 13041 13000 13001
f 13040 13039 12998 12999
f 13030 13029 12988 12989
f 13045 13044 13003 13004
f 13020 13019 12978 12979
f 13049 13048 13007 13008
f 13047 13046 13005 13006
f 13044 13043 13002 13003
f 13054 13053 13012 13013
f 13051 13050 13009 13010
f 13058 13063 12899 12900
f 13062 13059 12911 12910
f 12955 13069 13067 12953
f 13073 13075 12962 12960
f 13070 13068 13059 13062
f 13080 13081 13082 13083
f 12909 12912 12901 12898
f 13094 13102 13103 13095
f 13091 13080 13083 13088
f 13113 13105 13097 13086 13087 13084 13085 13096 13104 13112
f 13121 13120 13093 13101
f 13116 13117 13077 13076
f 13120 13119 13078 13093
f 13125 13124 13104 13096
f 13130 13129 13086 13097
f 13129 13128 13087 13086
f 13135 13134 13100 13092
f 12889 12888 12884 12885
f 13111 13110 13122 13123
f 13055 13054 13013 13014
f 13131 13130 13097 13105
f 12841 12840 12799 12800
f 12836 12835 12794 12795
f 12844 12843 12802 12803
f 12837 12836 12795 12796
f 12840 12839 12798 12799
f 12863 12862 12821 12822
f 12853 12852 12811 12812
f 12854 12853 12812 12813
f 12858 12857 12816 12817
f 12857 12856 12815 12816
f 12860 12859 12818 12819
f 12866 12865 12824 12825
f 12868 12867 12826 12827
f 12867 12866 12825 12826
f 12870 12869 12828 12829
f 12871 12870 12829 12830
f 12831 12871 12830 12790
f 12870 12871 12831 12832 12833 12834 12835 12836 12837 12838 12839 12840 12841 12842 12843 12844 12845 12846 12847 12848 12849 12850 12851 12852 12853 12854 12855 12856 12857 12858 12859 12860 12861 12862 12863 12864 12865 12866 12867 12868 12869
f 12874 12894 12879 12875
f 12877 12895 12894 12874
f 12895 12880 12879 12894
f 13996 13994 13992 13990 13988 13986 13984 13982 13980 13978 13976 13974 13972 13970 13968 13966 13963 13962 14042 14040 14038 14036 14034 14032 14030 14028 14026 14024 14022 14020 14018 14016 14014 14012 14010 14008 14006 14004 14002 14000 13998
f 13309 13310 13307 13306 13308
f 13241 13293 13291 13240
f 13294 13295 13292 13291 13293
f 12564 12667 12669 12565
f 13175 13173 14062 14063
f 13201 13199 14075 14076
f 12628 12633 12634 12631 12629
f 12788 12789 12784 12783 12786
f 13258 13321 13319 13257
f 12488 12665 12660 12657 12652 12649 12644 12487
f 12605 12604 12606 12607
f 13278 13277 13279 13280 13281
f 12547 12622 12625 12548
f 13260 13324 13322 13259
f 13245 13299 13297 13244
f 12505 12504 12544 12545
f 12576 12577 12571 12572 12573 12574 12575
f 12777 12778 12775 12774
f 12679 12678 12681 12680
f 12681 12682 12580 12579
f 13179 13177 14064 14065
f 12511 12510 12550 12551
f 13211 13262 13261 13209
f 12723 12724 12721 12720
f 13297 13298 13295 13294 13296
f 13251 13309 13308 13250
f 12520 12519 12559 12560
f 12485 12618 12613 12608 12484
f 13264 13330 13329 13263
f 12634 12633 12636 12639 12640 12637
f 12556 12646 12648 12557
f 12510 12509 12549 12550
f 12624 12623 12628 12629 12626
f 12745 12746 12744 12743
f 12643 12642 12645 12646
f 12520 12761 12759 12519
f 12503 12717 12714 12502
f 12593 12598 12599 12596 12594
f 12787 12788 12786 12785
f 12779 12780 12778 12777
f 13187 13185 14068 14069
f 13171 13169 14060 14061
f 12659 12658 12661 12662
f 12528 12527 12567 12568
f 13139 13217 14084 14044
f 12530 12529 12569 12489
f 12600 12599 12601 12602
f 12530 12787 12785 12529
f 12532 12585 12587 12533
f 13277 13278 13276 13275
f 12573 12716 12721 12724 12729 12574
f 12714 12715 12713 12712
f 12508 12730 12727 12507
f 12502 12501 12541 12542
f 13185 13249 13248 13183
f 13304 13305 13303 13301 13300 13302
f 12504 12719 12717 12503
f 13247 13302 13300 13246
f 13223 13325 13328 13331 13333 13224
f 12502 12714 12712 12501
f 13249 13306 13304 13248
f 13261 13326 13324 13260
f 13250 13308 13306 13249
f 13311 13312 13310 13309
f 13256 13317 13316 13255
f 12548 12625 12627 12549
f 13259 13322 13321 13258
f 12518 12517 12557 12558
f 12513 12743 12740 12512
f 12514 12513 12553 12554
f 12555 12643 12646 12556
f 12552 12635 12638 12553
f 12641 12640 12642 12643
f 12757 12758 12755 12754
f 12769 12770 12767 12766
f 12561 12659 12662 12562
f 12651 12650 12653 12654
f 12662 12661 12663 12664
f 12562 12662 12664 12563
f 12524 12771 12769 12523
f 12566 12672 12674 12567
f 12568 12677 12679 12569
f 12683 12684 12788 12787
f 12569 12679 12680 12489
f 13177 13175 14063 14064
f 12696 12697 12692 12691 12694
f 12490 12683 12787 12530
f 13219 13281 13284 13286 13289 13292 13220
f 12489 12680 12578 12482
f 12685 12686 12684 12683
f 12677 12676 12678 12679
f 12499 12498 12538 12539
f 12570 12682 12675 12670 12665 12488
f 13149 13147 14049 14050
f 12783 12784 12781 12780
f 12693 12694 12691 12690
f 12486 12636 12633 12628 12623 12618 12485
f 12592 12591 12594 12595
f 13151 13232 13231 13149
f 13167 13240 13239 13165
f 12705 12706 12703 12702
f 12533 12587 12590 12534
f 12587 12586 12589 12590
f 13173 13243 13242 13171
f 12495 12695 12693 12494
f 12498 12497 12537 12538
f 12687 12789 12788 12684 12686
f 13207 13260 13259 13205
f 12498 12704 12701 12497
f 13288 13289 13286 13285 13287
f 12483 12593 12588 12583 12580 12682 12570
f 12613 12618 12619 12616 12614
f 12501 12712 12709 12500
f 13269 13270 13268 13267 13266
f 13239 13290 13288 13238
f 12772 12773 12768 12767 12770
f 13244 13297 13296 13243
f 12615 12614 12616 12617
f 13300 13301 13298 13297 13299
f 12725 12726 12723 12722
f 12543 12612 12615 12544
f 12617 12616 12619 12620
f 13306 13307 13305 13304
f 13248 13304 13302 13247
f 12492 12491 12531 12532
f 12517 12516 12556 12557
f 13252 13311 13309 13251
f 12545 12617 12620 12546
f 12485 12484 12483 12570 12488 12487 12486
f 13255 13316 13314 13254
f 13257 13319 13317 13256
f 12516 12515 12555 12556
f 12732 12733 12731 12730
f 12627 12626 12629 12630
f 12550 12630 12632 12551
f 12549 12627 12630 12550
f 12510 12735 12732 12509
f 13265 13332 13330 13264
f 12737 12738 12736 12735
f 12509 12732 12730 12508
f 13235 13283 13282 13234
f 12646 12645 12647 12648
f 12516 12751 12748 12515
f 12749 12750 12747 12746
f 12748 12749 12746 12745
f 12558 12651 12654 12559
f 12740 12741 12738 12737
f 12504 12503 12543 12544
f 12517 12753 12751 12516
f 12538 12600 12602 12539
f 13191 13189 14070 14071
f 12559 12654 12656 12560
f 12519 12518 12558 12559
f 12521 12520 12560 12561
f 12648 12647 12650 12651
f 12519 12759 12756 12518
f 12491 12490 12482 12531
f 12711 12710 12713 12715 12716
f 12650 12649 12652 12653
f 12522 12521 12561 12562
f 12759 12760 12757 12756
f 12761 12762 12760 12759
f 12654 12653 12655 12656
f 12522 12766 12764 12521
f 12523 12769 12766 12522
f 12780 12781 12776 12775 12778
f 12529 12785 12782 12528
f 12619 12618 12623 12624 12621
f 12503 12502 12542 12543
f 12525 12774 12771 12524
f 12658 12657 12660 12661
f 12565 12669 12672 12566
f 12528 12782 12779 12527
f 12525 12524 12564 12565
f 12494 12493 12533 12534
f 12664 12663 12666 12667
f 12602 12601 12604 12605
f 12775 12776 12773 12772
f 13165 13163 14057 14058
f 12674 12673 12676 12677
f 12782 12783 12780 12779
f 12527 12526 12566 12567
f 13143 13141 14046 14047
f 12582 12581 12584 12585
f 12527 12779 12777 12526
f 13173 13171 14061 14062
f 12785 12786 12783 12782
f 12506 12505 12545 12546
f 13169 13241 13240 13167
f 13153 13151 14051 14052
f 13151 13149 14050 14051
f 13193 13191 14071 14072
f 12716 12715 12718 12720 12721
f 12529 12528 12568 12569
f 13209 13207 14079 14080
f 13213 13211 14081 14082
f 12493 12492 12532 12533
f 12531 12582 12585 12532
f 12490 12530 12489 12482
f 12491 12685 12683 12490
f 13220 13221 13222 13223 13224 13218 13219
f 12706 12705 12708 12710 12711
f 13153 13233 13232 13151
f 12702 12703 12700 12697 12696 12699
f 12500 12499 12539 12540
f 13157 13235 13234 13155
f 12494 12693 12690 12493
f 12482 12578 12582 12531
f 13193 13253 13252 13191
f 13201 13257 13256 13199
f 12535 12592 12595 12536
f 12497 12701 12698 12496
f 13222 13312 13315 13318 13320 13323 13325 13223
f 13217 13265 13264 13215
f 13187 13250 13249 13185
f 12640 12639 12644 12645 12642
f 12500 12709 12707 12499
f 12537 12597 12600 12538
f 12512 12511 12551 12552
f 12652 12657 12658 12655 12653
f 12758 12757 12760 12762 12763
f 13231 13277 13275 13230
f 12607 12606 12609 12610
f 13159 13236 13235 13157
f 12610 12609 12611 12612
f 12717 12718 12715 12714
f 12730 12731 12728 12727
f 12495 12494 12534 12535
f 13238 13288 13287 13237
f 12771 12772 12770 12769
f 13271 13272 13270 13269
f 13209 13261 13260 13207
f 12612 12611 12614 12615
f 13240 13291 13290 13239
f 12540 12605 12607 12541
f 12487 12644 12639 12636 12486
f 13220 13292 13295 13298 13301 13303 13221
f 12719 12720 12718 12717
f 12728 12729 12724 12723 12726
f 12722 12723 12720 12719
f 13275 13276 13274 13272 13271 13273
f 12544 12615 12617 12545
f 13246 13300 13299 13245
f 12733 12734 12729 12728 12731
f 13242 13294 13293 13241
f 13243 13296 13294 13242
f 13317 13318 13315 13314 13316
f 12727 12728 12726 12725
f 13314 13315 13312 13311 13313
f 12506 12725 12722 12505
f 13253 13313 13311 13252
f 13254 13314 13313 13253
f 13330 13331 13328 13327 13329
f 12554 12641 12643 12555
f 12739 12575 12574 12729 12734
f 12622 12621 12624 12625
f 13322 13323 13320 13319 13321
f 12620 12619 12621 12622
f 13319 13320 13318 13317
f 12735 12736 12733 12732
f 12700 12572 12571 12687 12692 12697
f 12766 12767 12765 12764
f 13324 13325 13323 13322
f 12625 12624 12626 12627
f 12572 12700 12703 12706 12711 12716 12573
f 12754 12755 12750 12749 12752
f 12505 12722 12719 12504
f 12546 12620 12622 12547
f 12507 12727 12725 12506
f 13262 13327 13326 13261
f 12630 12629 12631 12632
f 13263 13329 13327 13262
f 13333 13331 13330 13332 13267 13268
f 12551 12632 12635 12552
f 12632 12631 12634 12635
f 12497 12496 12536 12537
f 12512 12740 12737 12511
f 13226 13267 13332 13265
f 12741 12742 12739 12738
f 12635 12634 12637 12638
f 12553 12638 12641 12554
f 12743 12744 12741 12740
f 12742 12741 12744 12746 12747
f 12638 12637 12640 12641
f 12515 12748 12745 12514
f 12511 12737 12735 12510
f 12751 12752 12749 12748
f 12598 12603 12604 12601 12599
f 12518 12756 12753 12517
f 12557 12648 12651 12558
f 12644 12649 12650 12647 12645
f 12521 12764 12761 12520
f 12753 12754 12752 12751
f 12576 12758 12763 12768 12773 12577
f 12514 12745 12743 12513
f 12560 12656 12659 12561
f 12756 12757 12754 12753
f 12738 12739 12734 12733 12736
f 12608 12613 12614 12611 12609
f 13195 13193 14072 14073
f 12496 12495 12535 12536
f 12656 12655 12658 12659
f 12603 12608 12609 12606 12604
f 12563 12664 12667 12564
f 12507 12506 12546 12547
f 12764 12765 12762 12761
f 12526 12777 12774 12525
f 12515 12514 12554 12555
f 12536 12595 12597 12537
f 12665 12670 12671 12668 12666
f 12524 12523 12563 12564
f 13237 13287 13285 13236
f 12567 12674 12677 12568
f 12575 12739 12742 12747 12750 12755 12758 12576
f 12667 12666 12668 12669
f 13236 13285 13283 13235
f 13167 13165 14058 14059
f 12523 12522 12562 12563
f 12774 12775 12772 12771
f 12580 12583 12584 12581 12579
f 13218 13224 13333 13268 13270 13272 13274
f 12578 12579 12581 12582
f 13197 13255 13254 13195
f 12660 12665 12666 12663 12661
f 12669 12668 12671 12672
f 12577 12773 12776 12781 12784 12789 12687 12571
f 12672 12671 12673 12674
f 13181 13179 14065 14066
f 12508 12507 12547 12548
f 12707 12708 12705 12704
f 12680 12681 12579 12578
f 12688 12689 12686 12685
f 13141 13138 14045 14046
f 12484 12608 12603 12598 12593 12483
f 12676 12675 12682 12681 12678
f 13181 13247 13246 13179
f 13147 13145 14048 14049
f 13145 13143 14047 14048
f 13138 13139 14044 14045
f 13159 13157 14054 14055
f 13157 13155 14053 14054
f 13155 13153 14052 14053
f 13163 13161 14056 14057
f 13161 13159 14055 14056
f 12585 12584 12586 12587
f 13218 13274 13276 13278 13281 13219
f 13169 13167 14059 14060
f 13185 13183 14067 14068
f 13183 13181 14066 14067
f 13189 13187 14069 14070
f 13197 13195 14073 14074
f 13199 13197 14074 14075
f 12509 12508 12548 12549
f 13215 13213 14082 14083
f 13207 13205 14078 14079
f 13217 13215 14083 14084
f 12690 12691 12689 12688
f 13203 13201 14076 14077
f 13205 13203 14077 14078
f 12590 12589 12591 12592
f 12712 12713 12710 12709
f 12597 12596 12599 12600
f 12698 12699 12696 12695
f 12492 12688 12685 12491
f 12526 12525 12565 12566
f 12493 12690 12688 12492
f 13149 13231 13230 13147
f 12701 12702 12699 12698
f 13141 13227 13225 13138
f 13143 13228 13227 13141
f 12595 12594 12596 12597
f 13138 13225 13226 13139
f 13211 13209 14080 14081
f 13145 13229 13228 13143
f 12584 12583 12588 12589 12586
f 12501 12500 12540 12541
f 13155 13234 13233 13153
f 12704 12705 12702 12701
f 13161 13237 13236 13159
f 13165 13239 13238 13163
f 13163 13238 13237 13161
f 12534 12590 12592 12535
f 13171 13242 13241 13169
f 13147 13230 13229 13145
f 13177 13245 13244 13175
f 12695 12696 12694 12693
f 13175 13244 13243 13173
f 12709 12710 12708 12707
f 13136 13216 13214 13212 13210 13208 13206 13204 13202 13200 13198 13196 13194 13192 13190 13188 13186 13184 13182 13180 13178 13176 13174 13172 13170 13168 13166 13164 13162 13160 13158 13156 13154 13152 13150 13148 13146 13144 13142 13140 13137
f 13179 13246 13245 13177
f 12496 12698 12695 12495
f 13199 13256 13255 13197
f 12513 12512 12552 12553
f 13191 13252 13251 13189
f 12691 12692 12687 12686 12689
f 13195 13254 13253 13193
f 13183 13248 13247 13181
f 12670 12675 12676 12673 12671
f 13189 13251 13250 13187
f 13203 13258 13257 13201
f 13205 13259 13258 13203
f 13213 13263 13262 13211
f 13139 13226 13265 13217
f 12542 12610 12612 12543
f 13215 13264 13263 13213
f 13225 13266 13267 13226
f 12767 12768 12763 12762 12765
f 13227 13269 13266 13225
f 13221 13303 13305 13307 13310 13312 13222
f 13228 13271 13269 13227
f 13283 13284 13281 13280 13282
f 13229 13273 13271 13228
f 13327 13328 13325 13324 13326
f 12499 12707 12704 12498
f 13230 13275 13273 13229
f 12539 12602 12605 12540
f 13232 13279 13277 13231
f 13233 13280 13279 13232
f 13234 13282 13280 13233
f 13291 13292 13289 13288 13290
f 13285 13286 13284 13283
f 12588 12593 12594 12591 12589
f 12541 12607 12610 12542
f 14085 14086 14045 14044
f 14086 14087 14046 14045
f 14087 14088 14047 14046
f 14088 14089 14048 14047
f 14089 14090 14049 14048
f 14090 14091 14050 14049
f 14091 14092 14051 14050
f 14092 14093 14052 14051
f 14093 14094 14053 14052
f 14094 14095 14054 14053
f 14095 14096 14055 14054
f 14096 14097 14056 14055
f 14097 14098 14057 14056
f 14098 14099 14058 14057
f 14099 14100 14059 14058
f 14100 14101 14060 14059
f 14101 14102 14061 14060
f 14102 14103 14062 14061
f 14103 14104 14063 14062
f 14104 14105 14064 14063
f 14105 14106 14065 14064
f 14106 14107 14066 14065
f 14107 14108 14067 14066
f 14108 14109 14068 14067
f 14109 14110 14069 14068
f 14110 14111 14070 14069
f 14111 14112 14071 14070
f 14112 14113 14072 14071
f 14113 14114 14073 14072
f 14114 14115 14074 14073
f 14115 14116 14075 14074
f 14116 14117 14076 14075
f 14117 14118 14077 14076
f 14118 14119 14078 14077
f 14119 14120 14079 14078
f 14120 14121 14080 14079
f 14121 14122 14081 14080
f 14122 14123 14082 14081
f 14123 14124 14083 14082
f 14124 14125 14084 14083
f 14125 14085 14044 14084
f 13136 13137 14086 14085
f 13137 13140 14087 14086
f 13140 13142 14088 14087
f 13142 13144 14089 14088
f 13144 13146 14090 14089
f 13146 13148 14091 14090
f 13148 13150 14092 14091
f 13150 13152 14093 14092
f 13152 13154 14094 14093
f 13154 13156 14095 14094
f 13156 13158 14096 14095
f 13158 13160 14097 14096
f 13160 13162 14098 14097
f 13162 13164 14099 14098
f 13164 13166 14100 14099
f 13166 13168 14101 14100
f 13168 13170 14102 14101
f 13170 13172 14103 14102
f 13172 13174 14104 14103
f 13174 13176 14105 14104
f 13176 13178 14106 14105
f 13178 13180 14107 14106
f 13180 13182 14108 14107
f 13182 13184 14109 14108
f 13184 13186 14110 14109
f 13186 13188 14111 14110
f 13188 13190 14112 14111
f 13190 13192 14113 14112
f 13192 13194 14114 14113
f 13194 13196 14115 14114
f 13196 13198 14116 14115
f 13198 13200 14117 14116
f 13200 13202 14118 14117
f 13202 13204 14119 14118
f 13204 13206 14120 14119
f 13206 13208 14121 14120
f 13208 13210 14122 14121
f 13210 13212 14123 14122
f 13212 13214 14124 14123
f 13214 13216 14125 14124
f 13216 13136 14085 14125
f 13694 13791 13789 13692
f 13754 13841 13845 13756
f 13454 13551 13547 13452
f 13728 13726 13725 13727
f 13721 13818 13820 13723
f 13877 13884 13883 13880 13876
f 13683 13780 13782 13685
f 13857 13858 13854 13853
f 13784 13893 13895 13786
f 13515 13520 13519 13514 13513
f 14027 14025 14024 14026
f 13353 13351 13350 13352
f 13340 13437 13439 13342
f 13365 13462 13460 13363
f 13406 13503 13505 13408
f 13563 13569 13568 13566 13562
f 13553 13554 13548 13547 13551
f 13449 13542 13545 13451
f 13485 13603 13607 13487
f 13491 13613 13616 13493
f 13668 13666 13665 13667
f 13608 13609 13606 13605
f 13795 13909 13906 13793
f 13674 13771 13769 13672
f 13664 13761 13759 13662
f 13766 13863 13867 13768
f 13780 13886 13889 13782
f 13808 13931 13934 13810
f 13427 13591 13595 13599 13606 13428
f 13749 13832 13961 13827
f 14013 14011 14010 14012
f 13937 13938 13941 13940
f 14033 14031 14030 14032
f 13395 13393 13392 13394
f 13357 13355 13354 13356
f 13361 13359 13358 13360
f 13383 13381 13380 13382
f 13413 13411 13410 13412
f 13354 13451 13453 13356
f 13336 13433 13434 13337
f 13376 13473 13475 13378
f 13356 13453 13455 13358
f 13545 13546 13550 13549
f 13444 13534 13530 13442
f 13592 13593 13597 13601 13600 13596
f 13598 13599 13595 13594
f 13517 13518 13646 13645 13648
f 13649 13746 13747 13650
f 13663 13760 13762 13665
f 13653 13750 13752 13655
f 13662 13759 13757 13660
f 13748 13831 13832 13749
f 13679 13776 13778 13681
f 13707 13804 13806 13709
f 13830 13738 13737 13842 13836
f 13838 13837 13840 13843 13844
f 13746 13828 13829 13747
f 13757 13847 13843 13755
f 13869 13868 13872 13874 13875
f 13763 13857 13853 13761
f 13788 13899 13901 13790
f 14025 14023 14022 14024
f 13932 13938 13937 13934 13931
f 13995 13993 13992 13994
f 14029 14027 14026 14028
f 13463 13566 13568 13465
f 13725 13822 13824 13727
f 13487 13607 13610 13489
f 13351 13349 13348 13350
f 13379 13377 13376 13378
f 13336 13337 13334 13335
f 13343 13341 13340 13342
f 13359 13357 13356 13358
f 13347 13345 13344 13346
f 13419 13580 13576 13569 13563 13560 13420
f 13375 13373 13372 13374
f 13390 13487 13489 13392
f 13391 13389 13388 13390
f 13397 13395 13394 13396
f 13739 13833 13838 13844 13848 13854 13858 13862 13740
f 13348 13445 13447 13350
f 13541 13540 13544 13547 13548
f 13343 13440 13438 13341
f 13342 13439 13441 13344
f 13358 13455 13457 13360
f 13364 13461 13463 13366
f 13353 13450 13448 13351
f 13382 13479 13481 13384
f 13385 13482 13480 13383
f 13387 13484 13482 13385
f 13360 13457 13459 13362
f 13409 13506 13504 13407
f 13438 13524 13521 13436
f 13436 13521 13516 13433
f 13458 13557 13553 13456
f 13452 13547 13544 13450
f 13557 13558 13554 13553
f 13915 13921 13920 13918 13914
f 13459 13559 13562 13461
f 13469 13575 13579 13471
f 13466 13570 13567 13464
f 13474 13584 13581 13472
f 13477 13589 13592 13479
f 13475 13585 13589 13477
f 13481 13596 13600 13483
f 13423 13522 13528 13531 13537 13541 13424
f 13497 13624 13627 13499
f 13654 13651 13650 13653
f 13499 13627 13630 13501
f 13690 13688 13687 13689
f 13651 13652 13649 13650
f 13672 13670 13669 13671
f 13434 13517 13648 13512
f 13662 13660 13659 13661
f 13686 13684 13683 13685
f 13680 13678 13677 13679
f 13708 13706 13705 13707
f 13722 13720 13719 13721
f 13651 13748 13749 13652
f 13669 13766 13768 13671
f 13670 13767 13765 13668
f 13676 13773 13771 13674
f 13678 13775 13773 13676
f 13699 13796 13798 13701
f 13717 13814 13816 13719
f 13722 13819 13817 13720
f 13652 13749 13827 13730
f 13418 13597 13593 13586 13580 13419
f 13758 13849 13851 13760
f 13771 13872 13868 13769
f 13767 13865 13861 13765
f 13769 13868 13865 13767
f 13509 13643 13647 13511
f 13778 13883 13886 13780
f 13785 13894 13891 13783
f 13830 13836 13835 13829 13828
f 13779 13885 13881 13777
f 13489 13610 13613 13491
f 13793 13906 13903 13791
f 13416 13641 13634 13628 13621 13617 13417
f 13634 13641 13640 13637 13633
f 13792 13905 13907 13794
f 13922 13923 13917 13916 13919
f 13945 13946 13943 13942
f 13827 13961 13958 13825
f 13971 13969 13968 13970
f 14021 14019 14018 14020
f 14015 14013 14012 14014
f 13822 13953 13956 13824
f 13345 13343 13342 13344
f 13339 13336 13335 13338
f 13349 13347 13346 13348
f 13365 13363 13362 13364
f 13369 13367 13366 13368
f 13377 13375 13374 13376
f 14019 14017 14016 14018
f 13393 13391 13390 13392
f 13989 13987 13986 13988
f 13688 13686 13685 13687
f 13387 13385 13384 13386
f 13392 13489 13491 13394
f 14003 14001 14000 14002
f 13405 13403 13402 13404
f 13564 13565 13558 13557 13561
f 13352 13449 13451 13354
f 13341 13438 13436 13339
f 13335 13432 13435 13338
f 13339 13436 13433 13336
f 13357 13454 13452 13355
f 13349 13446 13444 13347
f 13362 13459 13461 13364
f 13369 13466 13464 13367
f 13370 13467 13469 13372
f 13384 13481 13483 13386
f 13383 13480 13478 13381
f 13372 13469 13471 13374
f 13389 13486 13484 13387
f 13395 13492 13490 13393
f 13415 13413 13412 13414
f 13393 13490 13488 13391
f 13402 13499 13501 13404
f 13399 13496 13494 13397
f 13396 13493 13495 13398
f 13413 13510 13508 13411
f 13414 13511 13431 13334
f 13519 13520 13526 13525 13523
f 13415 13512 13510 13413
f 13431 13513 13514 13432
f 13440 13527 13524 13438
f 13443 13532 13535 13445
f 13445 13535 13538 13447
f 13448 13540 13536 13446
f 13371 13369 13368 13370
f 13450 13544 13540 13448
f 13451 13545 13549 13453
f 13453 13549 13552 13455
f 13807 13929 13926 13805
f 13560 13563 13562 13559 13555 13556
f 13569 13576 13575 13572 13568
f 13741 13879 13882 13888 13892 13898 13742
f 13461 13562 13566 13463
f 13575 13576 13580 13579
f 13916 13917 13913 13910 13909 13912
f 13473 13583 13585 13475
f 13484 13602 13598 13482
f 13631 13632 13626 13625 13629
f 13614 13615 13609 13608 13612
f 13600 13601 13604 13603
f 13488 13608 13605 13486
f 13628 13634 13633 13630 13627
f 13864 13871 13870 13867 13863
f 13625 13626 13623 13619 13618 13622
f 13500 13629 13625 13498
f 13616 13617 13621 13620
f 13892 13891 13894 13897 13898
f 13890 13896 13895 13893 13889
f 13503 13633 13637 13505
f 13498 13625 13622 13496
f 13493 13616 13620 13495
f 13640 13641 13644 13643
f 13337 13434 13512 13415
f 13505 13637 13640 13507
f 13871 13877 13876 13873 13870
f 13660 13658 13657 13659
f 13670 13668 13667 13669
f 13692 13690 13689 13691
f 13684 13682 13681 13683
f 13728 13825 13823 13726
f 13694 13692 13691 13693
f 13702 13700 13699 13701
f 13718 13716 13715 13717
f 13720 13718 13717 13719
f 13726 13724 13723 13725
f 13735 13736 13737 13738 13731 13732 13733 13734
f 13846 13852 13851 13849 13845
f 13655 13752 13754 13657
f 13862 13858 13857 13861 13865 13866
f 13654 13751 13748 13651
f 13660 13757 13755 13658
f 13659 13756 13758 13661
f 13671 13768 13770 13673
f 13684 13781 13779 13682
f 13673 13770 13772 13675
f 13689 13786 13788 13691
f 13702 13799 13797 13700
f 13691 13788 13790 13693
f 13709 13806 13808 13711
f 13703 13800 13802 13705
f 13706 13803 13801 13704
f 13701 13798 13800 13703
f 13712 13809 13807 13710
f 13719 13816 13818 13721
f 13730 13827 13825 13728
f 13948 13954 13953 13950 13947
f 13751 13837 13831 13748
f 13750 13835 13839 13752
f 13752 13839 13841 13754
f 13740 13862 13866 13869 13875 13879 13741
f 13759 13850 13847 13757
f 13860 13864 13863 13859 13855 13856
f 13851 13852 13856 13855
f 13883 13884 13890 13889 13886
f 13657 13754 13756 13659
f 13764 13859 13863 13766
f 13696 13694 13693 13695
f 13681 13778 13780 13683
f 13652 13730 13729 13649
f 13773 13874 13872 13771
f 13772 13873 13876 13774
f 13935 13936 13930 13929 13933
f 13777 13881 13878 13775
f 13929 13930 13923 13922 13926
f 13781 13887 13885 13779
f 14009 14007 14006 14008
f 13422 13520 13515 13644 13641 13416
f 13783 13891 13887 13781
f 13902 13908 13907 13905 13901
f 13483 13600 13603 13485
f 13611 13617 13616 13613 13610
f 13801 13919 13916 13799
f 13803 13922 13919 13801
f 13805 13926 13922 13803
f 14041 14039 14038 14040
f 13526 13533 13532 13529 13525
f 13522 13521 13524 13527 13528
f 13678 13676 13675 13677
f 13825 13958 13955 13823
f 13977 13975 13974 13976
f 13745 13952 13959 13834 13833 13739
f 13967 13964 13963 13966
f 13964 13965 13962 13963
f 13826 13960 13828 13746
f 13811 13935 13933 13809
f 13983 13981 13980 13982
f 13425 13554 13558 13565 13571 13574 13426
f 13993 13991 13990 13992
f 13997 13995 13994 13996
f 14023 14021 14020 14022
f 14007 14005 14004 14006
f 14001 13999 13998 14000
f 13404 13501 13503 13406
f 13700 13698 13697 13699
f 13355 13353 13352 13354
f 13690 13787 13785 13688
f 13832 13834 13959 13958 13961
f 13401 13399 13398 13400
f 13337 13415 13414 13334
f 13389 13387 13386 13388
f 13381 13379 13378 13380
f 13373 13371 13370 13372
f 13385 13383 13382 13384
f 13363 13361 13360 13362
f 13411 13409 13408 13410
f 13407 13405 13404 13406
f 13399 13397 13396 13398
f 13403 13401 13400 13402
f 13386 13483 13485 13388
f 13344 13441 13443 13346
f 13391 13488 13486 13389
f 13952 13951 13955 13958 13959
f 13418 13419 13420 13421 13422 13416 13417
f 13428 13429 13430 13423 13424 13425 13426 13427
f 13338 13435 13437 13340
f 13334 13431 13432 13335
f 13351 13448 13446 13349
f 13350 13447 13449 13352
f 13359 13456 13454 13357
f 13380 13477 13479 13382
f 13355 13452 13450 13353
f 13346 13443 13445 13348
f 13941 13948 13947 13944 13940
f 13347 13444 13442 13345
f 13379 13476 13474 13377
f 13363 13460 13458 13361
f 13367 13464 13462 13365
f 13366 13463 13465 13368
f 13371 13468 13466 13369
f 13375 13472 13470 13373
f 13377 13474 13472 13375
f 13368 13465 13467 13370
f 13374 13471 13473 13376
f 13378 13475 13477 13380
f 13409 13407 13406 13408
f 13373 13470 13468 13371
f 13381 13478 13476 13379
f 13361 13458 13456 13359
f 13388 13485 13487 13390
f 13345 13442 13440 13343
f 13398 13495 13497 13400
f 13401 13498 13496 13399
f 13403 13500 13498 13401
f 13447 13538 13542 13449
f 13400 13497 13499 13402
f 13407 13504 13502 13405
f 13408 13505 13507 13410
f 13411 13508 13506 13409
f 13412 13509 13511 13414
f 13656 13654 13653 13655
f 13437 13523 13525 13439
f 13432 13514 13519 13435
f 13736 13860 13856 13852 13846 13842 13737
f 13435 13519 13523 13437
f 13540 13541 13537 13536
f 13536 13537 13531 13530 13534
f 13439 13525 13529 13441
f 13367 13365 13364 13366
f 13441 13529 13532 13443
f 13442 13530 13527 13440
f 13530 13531 13528 13527
f 13636 13430 13429 13623 13626 13632
f 13446 13536 13534 13444
f 13744 13936 13943 13946 13952 13745
f 13550 13556 13555 13552 13549
f 13433 13516 13517 13434
f 13417 13617 13611 13604 13601 13597 13418
f 13456 13553 13551 13454
f 13460 13561 13557 13458
f 13565 13564 13567 13570 13571
f 13482 13598 13594 13480
f 13464 13567 13564 13462
f 13471 13579 13583 13473
f 13455 13552 13555 13457
f 13574 13571 13570 13573 13577 13578
f 13394 13491 13493 13396
f 13462 13564 13561 13460
f 13587 13588 13582 13581 13584
f 13951 13952 13946 13945 13949
f 13470 13577 13573 13468
f 13465 13568 13572 13467
f 13478 13590 13587 13476
f 13467 13572 13575 13469
f 13468 13573 13570 13466
f 13472 13581 13577 13470
f 13704 13702 13701 13703
f 13604 13611 13610 13607 13603
f 13476 13587 13584 13474
f 13426 13574 13578 13582 13588 13591 13427
f 13581 13582 13578 13577
f 13904 13903 13906 13909 13910
f 13742 13898 13904 13910 13913 13743
f 13594 13595 13591 13588 13587 13590
f 13486 13605 13602 13484
f 13731 13948 13941 13938 13932 13928 13732
f 13479 13592 13596 13481
f 13755 13843 13840 13753
f 13480 13594 13590 13478
f 13833 13834 13832 13831 13837 13838
f 13508 13642 13638 13506
f 13457 13555 13559 13459
f 13341 13339 13338 13340
f 13636 13632 13631 13635 13638 13639
f 13490 13612 13608 13488
f 13494 13618 13614 13492
f 13496 13622 13618 13494
f 13618 13619 13615 13614
f 13896 13902 13901 13899 13895
f 13645 13646 13639 13638 13642
f 13504 13635 13631 13502
f 13502 13631 13629 13500
f 13495 13620 13624 13497
f 13501 13630 13633 13503
f 13506 13638 13635 13504
f 13510 13645 13642 13508
f 13512 13648 13645 13510
f 13511 13647 13513 13431
f 14031 14029 14028 14030
f 13743 13913 13917 13923 13930 13936 13744
f 13644 13515 13513 13647 13643
f 13658 13656 13655 13657
f 13666 13664 13663 13665
f 13879 13875 13874 13878 13881 13882
f 13775 13878 13874 13773
f 13682 13680 13679 13681
f 13676 13674 13673 13675
f 13698 13696 13695 13697
f 13716 13714 13713 13715
f 13507 13640 13643 13509
f 13714 13712 13711 13713
f 13706 13704 13703 13705
f 13712 13710 13709 13711
f 13710 13708 13707 13709
f 13724 13722 13721 13723
f 13730 13728 13727 13729
f 13650 13747 13750 13653
f 13656 13753 13751 13654
f 13891 13892 13888 13887
f 13661 13758 13760 13663
f 13726 13823 13821 13724
f 13658 13755 13753 13656
f 13667 13764 13766 13669
f 13724 13821 13819 13722
f 13687 13784 13786 13689
f 13675 13772 13774 13677
f 13672 13769 13767 13670
f 13686 13783 13781 13684
f 13677 13774 13776 13679
f 13668 13765 13763 13666
f 13688 13785 13783 13686
f 13682 13779 13777 13680
f 13680 13777 13775 13678
f 13665 13762 13764 13667
f 13720 13817 13815 13718
f 13696 13793 13791 13694
f 13410 13507 13509 13412
f 13697 13794 13796 13699
f 13708 13805 13803 13706
f 13705 13802 13804 13707
f 13700 13797 13795 13698
f 13704 13801 13799 13702
f 13761 13853 13850 13759
f 13711 13808 13810 13713
f 13715 13812 13814 13717
f 13693 13790 13792 13695
f 13714 13811 13809 13712
f 13713 13810 13812 13715
f 13716 13813 13811 13714
f 13718 13815 13813 13716
f 13698 13795 13793 13696
f 13692 13789 13787 13690
f 13685 13782 13784 13687
f 13727 13824 13826 13729
f 13666 13763 13761 13664
f 13729 13826 13746 13649
f 13620 13621 13628 13627 13624
f 13747 13829 13835 13750
f 13710 13807 13805 13708
f 13903 13904 13898 13897 13900
f 13841 13842 13846 13845
f 13753 13840 13837 13751
f 13695 13792 13794 13697
f 13424 13541 13548 13554 13425
f 13847 13848 13844 13843
f 13428 13606 13609 13615 13619 13623 13429
f 13756 13845 13849 13758
f 13908 13915 13914 13911 13907
f 13734 13896 13890 13884 13735
f 13760 13851 13855 13762
f 13765 13861 13857 13763
f 13762 13855 13859 13764
f 13853 13854 13848 13847 13850
f 14011 14009 14008 14010
f 13421 13543 13539 13533 13526 13520 13422
f 13868 13869 13866 13865
f 13768 13867 13870 13770
f 13836 13842 13841 13839 13835
f 13770 13870 13873 13772
f 13743 13744 13745 13739 13740 13741 13742
f 13774 13876 13880 13776
f 13882 13881 13885 13887 13888
f 13816 13944 13947 13818
f 13800 13918 13920 13802
f 13782 13889 13893 13784
f 13789 13900 13897 13787
f 13776 13880 13883 13778
f 13787 13897 13894 13785
f 13791 13903 13900 13789
f 13790 13901 13905 13792
f 13797 13912 13909 13795
f 13794 13907 13911 13796
f 13733 13915 13908 13902 13896 13734
f 13799 13916 13912 13797
f 13796 13911 13914 13798
f 13585 13586 13593 13592 13589
f 13798 13914 13918 13800
f 13928 13932 13931 13927 13924 13925
f 13920 13921 13925 13924
f 13802 13920 13924 13804
f 13786 13895 13899 13788
f 13492 13614 13612 13490
f 13809 13933 13929 13807
f 13806 13927 13931 13808
f 13810 13934 13937 13812
f 13942 13943 13936 13935 13939
f 13815 13942 13939 13813
f 13813 13939 13935 13811
f 13812 13937 13940 13814
f 13821 13951 13949 13819
f 13817 13945 13942 13815
f 13814 13940 13944 13816
f 13738 13830 13957 13954 13948 13731
f 13818 13947 13950 13820
f 13819 13949 13945 13817
f 13985 13983 13982 13984
f 13953 13954 13957 13956
f 13824 13956 13960 13826
f 13735 13884 13877 13871 13864 13860 13736
f 13823 13955 13951 13821
f 13987 13985 13984 13986
f 13820 13950 13953 13822
f 13973 13971 13970 13972
f 13518 13517 13516 13521 13522
f 13979 13977 13976 13978
f 13957 13830 13828 13960 13956
f 13975 13973 13972 13974
f 13981 13979 13978 13980
f 13430 13636 13639 13646 13518 13522 13423
f 13969 13967 13966 13968
f 13991 13989 13988 13990
f 14005 14003 14002 14004
f 13723 13820 13822 13725
f 13999 13997 13996 13998
f 13804 13924 13927 13806
f 14017 14015 14014 14016
f 13732 13928 13925 13921 13915 13733
f 14035 14033 14032 14034
f 14039 14037 14036 14038
f 13965 14043 14042 13962
f 14043 14041 14040 14042
f 13674 13672 13671 13673
f 13664 13662 13661 13663
f 13605 13606 13599 13598 13602
f 13579 13580 13586 13585 13583
f 13397 13494 13492 13395
f 13543 13546 13545 13542 13538 13539
f 13405 13502 13500 13403
f 13533 13539 13538 13535 13532
f 14037 14035 14034 14036
f 14037 14039 14041 14043 13965 13964 13967 13969 13971 13973 13975 13977 13979 13981 13983 13985 13987 13989 13991 13993 13995 13997 13999 14001 14003 14005 14007 14009 14011 14013 14015 14017 14019 14021 14023 14025 14027 14029 14031 14033 14035
f 13420 13560 13556 13550 13546 13543 13421
o 02_-_Top_Small_Dish_Mesh.869
v -0.396788 39.436806 57.318089
v -0.858156 39.601517 57.028671
v -0.958640 39.626644 56.494587
v -0.763564 39.577869 56.184086
v -0.162852 39.427666 56.088436
v 0.058824 39.372238 56.249161
v 0.137304 39.352615 56.949890
v -0.298888 39.412323 57.310341
v -0.484672 39.085316 57.318089
v -0.582568 39.109795 57.310341
v -0.678168 39.133701 57.287281
v -0.769236 39.156471 57.249447
v -0.853632 39.177574 57.197731
v -0.929380 39.196510 57.133339
v -0.994704 39.212849 57.057781
v -1.048076 39.226192 56.972832
v -1.088240 39.236233 56.880482
v -1.114256 39.242741 56.782890
v -1.125516 39.245556 56.682350
v -1.121756 39.244614 56.581219
v -1.103060 39.239941 56.481865
v -1.069872 39.231640 56.386612
v -1.022968 39.219913 56.297703
v -0.963448 39.205032 56.217213
v -0.892704 39.187340 56.147034
v -0.812396 39.167259 56.088806
v -0.724408 39.145260 56.043900
v -0.630796 39.121857 56.013363
v -0.533764 39.097591 55.997913
v -0.435580 39.073044 55.997913
v -0.338548 39.048782 56.013363
v -0.244940 39.025375 56.043900
v -0.156948 39.003376 56.088806
v -0.076640 38.983295 56.147034
v -0.005896 38.965603 56.217213
v 0.053624 38.950726 56.297703
v 0.100528 38.938995 56.386612
v 0.133716 38.930695 56.481861
v 0.152412 38.926025 56.581219
v 0.156172 38.925079 56.682350
v 0.144912 38.927895 56.782890
v 0.118896 38.934402 56.880478
v 0.078732 38.944443 56.972832
v 0.025360 38.957787 57.057781
v -0.039964 38.974125 57.133335
v -0.115712 38.993065 57.197727
v -0.200108 39.014164 57.249447
v -0.291172 39.036938 57.287281
v -0.386772 39.060841 57.310341
v -0.494684 39.461281 57.310341
v -0.590284 39.485184 57.287281
v -0.681348 39.507957 57.249447
v -0.765748 39.529060 57.197731
v -0.841496 39.548000 57.133339
v -0.906820 39.564331 57.057781
v -0.960188 39.577675 56.972832
v -1.000352 39.587719 56.880482
v -1.026368 39.594223 56.782890
v -1.037628 39.597038 56.682350
v -1.033868 39.596100 56.581219
v -1.015176 39.591423 56.481865
v -0.981988 39.583130 56.386612
v -0.935084 39.571400 56.297703
v -0.875560 39.556515 56.217213
v -0.804816 39.538830 56.147034
v -0.724512 39.518749 56.088806
v -0.636520 39.496750 56.043900
v -0.542912 39.473339 56.013363
v -0.445880 39.449081 55.997913
v -0.347696 39.424530 55.997913
v -0.250660 39.400269 56.013363
v -0.157052 39.376862 56.043900
v -0.069064 39.354858 56.088806
v 0.011244 39.334782 56.147034
v 0.081988 39.317093 56.217213
v 0.141512 39.302208 56.297703
v 0.188416 39.290482 56.386612
v 0.221604 39.282181 56.481861
v 0.240296 39.277508 56.581219
v 0.244056 39.276569 56.682350
v 0.232796 39.279385 56.782890
v 0.206780 39.285889 56.880478
v 0.166616 39.295933 56.972832
v 0.113248 39.309277 57.057781
v 0.047924 39.325607 57.133335
v -0.027824 39.344547 57.197727
v -0.112220 39.365654 57.249447
v -0.203288 39.388420 57.287281
v -0.294384 39.460552 57.262882
v -0.391704 39.457123 57.315086
v -0.388076 39.471642 57.306084
v -0.385896 39.480354 57.291077
v -0.484192 39.495678 57.298477
v -0.489156 39.481491 57.307377
v -0.571488 39.526756 57.261528
v -0.578060 39.519142 57.275837
v -0.584324 39.505287 57.284420
v -0.667472 39.541500 57.238689
v -0.674976 39.527958 57.246758
v -0.739780 39.568836 57.175636
v -0.750336 39.562222 57.187912
v -0.758988 39.548962 57.195274
v -0.824708 39.580818 57.124687
v -0.834396 39.567818 57.131176
v -0.875088 39.602669 57.041405
v -0.888844 39.596851 57.050503
v -0.899420 39.584076 57.055962
v -0.941248 39.609955 56.967098
v -0.952548 39.597359 56.971397
v -0.964800 39.625099 56.871349
v -0.980680 39.619816 56.876423
v -0.992532 39.607357 56.879467
v -1.006224 39.626205 56.780605
v -1.018432 39.613831 56.782318
v -1.000556 39.634041 56.681316
v -1.017280 39.628967 56.681892
v -1.029640 39.616638 56.682236
v -1.013588 39.628044 56.582596
v -1.025896 39.615700 56.581566
v -0.979020 39.628654 56.489021
v -0.995236 39.623455 56.485046
v -1.007288 39.611046 56.482658
v -0.962648 39.615307 56.391525
v -0.974248 39.602783 56.387840
v -0.902200 39.609447 56.312386
v -0.916596 39.603790 56.304222
v -0.927560 39.591110 56.299332
v -0.858156 39.589180 56.225201
v -0.868308 39.576298 56.219208
v -0.777256 39.578205 56.167873
v -0.788696 39.571812 56.156296
v -0.797884 39.558689 56.149349
v -0.709848 39.552097 56.099125
v -0.717940 39.538696 56.091385
v -0.615836 39.537846 56.068951
v -0.623456 39.530495 56.055035
v -0.630352 39.516796 56.046684
v -0.531548 39.507515 56.025051
v -0.537168 39.493496 56.016285
v -0.432984 39.492123 56.024845
v -0.436276 39.483692 56.009884
v -0.440576 39.469345 56.000908
v -0.339876 39.459587 56.009884
v -0.342836 39.444908 56.000904
v -0.245744 39.445309 56.039665
v -0.244604 39.435768 56.025051
v -0.246244 39.420757 56.016285
v -0.155960 39.422855 56.068951
v -0.152696 39.412788 56.055035
v -0.153060 39.397457 56.046680
v -0.071568 39.401756 56.112026
v -0.066304 39.391186 56.099125
v -0.065472 39.375553 56.091385
v 0.012544 39.371471 56.156296
v 0.014472 39.355564 56.149349
v 0.073312 39.365528 56.235184
v 0.082004 39.354103 56.225201
v 0.084896 39.337955 56.219208
v 0.140444 39.339493 56.304222
v 0.144148 39.323139 56.299332
v 0.175392 39.340008 56.397663
v 0.186496 39.327976 56.391525
v 0.190840 39.311470 56.387840
v 0.207224 39.332047 56.489021
v 0.219084 39.319828 56.485043
v 0.223876 39.303204 56.482658
v 0.237436 39.315239 56.582596
v 0.242484 39.298553 56.581566
v 0.228760 39.326660 56.681316
v 0.241128 39.314316 56.681892
v 0.246228 39.297615 56.682236
v 0.217960 39.329365 56.777748
v 0.230076 39.317081 56.780605
v 0.235020 39.300419 56.782318
v 0.204532 39.323467 56.876419
v 0.209120 39.306896 56.879463
v 0.154484 39.345238 56.959927
v 0.165096 39.333328 56.967094
v 0.169140 39.316891 56.971397
v 0.112696 39.346428 57.050503
v 0.116012 39.330177 57.055962
v 0.040640 39.373699 57.113873
v 0.048556 39.362465 57.124687
v 0.050984 39.346436 57.131172
v -0.025816 39.381062 57.187908
v -0.024420 39.365288 57.195274
v -0.112960 39.412106 57.225239
v -0.108680 39.401779 57.238689
v -0.108432 39.386295 57.246758
v -0.198092 39.424137 57.275833
v -0.199084 39.408966 57.284420
v -0.294252 39.432762 57.307373
v -0.291956 39.447609 57.298477
v -0.292000 39.456871 57.283646
v -0.489752 39.064995 57.315086
v -0.493384 39.050480 57.306084
v -0.587204 39.089363 57.307377
v -0.589500 39.074516 57.298477
v -0.589456 39.065247 57.283646
v -0.682372 39.113159 57.284420
v -0.683364 39.097984 57.275837
v -0.773024 39.135826 57.246758
v -0.772780 39.120338 57.238689
v -0.768496 39.110016 57.225243
v -0.857036 39.156834 57.195274
v -0.855640 39.141060 57.187912
v -0.932440 39.175690 57.131176
v -0.930016 39.159657 57.124687
v -0.922096 39.148422 57.113876
v -0.997468 39.191944 57.055962
v -0.994152 39.175694 57.050503
v -0.984752 39.164089 57.041405
v -1.050596 39.205227 56.971397
v -1.046552 39.188797 56.967098
v -1.035940 39.176888 56.959927
v -1.090580 39.215229 56.879467
v -1.085988 39.198654 56.876423
v -1.074464 39.186520 56.871349
v -1.116476 39.221703 56.782318
v -1.111532 39.205044 56.780605
v -1.127688 39.224503 56.682236
v -1.122588 39.207809 56.681892
v -1.110220 39.195461 56.681316
v -1.123944 39.223568 56.581566
v -1.118896 39.206886 56.582596
v -1.105336 39.218918 56.482658
v -1.100540 39.202297 56.485046
v -1.088680 39.190075 56.489021
v -1.072296 39.210655 56.387840
v -1.067956 39.194149 56.391525
v -1.025608 39.198982 56.299332
v -1.021904 39.182632 56.304222
v -1.011860 39.170868 56.312386
v -0.966356 39.184166 56.219208
v -0.963464 39.168022 56.225201
v -0.954772 39.156593 56.235184
v -0.895932 39.166557 56.149349
v -0.894004 39.150654 56.156296
v -0.815988 39.146568 56.091385
v -0.815156 39.130936 56.099125
v -0.809892 39.120369 56.112026
v -0.728400 39.124668 56.046684
v -0.728764 39.109337 56.055035
v -0.635216 39.101368 56.016285
v -0.636856 39.086357 56.025051
v -0.635716 39.076817 56.039665
v -0.538624 39.077217 56.000908
v -0.541584 39.062531 56.009884
v -0.440884 39.052776 56.000904
v -0.445184 39.038429 56.009884
v -0.448476 39.029999 56.024845
v -0.344292 39.028625 56.016285
v -0.349912 39.014610 56.025051
v -0.355404 39.006729 56.039665
v -0.251108 39.005325 56.046680
v -0.258004 38.991627 56.055035
v -0.163520 38.983425 56.091385
v -0.171612 38.970024 56.099125
v -0.181228 38.963177 56.112026
v -0.083576 38.963436 56.149349
v -0.092760 38.950310 56.156296
v -0.104204 38.943916 56.167870
v -0.013152 38.945827 56.219208
v -0.023304 38.932945 56.225201
v 0.046100 38.931011 56.299332
v 0.035140 38.918327 56.304222
v 0.020740 38.912678 56.312386
v 0.092792 38.919334 56.387840
v 0.081192 38.906815 56.391525
v 0.065728 38.901428 56.397663
v 0.125828 38.911076 56.482658
v 0.113776 38.898666 56.485043
v 0.144436 38.906425 56.581566
v 0.132132 38.894077 56.582596
v 0.115492 38.888985 56.584316
v 0.148180 38.905487 56.682236
v 0.135824 38.893158 56.681892
v 0.136972 38.908291 56.782318
v 0.124768 38.895920 56.780605
v 0.108296 38.890785 56.777748
v 0.111072 38.914764 56.879463
v 0.099224 38.902306 56.876419
v 0.071092 38.924763 56.971397
v 0.059788 38.912167 56.967094
v 0.044820 38.906654 56.959927
v 0.017964 38.938049 57.055962
v 0.007388 38.925270 57.050503
v -0.006368 38.919453 57.041405
v -0.047064 38.954308 57.131172
v -0.056748 38.941303 57.124687
v -0.122468 38.973160 57.195274
v -0.131120 38.959900 57.187908
v -0.141676 38.953289 57.175636
v -0.206480 38.994167 57.246758
v -0.213984 38.980621 57.238689
v -0.222624 38.973530 57.225239
v -0.297132 39.016830 57.284420
v -0.303396 39.002975 57.275833
v -0.392300 39.040627 57.307377
v -0.397264 39.026447 57.298477
v -0.401664 39.018291 57.283646
v -0.466464 39.158146 56.862663
v -0.496916 39.165756 56.860252
v -0.526652 39.173191 56.853077
v -0.554980 39.180275 56.841309
v -0.581232 39.186840 56.825226
v -0.604796 39.192734 56.805191
v -0.625116 39.197811 56.781689
v -0.641716 39.201965 56.755264
v -0.654208 39.205090 56.726540
v -0.662304 39.207111 56.696182
v -0.665804 39.207989 56.664909
v -0.664636 39.207695 56.633450
v -0.658820 39.206242 56.602543
v -0.648496 39.203659 56.572914
v -0.633908 39.200012 56.545258
v -0.615392 39.195381 56.520222
v -0.593384 39.189880 56.498390
v -0.568404 39.183632 56.480282
v -0.541036 39.176788 56.466309
v -0.511916 39.169510 56.456806
v -0.481732 39.161961 56.452003
v -0.451192 39.154324 56.452003
v -0.421008 39.146774 56.456806
v -0.391892 39.139496 56.466309
v -0.364520 39.132652 56.480282
v -0.339540 39.126408 56.498390
v -0.317532 39.120903 56.520222
v -0.299020 39.116276 56.545258
v -0.284428 39.112629 56.572914
v -0.274104 39.110046 56.602543
v -0.268288 39.108593 56.633450
v -0.267120 39.108299 56.664906
v -0.270624 39.109177 56.696182
v -0.278716 39.111198 56.726536
v -0.291208 39.114323 56.755264
v -0.307812 39.118477 56.781689
v -0.328132 39.123558 56.805191
v -0.351692 39.129448 56.825226
v -0.377944 39.136013 56.841309
v -0.406272 39.143093 56.853077
v -0.436012 39.150528 56.860252
v -0.611820 38.576813 56.862663
v -0.642272 38.584423 56.860252
v -0.672008 38.591862 56.853077
v -0.700336 38.598946 56.841309
v -0.726588 38.605507 56.825226
v -0.750152 38.611401 56.805191
v -0.770472 38.616482 56.781689
v -0.787072 38.620632 56.755264
v -0.799564 38.623756 56.726540
v -0.807660 38.625778 56.696182
v -0.811160 38.626652 56.664909
v -0.809992 38.626362 56.633450
v -0.804176 38.624908 56.602543
v -0.793852 38.622326 56.572914
v -0.779264 38.618675 56.545258
v -0.760748 38.614048 56.520222
v -0.738744 38.608543 56.498390
v -0.713760 38.602299 56.480282
v -0.686392 38.595455 56.466309
v -0.657272 38.588177 56.456806
v -0.627088 38.580627 56.452003
v -0.596548 38.572990 56.452003
v -0.566364 38.565445 56.456806
v -0.537248 38.558163 56.466309
v -0.509876 38.551319 56.480282
v -0.484896 38.545074 56.498390
v -0.462888 38.539574 56.520222
v -0.444376 38.534943 56.545258
v -0.429784 38.531296 56.572914
v -0.419460 38.528713 56.602543
v -0.413648 38.527260 56.633450
v -0.412476 38.526970 56.664906
v -0.415980 38.527843 56.696182
v -0.424072 38.529865 56.726536
v -0.436564 38.532990 56.755264
v -0.453168 38.537140 56.781689
v -0.473488 38.542221 56.805191
v -0.497048 38.548111 56.825226
v -0.523300 38.554676 56.841309
v -0.551628 38.561760 56.853077
v -0.581368 38.569195 56.860252
v -0.672440 39.048233 54.046165
v -0.695636 39.085167 54.046165
v -0.672436 39.048233 56.213318
v -0.702964 39.055862 56.221718
v -0.695636 39.085167 56.221718
v -0.665112 39.077538 56.213318
v -0.510052 39.007629 56.503880
v -0.536900 39.014339 56.519554
v -0.529572 39.043644 56.519554
v -0.502728 39.036934 56.503880
v -0.347292 38.966930 54.046165
v -0.347288 38.966934 56.213318
v -0.316764 38.959301 56.221718
v -0.309436 38.988605 56.221718
v -0.309440 38.988605 54.046165
v -0.339964 38.996235 56.213318
v -0.482828 39.000820 56.519554
v -0.475500 39.030125 56.519554
v -0.510052 39.007629 56.503880
v -0.502728 39.036934 56.503880
v -0.502728 39.036934 56.503880
v -0.510052 39.007629 56.503880
v -0.510052 39.007629 56.503880
v -0.502728 39.036934 56.503880
v -0.339964 38.996235 56.213318
v -0.475500 39.030125 56.519554
v -0.672440 39.048233 54.105858
v -0.672436 39.048233 56.153629
v -0.702964 39.055862 56.161388
v -0.702964 39.055862 54.106491
v -0.695636 39.085167 54.106491
v -0.665112 39.077538 54.105858
v -0.347288 38.966934 56.153629
v -0.347292 38.966930 54.105858
v -0.316764 38.959301 54.106491
v -0.316764 38.959301 56.161388
v -0.339964 38.996235 54.105858
v -0.672440 39.048233 54.419891
v -0.672440 39.048233 54.456165
v -0.702964 39.055862 54.460560
v -0.702964 39.055862 54.423897
v -0.695636 39.085167 54.423897
v -0.665112 39.077538 54.456165
v -0.665112 39.077538 54.419891
v -0.347288 38.966930 54.456165
v -0.347288 38.966930 54.419891
v -0.316764 38.959301 54.423897
v -0.316764 38.959301 54.460560
v -0.339964 38.996235 54.419891
v -0.339964 38.996235 54.456165
v -0.761072 38.823463 54.046165
v -0.753744 38.852768 54.046165
v -0.723220 38.845135 54.046165
v -0.730548 38.815834 56.213318
v -0.761072 38.823463 56.221718
v -0.753744 38.852768 56.221718
v -0.723220 38.845135 56.213318
v -0.568164 38.775230 56.503880
v -0.595008 38.781944 56.519554
v -0.587680 38.811249 56.519554
v -0.560836 38.804535 56.503880
v -0.405400 38.734531 54.046165
v -0.405400 38.734531 56.213318
v -0.374872 38.726902 56.221718
v -0.374872 38.726898 54.046165
v -0.367548 38.756203 56.221718
v -0.367548 38.756203 54.046165
v -0.398072 38.763836 56.213318
v -0.398072 38.763836 54.046165
v -0.540936 38.768425 56.519554
v -0.533608 38.797729 56.519554
v -0.568164 38.775230 56.503880
v -0.560836 38.804535 56.503880
v -0.560836 38.804535 56.503880
v -0.568164 38.775230 56.503880
v -0.568164 38.775230 56.503880
v -0.560836 38.804535 56.503880
v -0.398072 38.763836 56.213318
v -0.533608 38.797729 56.519554
v -0.730548 38.815834 54.105858
v -0.730548 38.815834 56.153629
v -0.753744 38.852768 56.161388
v -0.753744 38.852768 54.106491
v -0.723220 38.845135 56.153629
v -0.723220 38.845135 54.105858
v -0.405400 38.734531 56.153629
v -0.405400 38.734531 54.105858
v -0.367548 38.756203 54.106491
v -0.367548 38.756203 56.161388
v -0.398072 38.763836 54.105858
v -0.398072 38.763836 56.153629
v -0.730548 38.815834 54.419891
v -0.730548 38.815834 54.456165
v -0.761072 38.823463 54.423897
v -0.753744 38.852768 54.460560
v -0.753744 38.852768 54.423897
v -0.723220 38.845135 54.456165
v -0.723220 38.845135 54.419891
v -0.405400 38.734531 54.456165
v -0.405400 38.734531 54.419891
v -0.367548 38.756203 54.423897
v -0.367548 38.756203 54.460560
v -0.398072 38.763836 54.419891
v -0.398072 38.763836 54.456165
v -0.485280 39.082890 57.078873
v -0.547748 39.098507 57.073929
v -0.608756 39.113766 57.059216
v -0.666868 39.128292 57.035072
v -0.720724 39.141762 57.002068
v -0.769060 39.153843 56.960979
v -0.810748 39.164268 56.912762
v -0.844804 39.172783 56.858555
v -0.870436 39.179192 56.799622
v -0.887036 39.183346 56.737347
v -0.894224 39.185139 56.673187
v -0.891824 39.184540 56.608658
v -0.879892 39.181557 56.545246
v -0.858716 39.176266 56.484470
v -0.828784 39.168781 56.427731
v -0.790800 39.159279 56.376369
v -0.745656 39.147991 56.331585
v -0.694412 39.135181 56.294430
v -0.638260 39.121140 56.265766
v -0.578528 39.106205 56.246284
v -0.516608 39.090721 56.236427
v -0.453952 39.075058 56.236427
v -0.392032 39.059570 56.246284
v -0.332296 39.044636 56.265766
v -0.276148 39.030598 56.294430
v -0.224900 39.017784 56.331585
v -0.179756 39.006496 56.376369
v -0.141776 38.997002 56.427731
v -0.111844 38.989517 56.484467
v -0.090664 38.984219 56.545246
v -0.078736 38.981236 56.608650
v -0.076336 38.980637 56.673187
v -0.083520 38.982433 56.737347
v -0.100124 38.986584 56.799622
v -0.125752 38.992992 56.858551
v -0.159812 39.001507 56.912762
v -0.201496 39.011932 56.960976
v -0.249832 39.024017 57.002068
v -0.303688 39.037483 57.035072
v -0.361800 39.052017 57.059212
v -0.422808 39.067268 57.073929
v -0.522212 38.935173 57.078873
v -0.584684 38.950790 57.073929
v -0.645692 38.966049 57.059216
v -0.703804 38.980576 57.035072
v -0.757660 38.994045 57.002068
v -0.805996 39.006126 56.960979
v -0.847684 39.016552 56.912762
v -0.881740 39.025070 56.858555
v -0.907368 39.031475 56.799622
v -0.923972 39.035629 56.737347
v -0.931156 39.037422 56.673187
v -0.928756 39.036823 56.608658
v -0.916828 39.033840 56.545246
v -0.895648 39.028549 56.484470
v -0.865720 39.021065 56.427731
v -0.827736 39.011566 56.376369
v -0.782592 39.000275 56.331585
v -0.731344 38.987465 56.294430
v -0.675196 38.973423 56.265766
v -0.615460 38.958488 56.246284
v -0.553540 38.943005 56.236427
v -0.490888 38.927341 56.236427
v -0.428968 38.911858 56.246284
v -0.369232 38.896919 56.265766
v -0.313084 38.882881 56.294430
v -0.261836 38.870068 56.331585
v -0.216692 38.858780 56.376369
v -0.178708 38.849285 56.427731
v -0.148780 38.841801 56.484467
v -0.127600 38.836506 56.545246
v -0.115672 38.833519 56.608650
v -0.113272 38.832920 56.673187
v -0.120456 38.834717 56.737347
v -0.137060 38.838867 56.799622
v -0.162688 38.845276 56.858551
v -0.196744 38.853790 56.912762
v -0.238432 38.864216 56.960976
v -0.286768 38.876301 57.002068
v -0.340624 38.889767 57.035072
v -0.398736 38.904301 57.059212
v -0.459740 38.919552 57.073929
v -0.702964 39.055862 55.324879
v -0.702964 39.055862 55.297070
v -0.347288 38.966934 55.318775
v -0.347288 38.966934 55.291019
v -0.672436 39.048233 55.291019
v -0.672436 39.048233 55.318775
v -0.316764 38.959301 55.297070
v -0.316764 38.959301 55.324879
v -0.309436 38.988605 55.324879
v -0.753744 38.852768 55.324879
v -0.753744 38.852768 55.297070
v -0.723220 38.845135 55.318775
v -0.723220 38.845135 55.291019
v -0.374872 38.726902 55.324879
v -0.367548 38.756203 55.297070
v -0.367548 38.756203 55.324879
v -0.398072 38.763836 55.291019
v -0.398072 38.763836 55.318775
v -0.685784 39.021503 54.753658
v -0.685784 39.021503 53.866646
v -0.722020 38.876587 54.016022
v -0.722020 38.876587 54.753658
v -0.654796 38.884903 54.729282
v -0.654796 38.884903 53.991646
v -0.441192 38.831497 53.991646
v -0.441192 38.831497 54.729282
v -0.385792 38.792519 54.753658
v -0.385792 38.792519 54.016022
v -0.349560 38.937431 53.866646
v -0.349560 38.937431 54.753658
v -0.416780 38.929115 54.729282
v -0.416780 38.929115 53.891022
v -0.630388 38.982525 53.891022
v -0.630388 38.982525 54.729282
v -0.972448 37.875031 53.866646
v -0.956124 37.940315 54.016022
v -0.898248 37.911251 53.984589
v -0.684644 37.857838 53.984592
v -0.619900 37.856243 54.016022
v -0.636224 37.790958 53.866646
v -0.694096 37.820026 53.898071
v -0.907704 37.873436 53.898075
v -1.134308 37.227692 54.620949
v -1.117984 37.292976 54.770325
v -1.060108 37.263912 54.738892
v -0.846504 37.210499 54.738892
v -0.781760 37.208904 54.770325
v -0.798084 37.143620 54.620949
v -0.855960 37.172684 54.652382
v -1.069564 37.226097 54.652382
v -1.273932 36.669285 54.620949
v -1.273932 36.669285 54.770325
v -1.197292 36.715263 54.735851
v -0.983688 36.661854 54.735851
v -0.937708 36.585213 54.770325
v -0.937708 36.585213 54.620949
v -0.983688 36.661854 54.655418
v -1.197292 36.715263 54.655418
v -0.624476 39.006172 54.753658
v -0.624476 39.006172 53.866646
v -0.660708 38.861259 54.753658
v -0.660708 38.861259 54.016022
v -0.894816 37.924984 54.016022
v -1.056676 37.277645 54.770325
v -1.197292 36.715263 54.770325
v -0.983688 36.661854 54.770325
v -0.843068 37.224236 54.770325
v -0.681208 37.871574 54.016022
v -0.447104 38.807846 54.016022
v -0.447104 38.807846 54.753658
v -0.410868 38.952763 54.753658
v -0.410868 38.952763 53.866646
v -0.697532 37.806293 53.866646
v -0.859392 37.158951 54.620949
v -0.983688 36.661854 54.620949
v -1.197292 36.715263 54.620949
v -1.073000 37.212360 54.620949
v -0.911140 37.859699 53.866646
v -0.280680 39.901615 57.283882
v -0.373512 39.924828 57.276539
v -0.470000 39.561081 57.310341
v -0.372104 39.536598 57.318089
v -0.464168 39.947495 57.254673
v -0.565600 39.584984 57.287281
v -0.550520 39.969090 57.218800
v -0.656668 39.607754 57.249447
v -0.630552 39.989101 57.169758
v -0.741064 39.628857 57.197731
v -0.702380 40.007061 57.108696
v -0.816812 39.647797 57.133339
v -0.764324 40.022549 57.037048
v -0.882136 39.664127 57.057781
v -0.814932 40.035206 56.956493
v -0.935508 39.677471 56.972832
v -0.853020 40.044724 56.868919
v -0.975672 39.687515 56.880482
v -0.877692 40.050892 56.776379
v -1.001688 39.694019 56.782890
v -0.888368 40.053566 56.681042
v -1.012948 39.696838 56.682350
v -0.884800 40.052673 56.585140
v -1.009188 39.695896 56.581219
v -0.867076 40.048241 56.490925
v -0.990492 39.691223 56.481865
v -0.835604 40.040371 56.400604
v -0.957304 39.682922 56.386612
v -0.791128 40.029247 56.316292
v -0.910400 39.671196 56.297703
v -0.734684 40.015137 56.239967
v -0.850880 39.656311 56.217213
v -0.667600 39.998363 56.173420
v -0.780136 39.638626 56.147034
v -0.591448 39.979321 56.118210
v -0.699828 39.618546 56.088806
v -0.508012 39.958462 56.075623
v -0.611840 39.596542 56.043900
v -0.419248 39.936264 56.046665
v -0.518232 39.573135 56.013363
v -0.327232 39.913258 56.032017
v -0.421196 39.548878 55.997913
v -0.234128 39.889980 56.032017
v -0.323012 39.524330 55.997913
v -0.142116 39.866974 56.046665
v -0.225980 39.500065 56.013363
v -0.053352 39.844776 56.075623
v -0.132372 39.476662 56.043900
v 0.030088 39.823914 56.118210
v -0.044380 39.454655 56.088806
v 0.106240 39.804871 56.173420
v 0.035928 39.434578 56.147034
v 0.173324 39.788101 56.239967
v 0.106672 39.416889 56.217213
v 0.229764 39.773987 56.316292
v 0.166192 39.402004 56.297703
v 0.274244 39.762863 56.400604
v 0.213096 39.390278 56.386612
v 0.305716 39.754997 56.490925
v 0.246284 39.381981 56.481861
v 0.323440 39.750565 56.585140
v 0.264980 39.377304 56.581219
v 0.327008 39.749672 56.681042
v 0.268740 39.376366 56.682350
v 0.316328 39.752342 56.776379
v 0.257480 39.379181 56.782890
v 0.291660 39.758514 56.868919
v 0.231464 39.385685 56.880478
v 0.253572 39.768032 56.956490
v 0.191300 39.395729 56.972832
v 0.202964 39.780689 57.037045
v 0.137928 39.409073 57.057781
v 0.141020 39.796177 57.108692
v 0.072604 39.425404 57.133335
v 0.069192 39.814137 57.169758
v -0.003144 39.444344 57.197727
v -0.010840 39.834148 57.218796
v -0.087540 39.465446 57.249447
v -0.097192 39.855740 57.254673
v -0.178604 39.488220 57.287281
v -0.187848 39.878403 57.276539
v -0.274208 39.512123 57.310341
v -0.725876 39.575703 57.158451
v -0.943440 39.630104 56.864246
v -0.827716 39.601170 56.249161
v -0.248208 39.456268 56.060120
v 0.115476 39.365334 56.323803
v 0.089264 39.371887 57.028667
v -0.292932 39.467453 57.262882
v -0.474636 39.540646 57.307377
v -0.377184 39.516281 57.315086
v -0.569804 39.564442 57.284420
v -0.660456 39.587109 57.246758
v -0.744472 39.608116 57.195274
v -0.819876 39.626968 57.131176
v -0.884904 39.643227 57.055962
v -0.938028 39.656513 56.971397
v -0.978012 39.666508 56.879467
v -1.003912 39.672985 56.782318
v -1.015120 39.675789 56.682236
v -1.011376 39.674850 56.581566
v -0.992768 39.670200 56.482658
v -0.959728 39.661938 56.387840
v -0.913040 39.650265 56.299332
v -0.853788 39.635448 56.219212
v -0.783364 39.617840 56.149349
v -0.703420 39.597851 56.091385
v -0.615832 39.575947 56.046684
v -0.522648 39.552650 56.016285
v -0.426056 39.528500 56.000908
v -0.328316 39.504059 56.000904
v -0.231724 39.479908 56.016285
v -0.138540 39.456608 56.046680
v -0.050952 39.434708 56.091385
v 0.028992 39.414719 56.149349
v 0.099416 39.397114 56.219208
v 0.158668 39.382298 56.299332
v 0.205360 39.370621 56.387840
v 0.238396 39.362362 56.482658
v 0.257004 39.357708 56.581566
v 0.260748 39.356773 56.682236
v 0.249540 39.359573 56.782318
v 0.223640 39.366047 56.879463
v 0.183660 39.376045 56.971397
v 0.130532 39.389328 57.055962
v 0.065504 39.405586 57.131172
v -0.009900 39.424446 57.195274
v -0.093912 39.445450 57.246758
v -0.184564 39.468117 57.284420
v -0.279732 39.491913 57.307373
v -0.476932 39.525795 57.298477
v -0.380816 39.501762 57.306084
v -0.382992 39.493057 57.291077
v -0.570800 39.549267 57.275837
v -0.568584 39.539459 57.261528
v -0.660212 39.571625 57.238689
v -0.655928 39.561302 57.225243
v -0.743072 39.592346 57.187912
v -0.736876 39.581539 57.175636
v -0.817448 39.610939 57.124687
v -0.809528 39.599705 57.113876
v -0.881584 39.626976 57.050503
v -0.872184 39.615372 57.041405
v -0.933984 39.640076 56.967098
v -0.973420 39.649937 56.876423
v -0.961896 39.637806 56.871349
v -0.998964 39.656326 56.780605
v -1.010020 39.659088 56.681892
v -0.997652 39.646744 56.681316
v -1.006328 39.658169 56.582596
v -0.994044 39.645840 56.584316
v -0.987972 39.653576 56.485046
v -0.955388 39.645428 56.391525
v -0.944280 39.633400 56.397663
v -0.909336 39.633915 56.304222
v -0.850896 39.619301 56.225201
v -0.842204 39.607876 56.235184
v -0.781436 39.601936 56.156296
v -0.702588 39.582222 56.099125
v -0.697324 39.571648 56.112026
v -0.616196 39.560616 56.055035
v -0.524288 39.537636 56.025051
v -0.523148 39.528099 56.039665
v -0.429016 39.513817 56.009884
v -0.332616 39.489712 56.009884
v -0.335908 39.481281 56.024845
v -0.237344 39.465889 56.025051
v -0.242840 39.458008 56.039665
v -0.145436 39.442909 56.055035
v -0.153056 39.435562 56.068951
v -0.059044 39.421310 56.099125
v -0.068660 39.414459 56.112026
v 0.019804 39.401592 56.156296
v 0.089264 39.384224 56.225201
v 0.076220 39.378231 56.235184
v 0.147704 39.369614 56.304222
v 0.133308 39.363960 56.312382
v 0.193760 39.358097 56.391521
v 0.226344 39.349949 56.485043
v 0.210128 39.344753 56.489021
v 0.244700 39.345360 56.582596
v 0.248392 39.344437 56.681889
v 0.231664 39.339363 56.681316
v 0.237336 39.347198 56.780605
v 0.220864 39.342064 56.777748
v 0.211792 39.353588 56.876419
v 0.172356 39.363449 56.967094
v 0.157388 39.357937 56.959927
v 0.119956 39.376553 57.050503
v 0.106200 39.370735 57.041405
v 0.055820 39.392590 57.124687
v -0.018556 39.411186 57.187908
v -0.029108 39.404568 57.175636
v -0.101416 39.431904 57.238689
v -0.190828 39.454262 57.275833
v -0.197400 39.446648 57.261528
v -0.284696 39.477730 57.298477
v -0.289096 39.469578 57.283646
v -0.772260 37.935139 57.001488
v -0.823272 37.947891 56.997452
v -0.869068 37.764744 56.997452
v -0.818056 37.751991 57.001488
v -0.873088 37.960350 56.985435
v -0.918884 37.777199 56.985435
v -0.920540 37.972218 56.965721
v -0.966332 37.789062 56.965721
v -0.964516 37.983212 56.938774
v -1.010312 37.800060 56.938774
v -1.003988 37.993080 56.905220
v -1.049780 37.809933 56.905220
v -1.038024 38.001591 56.865849
v -1.083820 37.818439 56.865852
v -1.065836 38.008545 56.821587
v -1.111628 37.825397 56.821587
v -1.086764 38.013775 56.773464
v -1.132556 37.830627 56.773464
v -1.100320 38.017170 56.722614
v -1.146112 37.834015 56.722614
v -1.106188 38.018631 56.670223
v -1.151980 37.835484 56.670223
v -1.104228 38.018143 56.617527
v -1.150020 37.834995 56.617527
v -1.094488 38.015709 56.565758
v -1.140280 37.832561 56.565758
v -1.077192 38.011383 56.516125
v -1.122988 37.828236 56.516125
v -1.052752 38.005272 56.469795
v -1.098548 37.822124 56.469795
v -1.021736 37.997517 56.427856
v -1.067532 37.814369 56.427856
v -0.984876 37.988300 56.391285
v -1.030668 37.805153 56.391285
v -0.943028 37.977837 56.360947
v -0.988824 37.794689 56.360947
v -0.897180 37.966373 56.337547
v -0.942976 37.783226 56.337547
v -0.848404 37.954178 56.321636
v -0.894200 37.771027 56.321636
v -0.797844 37.941536 56.313583
v -0.843636 37.758389 56.313583
v -0.746680 37.928745 56.313583
v -0.792476 37.745594 56.313583
v -0.696120 37.916100 56.321636
v -0.741916 37.732952 56.321636
v -0.647344 37.903904 56.337547
v -0.693140 37.720757 56.337547
v -0.601496 37.892441 56.360947
v -0.647288 37.709293 56.360947
v -0.559648 37.881977 56.391285
v -0.605444 37.698830 56.391285
v -0.522788 37.872761 56.427853
v -0.568580 37.689613 56.427853
v -0.491772 37.865005 56.469795
v -0.537564 37.681858 56.469795
v -0.467332 37.858894 56.516125
v -0.513124 37.675743 56.516125
v -0.450036 37.854572 56.565758
v -0.495832 37.671421 56.565758
v -0.440296 37.852135 56.617527
v -0.486092 37.668983 56.617527
v -0.438336 37.851643 56.670223
v -0.484132 37.668495 56.670223
v -0.444204 37.853111 56.722614
v -0.490000 37.669964 56.722614
v -0.457760 37.856499 56.773464
v -0.503556 37.673351 56.773464
v -0.478688 37.861736 56.821587
v -0.524484 37.678585 56.821587
v -0.506500 37.868687 56.865849
v -0.552292 37.685539 56.865849
v -0.540536 37.877201 56.905220
v -0.586332 37.694050 56.905220
v -0.580008 37.887070 56.938774
v -0.625800 37.703918 56.938774
v -0.623984 37.898064 56.965721
v -0.669776 37.714916 56.965721
v -0.671436 37.909927 56.985435
v -0.717228 37.726780 56.985435
v -0.721248 37.922386 56.997452
v -0.767044 37.739235 56.997452
v -0.628704 37.924961 56.943298
v -0.456544 37.881912 56.669266
v -0.569040 37.910046 56.410591
v -0.789932 37.965275 56.338531
v -1.026324 38.024380 56.483398
v -1.070436 38.035412 56.717850
v -0.859712 37.982719 56.961578
v -0.769612 37.945728 56.999924
v -0.820392 37.958424 56.995907
v -0.871484 37.754097 56.995907
v -0.820704 37.741402 56.999924
v -0.869984 37.970825 56.983944
v -0.921072 37.766495 56.983944
v -0.917220 37.982635 56.964321
v -0.968308 37.778309 56.964321
v -0.960996 37.993580 56.937496
v -1.012084 37.789253 56.937496
v -1.000288 38.003403 56.904095
v -1.051376 37.799080 56.904095
v -1.034172 38.011875 56.864902
v -1.085260 37.807552 56.864902
v -1.061852 38.018799 56.820839
v -1.112944 37.814472 56.820839
v -1.082688 38.024010 56.772930
v -1.133776 37.819679 56.772930
v -1.096184 38.027386 56.722317
v -1.147272 37.823055 56.722317
v -1.102024 38.028843 56.670170
v -1.153112 37.824516 56.670170
v -1.100072 38.028355 56.617706
v -1.151160 37.824028 56.617706
v -1.090376 38.025932 56.566170
v -1.141464 37.821606 56.566170
v -1.073160 38.021629 56.516766
v -1.124252 37.817299 56.516766
v -1.048832 38.015545 56.470646
v -1.099920 37.811218 56.470646
v -1.017956 38.007824 56.428898
v -1.069048 37.803497 56.428898
v -0.981260 37.998650 56.392494
v -1.032352 37.794319 56.392494
v -0.939604 37.988232 56.362289
v -0.990696 37.783905 56.362289
v -0.893964 37.976822 56.338997
v -0.945056 37.772491 56.338997
v -0.845412 37.964680 56.323158
v -0.896500 37.760353 56.323158
v -0.795080 37.952095 56.315144
v -0.846168 37.747768 56.315144
v -0.744148 37.939362 56.315144
v -0.795240 37.735035 56.315144
v -0.693820 37.926777 56.323158
v -0.744908 37.722450 56.323158
v -0.645264 37.914635 56.338997
v -0.696352 37.710308 56.338997
v -0.599624 37.903225 56.362289
v -0.650712 37.698898 56.362289
v -0.557968 37.892807 56.392490
v -0.609056 37.688480 56.392490
v -0.521272 37.883633 56.428898
v -0.572360 37.679306 56.428898
v -0.490396 37.875912 56.470646
v -0.541488 37.671585 56.470646
v -0.466068 37.869827 56.516766
v -0.517156 37.665504 56.516766
v -0.448852 37.865524 56.566170
v -0.499944 37.661201 56.566170
v -0.439156 37.863102 56.617706
v -0.490244 37.658772 56.617706
v -0.437204 37.862614 56.670170
v -0.488296 37.658283 56.670170
v -0.443044 37.864071 56.722313
v -0.494136 37.659748 56.722313
v -0.456540 37.867447 56.772930
v -0.507632 37.663120 56.772930
v -0.477372 37.872658 56.820839
v -0.528464 37.668327 56.820839
v -0.505056 37.879581 56.864902
v -0.556148 37.675251 56.864902
v -0.538940 37.888054 56.904095
v -0.590032 37.683723 56.904095
v -0.578232 37.897877 56.937492
v -0.629320 37.693550 56.937492
v -0.622008 37.908821 56.964321
v -0.673100 37.704491 56.964321
v -0.669244 37.920631 56.983944
v -0.720336 37.716305 56.983944
v -0.718832 37.933033 56.995907
v -0.769924 37.728703 56.995907
v -0.767724 37.953293 56.995232
v -0.817808 37.965816 56.991268
v -0.766588 37.957832 56.987415
v -0.872680 37.746361 56.991268
v -0.822596 37.733837 56.995232
v -0.823728 37.729301 56.987415
v -0.866716 37.978043 56.979473
v -0.863296 37.982014 56.972015
v -0.921588 37.758587 56.979473
v -0.920436 37.753479 56.972015
v -0.913308 37.989693 56.960117
v -0.968180 37.770241 56.960117
v -0.956484 38.000488 56.933659
v -0.950988 38.003937 56.927261
v -1.011356 37.781036 56.933659
v -1.008128 37.775410 56.927261
v -0.995240 38.010181 56.900715
v -1.050112 37.790726 56.900715
v -1.045984 37.784874 56.895081
v -1.028660 38.018536 56.862057
v -1.021492 38.021564 56.857319
v -1.083532 37.799080 56.862057
v -1.055964 38.025364 56.818596
v -1.110836 37.805908 56.818596
v -1.105308 37.799706 56.814861
v -1.076512 38.030499 56.771351
v -1.068236 38.033257 56.768707
v -1.131384 37.811047 56.771351
v -1.125380 37.804726 56.768707
v -1.089824 38.033829 56.721420
v -1.081240 38.036503 56.719933
v -1.144696 37.814377 56.721420
v -1.095584 38.035267 56.669987
v -1.086868 38.037910 56.669685
v -1.150456 37.815815 56.669987
v -1.144012 37.809380 56.669685
v -1.093660 38.034790 56.618244
v -1.084988 38.037445 56.619141
v -1.148532 37.815338 56.618244
v -1.084096 38.032394 56.567413
v -1.138968 37.812943 56.567413
v -1.132788 37.806576 56.569485
v -1.067116 38.028152 56.518684
v -1.059060 38.030960 56.521881
v -1.121988 37.808697 56.518684
v -1.116200 37.802429 56.521881
v -1.043120 38.022152 56.473194
v -1.035616 38.025101 56.477448
v -1.097992 37.802696 56.473194
v -1.012668 38.014538 56.432018
v -1.005868 38.017662 56.437218
v -1.067540 37.795086 56.432018
v -1.063012 37.789127 56.437218
v -0.976476 38.005489 56.396111
v -1.031348 37.786034 56.396111
v -0.935388 37.995216 56.366322
v -0.930376 37.998783 56.373043
v -0.990260 37.775761 56.366322
v -0.987520 37.770252 56.373043
v -0.890372 37.983959 56.343349
v -0.945244 37.764503 56.343349
v -0.943544 37.759254 56.350601
v -0.842480 37.971985 56.327724
v -0.839620 37.976093 56.335339
v -0.897356 37.752533 56.327724
v -0.896760 37.747559 56.335339
v -0.792840 37.959572 56.319820
v -0.791124 37.963963 56.327618
v -0.847712 37.740116 56.319820
v -0.848264 37.735435 56.327618
v -0.742608 37.947014 56.319820
v -0.797480 37.727554 56.319820
v -0.692964 37.934601 56.327724
v -0.693556 37.939568 56.335339
v -0.747836 37.715145 56.327724
v -0.750700 37.711040 56.335339
v -0.645072 37.922623 56.343349
v -0.699944 37.703171 56.343349
v -0.703916 37.699341 56.350601
v -0.600056 37.911369 56.366322
v -0.602800 37.916878 56.373043
v -0.654928 37.691917 56.366322
v -0.659940 37.688343 56.373043
v -0.558972 37.901096 56.396111
v -0.562664 37.906841 56.402145
v -0.613844 37.681641 56.396111
v -0.619804 37.678307 56.402145
v -0.522780 37.892044 56.432014
v -0.527308 37.897999 56.437218
v -0.577652 37.672592 56.432018
v -0.492328 37.884434 56.473194
v -0.497560 37.890564 56.477448
v -0.547200 37.664978 56.473194
v -0.554700 37.662033 56.477444
v -0.468328 37.878433 56.518684
v -0.523200 37.658978 56.518684
v -0.531260 37.656170 56.521881
v -0.451352 37.874187 56.567413
v -0.457532 37.880554 56.569485
v -0.506224 37.654732 56.567413
v -0.441788 37.871796 56.618244
v -0.496660 37.652340 56.618244
v -0.505328 37.649689 56.619141
v -0.439864 37.871311 56.669983
v -0.446308 37.877747 56.669685
v -0.494736 37.651859 56.669983
v -0.503448 37.649216 56.669685
v -0.445624 37.872757 56.721420
v -0.451936 37.879158 56.719933
v -0.500496 37.653301 56.721420
v -0.509076 37.650623 56.719933
v -0.458932 37.876083 56.771347
v -0.513804 37.656628 56.771347
v -0.522080 37.653877 56.768707
v -0.479480 37.881222 56.818596
v -0.485012 37.887424 56.814861
v -0.534352 37.661766 56.818596
v -0.506784 37.888050 56.862057
v -0.561660 37.668591 56.862057
v -0.568824 37.665565 56.857319
v -0.540208 37.896404 56.900711
v -0.544332 37.902256 56.895077
v -0.595080 37.676949 56.900711
v -0.601472 37.673729 56.895077
v -0.578960 37.906094 56.933655
v -0.633832 37.686642 56.933655
v -0.639332 37.683193 56.927261
v -0.622136 37.916889 56.960117
v -0.624368 37.922268 56.953110
v -0.677008 37.697437 56.960117
v -0.668728 37.928539 56.979473
v -0.669880 37.933647 56.972015
v -0.723600 37.709084 56.979473
v -0.727024 37.705120 56.972015
v -0.717636 37.940769 56.991268
v -0.772508 37.721317 56.991268
v -0.653496 38.410122 57.001488
v -0.704508 38.422871 56.997452
v -0.750304 38.239723 56.997452
v -0.699292 38.226971 57.001488
v -0.754324 38.435329 56.985435
v -0.800120 38.252182 56.985435
v -0.801776 38.447197 56.965721
v -0.847572 38.264046 56.965721
v -0.845752 38.458191 56.938774
v -0.891548 38.275040 56.938774
v -0.885224 38.468060 56.905220
v -0.931016 38.284912 56.905220
v -0.919260 38.476574 56.865849
v -0.965056 38.293419 56.865849
v -0.947072 38.483524 56.821587
v -0.992864 38.300377 56.821587
v -0.968000 38.488754 56.773464
v -1.013792 38.305607 56.773464
v -0.981556 38.492149 56.722614
v -1.027348 38.308998 56.722614
v -0.987424 38.493614 56.670223
v -1.033216 38.310463 56.670223
v -0.985464 38.493126 56.617527
v -1.031256 38.309975 56.617527
v -0.975724 38.490688 56.565758
v -1.021516 38.307541 56.565758
v -0.958428 38.486366 56.516125
v -1.004224 38.303215 56.516125
v -0.933988 38.480251 56.469795
v -0.979784 38.297104 56.469795
v -0.902972 38.472496 56.427856
v -0.948768 38.289349 56.427856
v -0.866112 38.463280 56.391285
v -0.911904 38.280132 56.391285
v -0.824264 38.452816 56.360947
v -0.870060 38.269669 56.360947
v -0.778416 38.441353 56.337547
v -0.824212 38.258205 56.337547
v -0.729640 38.429157 56.321636
v -0.775436 38.246010 56.321636
v -0.679080 38.416515 56.313583
v -0.724872 38.233368 56.313583
v -0.627916 38.403725 56.313583
v -0.673712 38.220577 56.313583
v -0.577356 38.391079 56.321636
v -0.623152 38.207932 56.321636
v -0.528580 38.378883 56.337547
v -0.574376 38.195736 56.337547
v -0.482732 38.367420 56.360947
v -0.528524 38.184273 56.360947
v -0.440884 38.356956 56.391285
v -0.486680 38.173809 56.391285
v -0.404024 38.347740 56.427853
v -0.449816 38.164593 56.427853
v -0.373008 38.339985 56.469795
v -0.418800 38.156837 56.469795
v -0.348568 38.333878 56.516125
v -0.394360 38.150723 56.516125
v -0.331272 38.329552 56.565758
v -0.377068 38.146400 56.565750
v -0.321532 38.327118 56.617527
v -0.367328 38.143963 56.617527
v -0.319572 38.326626 56.670223
v -0.365368 38.143475 56.670223
v -0.325440 38.328091 56.722610
v -0.371236 38.144943 56.722610
v -0.338996 38.331482 56.773464
v -0.384792 38.148331 56.773464
v -0.359924 38.336716 56.821587
v -0.405720 38.153564 56.821587
v -0.387736 38.343670 56.865849
v -0.433528 38.160519 56.865849
v -0.421772 38.352180 56.905220
v -0.467568 38.169029 56.905220
v -0.461244 38.362049 56.938774
v -0.507036 38.178902 56.938774
v -0.505220 38.373043 56.965721
v -0.551012 38.189896 56.965721
v -0.552672 38.384907 56.985435
v -0.598464 38.201759 56.985435
v -0.602488 38.397366 56.997452
v -0.648280 38.214218 56.997452
v -0.432556 38.380592 56.887192
v -0.339596 38.357349 56.620396
v -0.416092 38.376476 56.444504
v -0.671168 38.440258 56.338531
v -0.844616 38.483624 56.410591
v -0.951672 38.510391 56.717850
v -0.825736 38.478905 56.918308
v -0.647448 38.434326 56.976467
v -0.752648 38.214596 56.972725
v -1.009572 38.278835 56.717850
v -0.965460 38.267803 56.483398
v -0.729068 38.208702 56.338531
v -0.508176 38.153469 56.410591
v -0.401116 38.126698 56.717850
v -0.527056 38.158188 56.918308
v -0.650852 38.420708 56.999924
v -0.701628 38.433403 56.995907
v -0.752720 38.229080 56.995907
v -0.701940 38.216381 56.999924
v -0.751220 38.445805 56.983944
v -0.802308 38.241478 56.983944
v -0.798456 38.457615 56.964321
v -0.849544 38.253288 56.964321
v -0.842232 38.468559 56.937496
v -0.893320 38.264236 56.937492
v -0.881524 38.478386 56.904095
v -0.932612 38.274059 56.904095
v -0.915408 38.486855 56.864902
v -0.966496 38.282532 56.864902
v -0.943088 38.493782 56.820839
v -0.994180 38.289452 56.820839
v -0.963924 38.498989 56.772930
v -1.015012 38.294659 56.772930
v -0.977420 38.502365 56.722317
v -1.028508 38.298035 56.722317
v -0.983260 38.503822 56.670170
v -1.034348 38.299496 56.670170
v -0.981308 38.503338 56.617706
v -1.032396 38.299007 56.617706
v -0.971612 38.500912 56.566170
v -1.022700 38.296585 56.566170
v -0.954396 38.496609 56.516766
v -1.005488 38.292282 56.516766
v -0.930068 38.490524 56.470646
v -0.981156 38.286198 56.470646
v -0.899192 38.482803 56.428898
v -0.950284 38.278477 56.428898
v -0.862500 38.473629 56.392494
v -0.913588 38.269299 56.392494
v -0.820844 38.463211 56.362289
v -0.871932 38.258884 56.362289
v -0.775200 38.451801 56.338997
v -0.826292 38.247471 56.338997
v -0.726648 38.439659 56.323158
v -0.777736 38.235332 56.323158
v -0.676316 38.427078 56.315144
v -0.727404 38.222748 56.315144
v -0.676476 38.210014 56.315144
v -0.626144 38.197430 56.323158
v -0.526500 38.389618 56.338997
v -0.577588 38.185287 56.338997
v -0.480860 38.378204 56.362289
v -0.531948 38.173878 56.362289
v -0.439204 38.367790 56.392490
v -0.490292 38.163460 56.392490
v -0.402508 38.358612 56.428898
v -0.453596 38.154285 56.428898
v -0.371632 38.350891 56.470646
v -0.422724 38.146564 56.470646
v -0.347304 38.344807 56.516766
v -0.398392 38.140484 56.516766
v -0.330088 38.340504 56.566170
v -0.381180 38.136181 56.566170
v -0.320392 38.338081 56.617706
v -0.371484 38.133751 56.617706
v -0.318440 38.337593 56.670170
v -0.369532 38.133263 56.670170
v -0.324284 38.339050 56.722313
v -0.375372 38.134727 56.722313
v -0.337776 38.342430 56.772930
v -0.388868 38.138100 56.772930
v -0.358612 38.347637 56.820839
v -0.409700 38.143307 56.820839
v -0.386292 38.354561 56.864902
v -0.437384 38.150230 56.864902
v -0.420176 38.363033 56.904095
v -0.471268 38.158703 56.904095
v -0.459468 38.372856 56.937492
v -0.510560 38.168530 56.937492
v -0.503244 38.383801 56.964321
v -0.554336 38.179478 56.964321
v -0.550480 38.395611 56.983944
v -0.601572 38.191284 56.983944
v -0.600072 38.408012 56.995907
v -0.651160 38.203686 56.995907
v -0.648960 38.428272 56.995232
v -0.699044 38.440796 56.991268
v -0.647824 38.432812 56.987415
v -0.753916 38.221340 56.991268
v -0.703832 38.208817 56.995232
v -0.753892 38.216511 56.983543
v -0.704964 38.204281 56.987415
v -0.747952 38.453026 56.979473
v -0.744532 38.456993 56.972015
v -0.802828 38.233574 56.979473
v -0.801672 38.228462 56.972015
v -0.794544 38.464672 56.960117
v -0.849416 38.245220 56.960117
v -0.837720 38.475471 56.933659
v -0.832224 38.478916 56.927261
v -0.892596 38.256016 56.933659
v -0.889364 38.250385 56.927261
v -0.876476 38.485161 56.900715
v -0.870080 38.488384 56.895081
v -0.931348 38.265705 56.900715
v -0.927220 38.259853 56.895081
v -0.909896 38.493515 56.862057
v -0.964768 38.274059 56.862057
v -0.937200 38.500343 56.818596
v -0.929400 38.503216 56.814861
v -0.992072 38.280888 56.818596
v -0.986544 38.274685 56.814861
v -0.957748 38.505482 56.771351
v -0.949476 38.508236 56.768707
v -1.012620 38.286030 56.771351
v -1.006616 38.279705 56.768707
v -0.971060 38.508808 56.721420
v -0.962476 38.511486 56.719933
v -1.025932 38.289356 56.721420
v -1.019620 38.282955 56.719933
v -0.976820 38.510246 56.669987
v -0.968104 38.512894 56.669685
v -1.031692 38.290794 56.669987
v -1.025248 38.284359 56.669685
v -0.974896 38.509769 56.618244
v -1.029768 38.290318 56.618244
v -1.023368 38.283894 56.619141
v -0.965332 38.507378 56.567413
v -0.956884 38.510090 56.569485
v -1.020204 38.287926 56.567413
v -0.948352 38.503132 56.518684
v -1.003224 38.283676 56.518684
v -0.997436 38.277409 56.521881
v -0.924356 38.497131 56.473194
v -0.916852 38.500076 56.477448
v -0.979228 38.277676 56.473194
v -0.973996 38.271549 56.477448
v -0.893904 38.489517 56.432018
v -0.948776 38.270065 56.432018
v -0.944248 38.264107 56.437218
v -0.857712 38.480469 56.396111
v -0.851748 38.483799 56.402145
v -0.912584 38.261013 56.396111
v -0.816624 38.470196 56.366322
v -0.871496 38.250740 56.366322
v -0.868756 38.245232 56.373043
v -0.771608 38.458939 56.343349
v -0.767640 38.462769 56.350601
v -0.826480 38.239483 56.343349
v -0.824780 38.234238 56.350601
v -0.723720 38.446964 56.327724
v -0.778592 38.227512 56.327724
v -0.674076 38.434551 56.319820
v -0.672360 38.438946 56.327618
v -0.728948 38.215096 56.319820
v -0.729500 38.210415 56.327618
v -0.678716 38.202538 56.319820
v -0.574796 38.414547 56.335339
v -0.629072 38.190125 56.327724
v -0.631936 38.186020 56.335339
v -0.526308 38.397606 56.343349
v -0.581180 38.178154 56.343349
v -0.481292 38.386349 56.366322
v -0.484036 38.391857 56.373043
v -0.536164 38.166897 56.366322
v -0.541176 38.163322 56.373043
v -0.440208 38.376076 56.396111
v -0.495080 38.156620 56.396111
v -0.501040 38.153290 56.402145
v -0.404016 38.367027 56.432014
v -0.408544 38.372982 56.437218
v -0.458888 38.147572 56.432014
v -0.465684 38.144447 56.437218
v -0.373564 38.359413 56.473194
v -0.428436 38.139957 56.473194
v -0.349564 38.353413 56.518684
v -0.355352 38.359680 56.521881
v -0.404436 38.133957 56.518684
v -0.412496 38.131149 56.521881
v -0.332588 38.349167 56.567413
v -0.338768 38.355534 56.569485
v -0.387460 38.129711 56.567413
v -0.323024 38.346775 56.618244
v -0.329424 38.353195 56.619141
v -0.377896 38.127319 56.618244
v -0.386564 38.124668 56.619141
v -0.321100 38.346291 56.669983
v -0.327544 38.352730 56.669685
v -0.375972 38.126839 56.669983
v -0.326860 38.347736 56.721420
v -0.381732 38.128281 56.721420
v -0.390312 38.125603 56.719933
v -0.340168 38.351063 56.771347
v -0.346176 38.357384 56.768707
v -0.395040 38.131607 56.771347
v -0.360716 38.356201 56.818596
v -0.366248 38.362404 56.814861
v -0.415588 38.136745 56.818596
v -0.423388 38.133877 56.814861
v -0.388024 38.363029 56.862057
v -0.442896 38.143574 56.862057
v -0.450060 38.140545 56.857319
v -0.421444 38.371384 56.900711
v -0.425568 38.377235 56.895077
v -0.476316 38.151928 56.900711
v -0.460196 38.381073 56.933655
v -0.515068 38.161621 56.933655
v -0.520568 38.158173 56.927261
v -0.503372 38.391869 56.960117
v -0.505604 38.397247 56.953110
v -0.558244 38.172417 56.960117
v -0.549964 38.403519 56.979473
v -0.551116 38.408627 56.972015
v -0.604836 38.184063 56.979473
v -0.608260 38.180099 56.972015
v -0.598872 38.415749 56.991268
v -0.653748 38.196297 56.991268
v -0.549596 38.825665 56.807384
v -0.571860 38.831234 56.805622
v -0.848028 37.726730 56.805622
v -0.825764 37.721169 56.807384
v -0.593604 38.836670 56.800377
v -0.869772 37.732174 56.800377
v -0.614316 38.841850 56.791771
v -0.890484 37.737347 56.791771
v -0.633512 38.846649 56.780010
v -0.909680 37.742149 56.780010
v -0.650740 38.850956 56.765366
v -0.926908 37.746456 56.765366
v -0.665600 38.854671 56.748180
v -0.941768 37.750172 56.748180
v -0.677736 38.857704 56.728859
v -0.953904 37.753208 56.728859
v -0.686872 38.859989 56.707851
v -0.963040 37.755493 56.707851
v -0.692788 38.861469 56.685658
v -0.968956 37.756973 56.685658
v -0.695352 38.862106 56.662788
v -0.971520 37.757614 56.662792
v -0.694496 38.861897 56.639790
v -0.970664 37.757397 56.639790
v -0.690244 38.860832 56.617191
v -0.966412 37.756336 56.617191
v -0.682696 38.858944 56.595528
v -0.958864 37.754448 56.595528
v -0.672028 38.856277 56.575302
v -0.948196 37.751781 56.575302
v -0.658488 38.852894 56.556999
v -0.934656 37.748398 56.556999
v -0.642400 38.848869 56.541035
v -0.918568 37.744373 56.541035
v -0.624132 38.844303 56.527794
v -0.900300 37.739803 56.527794
v -0.604120 38.839302 56.517578
v -0.880288 37.734802 56.517578
v -0.582832 38.833977 56.510632
v -0.859000 37.729477 56.510632
v -0.560760 38.828457 56.507118
v -0.836928 37.723961 56.507118
v -0.538428 38.822872 56.507118
v -0.814596 37.718376 56.507118
v -0.516360 38.817356 56.510632
v -0.792528 37.712856 56.510632
v -0.495068 38.812031 56.517578
v -0.771236 37.707531 56.517578
v -0.475056 38.807030 56.527794
v -0.751224 37.702530 56.527794
v -0.456792 38.802460 56.541035
v -0.732960 37.697960 56.541035
v -0.440700 38.798435 56.556999
v -0.716868 37.693939 56.556999
v -0.427164 38.795052 56.575302
v -0.703332 37.690552 56.575302
v -0.416496 38.792385 56.595528
v -0.692664 37.687889 56.595528
v -0.408948 38.790497 56.617191
v -0.685116 37.686001 56.617191
v -0.404696 38.789436 56.639790
v -0.680864 37.684937 56.639790
v -0.403840 38.789219 56.662788
v -0.680008 37.684723 56.662788
v -0.406400 38.789860 56.685658
v -0.682568 37.685364 56.685658
v -0.412316 38.791340 56.707851
v -0.688488 37.686840 56.707851
v -0.421452 38.793625 56.728859
v -0.697620 37.689125 56.728859
v -0.433592 38.796661 56.748180
v -0.709760 37.692162 56.748180
v -0.448448 38.800377 56.765362
v -0.724616 37.695877 56.765366
v -0.465676 38.804684 56.780010
v -0.741844 37.700184 56.780010
v -0.484872 38.809483 56.791771
v -0.761040 37.704983 56.791771
v -0.505584 38.814659 56.800377
v -0.781752 37.710163 56.800377
v -0.527328 38.820095 56.805622
v -0.803496 37.715599 56.805622
v -0.284220 39.888088 57.318089
v -0.382116 39.912563 57.310341
v -0.477716 39.936470 57.287281
v -0.568784 39.959240 57.249447
v -0.653180 39.980339 57.197731
v -0.728928 39.999279 57.133339
v -0.794252 40.015617 57.057781
v -0.847620 40.028961 56.972832
v -0.887784 40.039001 56.880482
v -0.913804 40.045509 56.782890
v -0.925064 40.048325 56.682350
v -0.921300 40.047386 56.581219
v -0.902608 40.042709 56.481865
v -0.869420 40.034409 56.386612
v -0.822516 40.022682 56.297703
v -0.762992 40.007801 56.217213
v -0.692252 39.990112 56.147034
v -0.611944 39.970032 56.088806
v -0.523952 39.948029 56.043900
v -0.430344 39.924625 56.013363
v -0.333312 39.900360 55.997913
v -0.235128 39.875813 55.997913
v -0.138092 39.851547 56.013363
v -0.044484 39.828144 56.043900
v 0.043504 39.806145 56.088806
v 0.123812 39.786064 56.147034
v 0.194556 39.768375 56.217213
v 0.254076 39.753494 56.297703
v 0.300984 39.741764 56.386612
v 0.334172 39.733463 56.481861
v 0.352864 39.728790 56.581219
v 0.356624 39.727852 56.682350
v 0.345364 39.730663 56.782890
v 0.319348 39.737171 56.880478
v 0.279184 39.747211 56.972832
v 0.225816 39.760555 57.057781
v 0.160492 39.776894 57.133335
v 0.084744 39.795834 57.197727
v 0.000348 39.816933 57.249447
v -0.090720 39.839706 57.287281
v -0.186320 39.863609 57.310341
v -0.282448 39.894859 57.301392
v -0.377872 39.918716 57.293839
v -0.471056 39.942017 57.271362
v -0.559824 39.964211 57.234486
v -0.642088 39.984783 57.184071
v -0.715924 40.003242 57.121307
v -0.779596 40.019165 57.047657
v -0.831620 40.032173 56.964855
v -0.870768 40.041962 56.874836
v -0.896128 40.048306 56.779713
v -0.907104 40.051048 56.681713
v -0.903440 40.050133 56.583134
v -0.885216 40.045578 56.486286
v -0.852868 40.037483 56.393444
v -0.807148 40.026054 56.306774
v -0.749128 40.011547 56.228321
v -0.680172 39.994305 56.159916
v -0.601892 39.974731 56.103161
v -0.516128 39.953289 56.059387
v -0.424884 39.930473 56.029621
v -0.330300 39.906822 56.014565
v -0.234596 39.882893 56.014565
v -0.140016 39.859245 56.029621
v -0.048772 39.836430 56.059387
v 0.036996 39.814983 56.103161
v 0.115276 39.795410 56.159916
v 0.184232 39.778168 56.228321
v 0.242252 39.763664 56.306774
v 0.287972 39.752232 56.393444
v 0.320320 39.744144 56.486286
v 0.338540 39.739590 56.583134
v 0.342208 39.738670 56.681709
v 0.331232 39.741413 56.779709
v 0.305872 39.747757 56.874836
v 0.266724 39.757545 56.964851
v 0.214700 39.770554 57.047657
v 0.151028 39.786472 57.121304
v 0.077192 39.804932 57.184071
v -0.005072 39.825504 57.234482
v -0.093836 39.847694 57.271362
v -0.187024 39.871002 57.293839
s 1
usemtl itu_metal
f 14485 14484 14443 14444
f 14513 14517 14532 14514 14551 14558 14524 14518 14526 14522 14703 14523 14510 14539 14540 14545 14557 14552 14550
f 14658 14657 14616 14617
f 14666 14665 14624 14625
f 14687 14686 14645 14646
f 14755 14753 14713 14716
f 14520 14524 14558 14553 14698 14711 14612 14607 14594 14712 14697 14541 14599 14571 14576
f 14563 14567 14568 14564
f 14553 14558 14551 14547
f 14611 14612 14553 14554
f 14669 14668 14627 14628
f 14750 14749 14746 14745
f 14496 14495 14454 14455
f 14564 14568 14585 14565
f 14680 14679 14638 14639
f 14694 14693 14652 14653
f 14711 14709 14610 14612
f 14725 14726 14727 14728
f 14735 14743 14744 14736
f 14764 14763 14722 14721
f 14756 14755 14716 14715
f 14469 14468 14427 14428
f 14492 14491 14450 14451
f 14704 14706 14700 14695
f 14542 14545 14540 14535
f 14608 14611 14598 14595
f 14660 14659 14618 14619
f 14591 14593 14535 14538
f 14597 14599 14541 14544
f 14659 14658 14617 14618
f 14661 14660 14619 14620
f 14664 14663 14622 14623
f 14685 14684 14643 14644
f 14678 14677 14636 14637
f 14683 14682 14641 14642
f 14690 14689 14648 14649
f 14693 14692 14651 14652
f 14654 14694 14653 14613
f 14482 14481 14440 14441
f 14601 14605 14707 14699 14547 14551 14514 14511 14565 14536 14700 14706 14592 14589
f 14709 14711 14698 14701
f 14712 14710 14702 14697
f 14498 14497 14456 14457
f 14484 14483 14442 14443
f 14499 14498 14457 14458
f 14471 14470 14429 14430
f 14506 14505 14464 14465
f 14754 14772 14729 14714
f 14446 14445 14444 14443 14442 14441 14440 14439 14438 14437 14436 14435 14434 14433 14432 14431 14430 14429 14428 14427 14467 14466 14465 14464 14463 14462 14461 14460 14459 14458 14457 14456 14455 14454 14453 14452 14451 14450 14449 14448 14447
f 14739 14747 14748 14740
f 14718 14731 14732 14719
f 14528 14533 14527
f 14520 14515 14524
f 14525 14526 14515
f 14534 14530 14529
f 14554 14553 14547 14546
f 14599 14712 14594 14571
f 14589 14592 14536 14565 14562
f 14581 14580 14586
f 14571 14566 14576
f 14578 14579 14566
f 14587 14583 14582
f 14597 14574 14572 14708 14710
f 14611 14609 14596 14598
f 14609 14611 14554 14555
f 14593 14561 14509 14535
f 14656 14655 14614 14615
f 14564 14565 14511 14512
f 14576 14574 14521 14520
f 14598 14596 14543 14542
f 14606 14604 14549 14546
f 14671 14670 14629 14630
f 14676 14675 14634 14635
f 14674 14673 14632 14633
f 14672 14671 14630 14631
f 14653 14652 14651 14650 14649 14648 14647 14646 14645 14644 14643 14642 14641 14640 14639 14638 14637 14636 14635 14634 14633 14632 14631 14630 14629 14628 14627 14626 14625 14624 14623 14622 14621 14620 14619 14618 14617 14616 14615 14614 14613
f 14675 14676 14677 14678 14679 14680 14681 14682 14683 14684 14685 14686 14687 14688 14689 14690 14691 14692 14693 14694 14654 14655 14656 14657 14658 14659 14660 14661 14662 14663 14664 14665 14666 14667 14668 14669 14670 14671 14672 14673 14674
f 14541 14697 14702 14544
f 14556 14701 14698 14553
f 14591 14604 14606 14593
f 14726 14735 14736 14727
f 14743 14751 14752 14744
f 14760 14759 14758 14738 14746 14749 14741 14761
f 14763 14762 14733 14722
f 14765 14764 14721 14724
f 14771 14770 14769 14768 14742 14750 14745 14737
f 14772 14754 14753 14755 14756 14757 14758 14759 14747 14739 14731 14718 14717 14728 14727 14736 14744 14752 14770 14771
f 14740 14748 14760 14761 14762 14763 14764 14765 14766 14767 14768 14769 14751 14743 14735 14726 14725 14720 14719 14732
f 14752 14751 14769 14770
f 14470 14469 14428 14429
f 14475 14474 14433 14434
f 14502 14501 14460 14461
f 14476 14475 14434 14435
f 14480 14479 14438 14439
f 14479 14478 14437 14438
f 14483 14482 14441 14442
f 14489 14488 14447 14448
f 14488 14487 14446 14447
f 14486 14485 14444 14445
f 14493 14492 14451 14452
f 14487 14486 14445 14446
f 14501 14500 14459 14460
f 14746 14738 14730 14715 14716 14713 14714 14729 14737 14745
f 14539 14550 14552 14540
f 14512 14516 14517 14513
f 14525 14515 14520 14521
f 14696 14705 14704 14695 14537 14590 14564 14512 14513 14550 14539 14510 14560 14538 14549 14604 14548
f 14472 14471 14430 14431
f 14689 14688 14647 14648
f 14543 14555 14554 14542
f 14552 14546 14535 14540
f 14577 14519 14575 14573 14570
f 14554 14557 14545 14542
f 14523 14703 14701 14556 14610 14555 14543 14596 14573 14575
f 14607 14612 14605 14601
f 14557 14554 14546 14552
f 14519 14542 14535 14509
f 14668 14667 14626 14627
f 14565 14585 14584 14562
f 14592 14590 14537 14536
f 14569 14579 14574 14576
f 14579 14578 14572 14574
f 14603 14705 14707 14605
f 14588 14600 14602 14559 14570 14573 14708 14572 14578 14566 14571 14594 14607 14601 14608 14595
f 14585 14568 14567 14584
f 14559 14602 14563 14564 14590 14704 14705 14603 14548 14604 14591 14538 14560
f 14606 14600 14588 14593
f 14522 14521 14574 14597 14544 14702 14710 14708 14573 14596 14609 14555 14610 14709 14701 14703
f 14611 14608 14600 14606
f 14665 14664 14623 14624
f 14612 14611 14606 14605
f 14598 14577 14561 14593
f 14562 14584 14567 14563 14602 14600 14608 14601 14589
f 14595 14598 14593 14588
f 14560 14510 14523 14575 14519 14509 14561 14577 14570 14559
f 14603 14605 14547 14548
f 14605 14606 14546 14547
f 14612 14610 14556 14553
f 14662 14661 14620 14621
f 14577 14598 14542 14519
f 14655 14654 14613 14614
f 14663 14662 14621 14622
f 14670 14669 14628 14629
f 14673 14672 14631 14632
f 14675 14674 14633 14634
f 14679 14678 14637 14638
f 14677 14676 14635 14636
f 14667 14666 14625 14626
f 14682 14681 14640 14641
f 14657 14656 14615 14616
f 14686 14685 14644 14645
f 14684 14683 14642 14643
f 14681 14680 14639 14640
f 14691 14690 14649 14650
f 14688 14687 14646 14647
f 14695 14700 14536 14537
f 14699 14696 14548 14547
f 14592 14706 14704 14590
f 14710 14712 14599 14597
f 14707 14705 14696 14699
f 14717 14718 14719 14720
f 14546 14549 14538 14535
f 14731 14739 14740 14732
f 14728 14717 14720 14725
f 14750 14742 14734 14723 14724 14721 14722 14733 14741 14749
f 14758 14757 14730 14738
f 14753 14754 14714 14713
f 14757 14756 14715 14730
f 14762 14761 14741 14733
f 14767 14766 14723 14734
f 14766 14765 14724 14723
f 14772 14771 14737 14729
f 14526 14525 14521 14522
f 14748 14747 14759 14760
f 14692 14691 14650 14651
f 14768 14767 14734 14742
f 14478 14477 14436 14437
f 14473 14472 14431 14432
f 14481 14480 14439 14440
f 14474 14473 14432 14433
f 14477 14476 14435 14436
f 14500 14499 14458 14459
f 14490 14489 14448 14449
f 14491 14490 14449 14450
f 14495 14494 14453 14454
f 14494 14493 14452 14453
f 14497 14496 14455 14456
f 14503 14502 14461 14462
f 14505 14504 14463 14464
f 14504 14503 14462 14463
f 14507 14506 14465 14466
f 14508 14507 14466 14467
f 14468 14508 14467 14427
f 14507 14508 14468 14469 14470 14471 14472 14473 14474 14475 14476 14477 14478 14479 14480 14481 14482 14483 14484 14485 14486 14487 14488 14489 14490 14491 14492 14493 14494 14495 14496 14497 14498 14499 14500 14501 14502 14503 14504 14505 14506
f 14511 14531 14516 14512
f 14514 14532 14531 14511
f 14532 14517 14516 14531
f 15621 15619 15617 15615 15613 15611 15609 15607 15605 15603 15601 15599 15597 15595 15593 15591 15588 15587 15667 15665 15663 15661 15659 15657 15655 15653 15651 15649 15647 15645 15643 15641 15639 15637 15635 15633 15631 15629 15627 15625 15623
f 14946 14947 14944 14943 14945
f 14878 14930 14928 14877
f 14931 14932 14929 14928 14930
f 14208 14304 14306 14209
f 14812 14810 15687 15688
f 14838 14836 15700 15701
f 14265 14270 14271 14268 14266
f 14425 14426 14421 14420 14423
f 14895 14958 14956 14894
f 14132 14302 14297 14294 14289 14286 14281 14131
f 14242 14241 14243 14244
f 14915 14914 14916 14917 14918
f 14191 14259 14262 14192
f 14897 14961 14959 14896
f 14882 14936 14934 14881
f 14149 14148 14188 14189
f 14414 14415 14412 14411
f 14316 14315 14318 14317
f 14318 14319 14217 14216
f 14816 14814 15689 15690
f 14155 14154 14194 14195
f 14848 14899 14898 14846
f 14360 14361 14358 14357
f 14934 14935 14932 14931 14933
f 14888 14946 14945 14887
f 14164 14163 14203 14204
f 14129 14255 14250 14245 14128
f 14901 14967 14966 14900
f 14271 14270 14273 14276 14277 14274
f 14200 14283 14285 14201
f 14154 14153 14193 14194
f 14261 14260 14265 14266 14263
f 14382 14383 14381 14380
f 14280 14279 14282 14283
f 14164 14398 14396 14163
f 14147 14354 14351 14146
f 14230 14235 14236 14233 14231
f 14424 14425 14423 14422
f 14416 14417 14415 14414
f 14824 14822 15693 15694
f 14808 14806 15685 15686
f 14296 14295 14298 14299
f 14172 14171 14211 14212
f 14776 14854 15709 15669
f 14174 14173 14213 14133
f 14237 14236 14238 14239
f 14174 14424 14422 14173
f 14176 14222 14224 14177
f 14914 14915 14913 14912
f 14351 14352 14350 14349
f 14152 14367 14364 14151
f 14146 14145 14185 14186
f 14822 14886 14885 14820
f 14941 14942 14940 14938 14937 14939
f 14148 14356 14354 14147
f 14884 14939 14937 14883
f 14860 14962 14965 14968 14970 14861
f 14146 14351 14349 14145
f 14886 14943 14941 14885
f 14898 14963 14961 14897
f 14887 14945 14943 14886
f 14948 14949 14947 14946
f 14893 14954 14953 14892
f 14192 14262 14264 14193
f 14896 14959 14958 14895
f 14162 14161 14201 14202
f 14157 14380 14377 14156
f 14158 14157 14197 14198
f 14199 14280 14283 14200
f 14196 14272 14275 14197
f 14278 14277 14279 14280
f 14394 14395 14392 14391
f 14406 14407 14404 14403
f 14205 14296 14299 14206
f 14288 14287 14290 14291
f 14299 14298 14300 14301
f 14206 14299 14301 14207
f 14168 14408 14406 14167
f 14210 14309 14311 14211
f 14212 14314 14316 14213
f 14320 14321 14425 14424
f 14213 14316 14317 14133
f 14814 14812 15688 15689
f 14333 14334 14329 14328 14331
f 14134 14320 14424 14174
f 14856 14918 14921 14923 14926 14929 14857
f 14133 14317 14215 14126
f 14322 14323 14321 14320
f 14314 14313 14315 14316
f 14143 14142 14182 14183
f 14214 14319 14312 14307 14302 14132
f 14786 14784 15674 15675
f 14420 14421 14418 14417
f 14330 14331 14328 14327
f 14130 14273 14270 14265 14260 14255 14129
f 14229 14228 14231 14232
f 14788 14869 14868 14786
f 14804 14877 14876 14802
f 14342 14343 14340 14339
f 14177 14224 14227 14178
f 14224 14223 14226 14227
f 14810 14880 14879 14808
f 14139 14332 14330 14138
f 14142 14141 14181 14182
f 14324 14426 14425 14321 14323
f 14844 14897 14896 14842
f 14142 14341 14338 14141
f 14925 14926 14923 14922 14924
f 14127 14230 14225 14220 14217 14319 14214
f 14250 14255 14256 14253 14251
f 14145 14349 14346 14144
f 14906 14907 14905 14904 14903
f 14876 14927 14925 14875
f 14409 14410 14405 14404 14407
f 14881 14934 14933 14880
f 14252 14251 14253 14254
f 14937 14938 14935 14934 14936
f 14362 14363 14360 14359
f 14187 14249 14252 14188
f 14254 14253 14256 14257
f 14943 14944 14942 14941
f 14885 14941 14939 14884
f 14136 14135 14175 14176
f 14161 14160 14200 14201
f 14889 14948 14946 14888
f 14189 14254 14257 14190
f 14129 14128 14127 14214 14132 14131 14130
f 14892 14953 14951 14891
f 14894 14956 14954 14893
f 14160 14159 14199 14200
f 14369 14370 14368 14367
f 14264 14263 14266 14267
f 14194 14267 14269 14195
f 14193 14264 14267 14194
f 14154 14372 14369 14153
f 14902 14969 14967 14901
f 14374 14375 14373 14372
f 14153 14369 14367 14152
f 14872 14920 14919 14871
f 14283 14282 14284 14285
f 14160 14388 14385 14159
f 14386 14387 14384 14383
f 14385 14386 14383 14382
f 14202 14288 14291 14203
f 14377 14378 14375 14374
f 14148 14147 14187 14188
f 14161 14390 14388 14160
f 14182 14237 14239 14183
f 14828 14826 15695 15696
f 14203 14291 14293 14204
f 14163 14162 14202 14203
f 14165 14164 14204 14205
f 14285 14284 14287 14288
f 14163 14396 14393 14162
f 14135 14134 14126 14175
f 14348 14347 14350 14352 14353
f 14287 14286 14289 14290
f 14166 14165 14205 14206
f 14396 14397 14394 14393
f 14398 14399 14397 14396
f 14291 14290 14292 14293
f 14166 14403 14401 14165
f 14167 14406 14403 14166
f 14417 14418 14413 14412 14415
f 14173 14422 14419 14172
f 14256 14255 14260 14261 14258
f 14147 14146 14186 14187
f 14169 14411 14408 14168
f 14295 14294 14297 14298
f 14209 14306 14309 14210
f 14172 14419 14416 14171
f 14169 14168 14208 14209
f 14138 14137 14177 14178
f 14301 14300 14303 14304
f 14239 14238 14241 14242
f 14412 14413 14410 14409
f 14802 14800 15682 15683
f 14311 14310 14313 14314
f 14419 14420 14417 14416
f 14171 14170 14210 14211
f 14780 14778 15671 15672
f 14219 14218 14221 14222
f 14171 14416 14414 14170
f 14810 14808 15686 15687
f 14422 14423 14420 14419
f 14150 14149 14189 14190
f 14806 14878 14877 14804
f 14790 14788 15676 15677
f 14788 14786 15675 15676
f 14830 14828 15696 15697
f 14353 14352 14355 14357 14358
f 14173 14172 14212 14213
f 14846 14844 15704 15705
f 14850 14848 15706 15707
f 14137 14136 14176 14177
f 14175 14219 14222 14176
f 14134 14174 14133 14126
f 14135 14322 14320 14134
f 14857 14858 14859 14860 14861 14855 14856
f 14343 14342 14345 14347 14348
f 14790 14870 14869 14788
f 14339 14340 14337 14334 14333 14336
f 14144 14143 14183 14184
f 14794 14872 14871 14792
f 14138 14330 14327 14137
f 14126 14215 14219 14175
f 14329 14334 14340 14343 14348 14353 14358 14361 14366 14371 14376 14379 14384 14387 14392 14395 14400 14405 14410 14413 14418 14421 14426 14324
f 14830 14890 14889 14828
f 14838 14894 14893 14836
f 14179 14229 14232 14180
f 14141 14338 14335 14140
f 14859 14949 14952 14955 14957 14960 14962 14860
f 14854 14902 14901 14852
f 14824 14887 14886 14822
f 14277 14276 14281 14282 14279
f 14144 14346 14344 14143
f 14181 14234 14237 14182
f 14156 14155 14195 14196
f 14289 14294 14295 14292 14290
f 14395 14394 14397 14399 14400
f 14868 14914 14912 14867
f 14244 14243 14246 14247
f 14796 14873 14872 14794
f 14247 14246 14248 14249
f 14354 14355 14352 14351
f 14367 14368 14365 14364
f 14139 14138 14178 14179
f 14875 14925 14924 14874
f 14408 14409 14407 14406
f 14908 14909 14907 14906
f 14846 14898 14897 14844
f 14249 14248 14251 14252
f 14877 14928 14927 14876
f 14184 14242 14244 14185
f 14131 14281 14276 14273 14130
f 14857 14929 14932 14935 14938 14940 14858
f 14356 14357 14355 14354
f 14365 14366 14361 14360 14363
f 14359 14360 14357 14356
f 14912 14913 14911 14909 14908 14910
f 14188 14252 14254 14189
f 14883 14937 14936 14882
f 14370 14371 14366 14365 14368
f 14879 14931 14930 14878
f 14880 14933 14931 14879
f 14954 14955 14952 14951 14953
f 14364 14365 14363 14362
f 14951 14952 14949 14948 14950
f 14150 14362 14359 14149
f 14890 14950 14948 14889
f 14891 14951 14950 14890
f 14967 14968 14965 14964 14966
f 14198 14278 14280 14199
f 14259 14258 14261 14262
f 14959 14960 14957 14956 14958
f 14257 14256 14258 14259
f 14956 14957 14955 14954
f 14372 14373 14370 14369
f 14403 14404 14402 14401
f 14961 14962 14960 14959
f 14262 14261 14263 14264
f 14391 14392 14387 14386 14389
f 14149 14359 14356 14148
f 14190 14257 14259 14191
f 14151 14364 14362 14150
f 14899 14964 14963 14898
f 14267 14266 14268 14269
f 14900 14966 14964 14899
f 14970 14968 14967 14969 14904 14905
f 14195 14269 14272 14196
f 14269 14268 14271 14272
f 14141 14140 14180 14181
f 14156 14377 14374 14155
f 14863 14904 14969 14902
f 14378 14379 14376 14375
f 14272 14271 14274 14275
f 14197 14275 14278 14198
f 14380 14381 14378 14377
f 14379 14378 14381 14383 14384
f 14275 14274 14277 14278
f 14159 14385 14382 14158
f 14155 14374 14372 14154
f 14388 14389 14386 14385
f 14235 14240 14241 14238 14236
f 14162 14393 14390 14161
f 14201 14285 14288 14202
f 14281 14286 14287 14284 14282
f 14165 14401 14398 14164
f 14390 14391 14389 14388
f 14158 14382 14380 14157
f 14204 14293 14296 14205
f 14393 14394 14391 14390
f 14375 14376 14371 14370 14373
f 14245 14250 14251 14248 14246
f 14832 14830 15697 15698
f 14140 14139 14179 14180
f 14293 14292 14295 14296
f 14240 14245 14246 14243 14241
f 14207 14301 14304 14208
f 14151 14150 14190 14191
f 14401 14402 14399 14398
f 14170 14414 14411 14169
f 14159 14158 14198 14199
f 14180 14232 14234 14181
f 14302 14307 14308 14305 14303
f 14168 14167 14207 14208
f 14874 14924 14922 14873
f 14211 14311 14314 14212
f 14304 14303 14305 14306
f 14873 14922 14920 14872
f 14804 14802 15683 15684
f 14167 14166 14206 14207
f 14411 14412 14409 14408
f 14217 14220 14221 14218 14216
f 14855 14861 14970 14905 14907 14909 14911
f 14215 14216 14218 14219
f 14834 14892 14891 14832
f 14297 14302 14303 14300 14298
f 14306 14305 14308 14309
f 14309 14308 14310 14311
f 14818 14816 15690 15691
f 14152 14151 14191 14192
f 14344 14345 14342 14341
f 14317 14318 14216 14215
f 14325 14326 14323 14322
f 14778 14775 15670 15671
f 14128 14245 14240 14235 14230 14127
f 14313 14312 14319 14318 14315
f 14818 14884 14883 14816
f 14784 14782 15673 15674
f 14782 14780 15672 15673
f 14775 14776 15669 15670
f 14796 14794 15679 15680
f 14794 14792 15678 15679
f 14792 14790 15677 15678
f 14800 14798 15681 15682
f 14798 14796 15680 15681
f 14222 14221 14223 14224
f 14855 14911 14913 14915 14918 14856
f 14806 14804 15684 15685
f 14822 14820 15692 15693
f 14820 14818 15691 15692
f 14826 14824 15694 15695
f 14834 14832 15698 15699
f 14836 14834 15699 15700
f 14153 14152 14192 14193
f 14852 14850 15707 15708
f 14844 14842 15703 15704
f 14854 14852 15708 15709
f 14327 14328 14326 14325
f 14840 14838 15701 15702
f 14842 14840 15702 15703
f 14227 14226 14228 14229
f 14349 14350 14347 14346
f 14234 14233 14236 14237
f 14335 14336 14333 14332
f 14136 14325 14322 14135
f 14170 14169 14209 14210
f 14137 14327 14325 14136
f 14786 14868 14867 14784
f 14338 14339 14336 14335
f 14778 14864 14862 14775
f 14780 14865 14864 14778
f 14232 14231 14233 14234
f 14775 14862 14863 14776
f 14848 14846 15705 15706
f 14782 14866 14865 14780
f 14221 14220 14225 14226 14223
f 14145 14144 14184 14185
f 14792 14871 14870 14790
f 14341 14342 14339 14338
f 14798 14874 14873 14796
f 14802 14876 14875 14800
f 14800 14875 14874 14798
f 14178 14227 14229 14179
f 14808 14879 14878 14806
f 14784 14867 14866 14782
f 14814 14882 14881 14812
f 14332 14333 14331 14330
f 14812 14881 14880 14810
f 14346 14347 14345 14344
f 14773 14853 14851 14849 14847 14845 14843 14841 14839 14837 14835 14833 14831 14829 14827 14825 14823 14821 14819 14817 14815 14813 14811 14809 14807 14805 14803 14801 14799 14797 14795 14793 14791 14789 14787 14785 14783 14781 14779 14777 14774
f 14816 14883 14882 14814
f 14140 14335 14332 14139
f 14836 14893 14892 14834
f 14157 14156 14196 14197
f 14828 14889 14888 14826
f 14328 14329 14324 14323 14326
f 14832 14891 14890 14830
f 14820 14885 14884 14818
f 14307 14312 14313 14310 14308
f 14826 14888 14887 14824
f 14840 14895 14894 14838
f 14842 14896 14895 14840
f 14850 14900 14899 14848
f 14776 14863 14902 14854
f 14186 14247 14249 14187
f 14852 14901 14900 14850
f 14862 14903 14904 14863
f 14404 14405 14400 14399 14402
f 14864 14906 14903 14862
f 14858 14940 14942 14944 14947 14949 14859
f 14865 14908 14906 14864
f 14920 14921 14918 14917 14919
f 14866 14910 14908 14865
f 14964 14965 14962 14961 14963
f 14143 14344 14341 14142
f 14867 14912 14910 14866
f 14183 14239 14242 14184
f 14869 14916 14914 14868
f 14870 14917 14916 14869
f 14871 14919 14917 14870
f 14928 14929 14926 14925 14927
f 14922 14923 14921 14920
f 14225 14230 14231 14228 14226
f 14185 14244 14247 14186
f 15710 15711 15670 15669
f 15711 15712 15671 15670
f 15712 15713 15672 15671
f 15713 15714 15673 15672
f 15714 15715 15674 15673
f 15715 15716 15675 15674
f 15716 15717 15676 15675
f 15717 15718 15677 15676
f 15718 15719 15678 15677
f 15719 15720 15679 15678
f 15720 15721 15680 15679
f 15721 15722 15681 15680
f 15722 15723 15682 15681
f 15723 15724 15683 15682
f 15724 15725 15684 15683
f 15725 15726 15685 15684
f 15726 15727 15686 15685
f 15727 15728 15687 15686
f 15728 15729 15688 15687
f 15729 15730 15689 15688
f 15730 15731 15690 15689
f 15731 15732 15691 15690
f 15732 15733 15692 15691
f 15733 15734 15693 15692
f 15734 15735 15694 15693
f 15735 15736 15695 15694
f 15736 15737 15696 15695
f 15737 15738 15697 15696
f 15738 15739 15698 15697
f 15739 15740 15699 15698
f 15740 15741 15700 15699
f 15741 15742 15701 15700
f 15742 15743 15702 15701
f 15743 15744 15703 15702
f 15744 15745 15704 15703
f 15745 15746 15705 15704
f 15746 15747 15706 15705
f 15747 15748 15707 15706
f 15748 15749 15708 15707
f 15749 15750 15709 15708
f 15750 15710 15669 15709
f 14773 14774 15711 15710
f 14774 14777 15712 15711
f 14777 14779 15713 15712
f 14779 14781 15714 15713
f 14781 14783 15715 15714
f 14783 14785 15716 15715
f 14785 14787 15717 15716
f 14787 14789 15718 15717
f 14789 14791 15719 15718
f 14791 14793 15720 15719
f 14793 14795 15721 15720
f 14795 14797 15722 15721
f 14797 14799 15723 15722
f 14799 14801 15724 15723
f 14801 14803 15725 15724
f 14803 14805 15726 15725
f 14805 14807 15727 15726
f 14807 14809 15728 15727
f 14809 14811 15729 15728
f 14811 14813 15730 15729
f 14813 14815 15731 15730
f 14815 14817 15732 15731
f 14817 14819 15733 15732
f 14819 14821 15734 15733
f 14821 14823 15735 15734
f 14823 14825 15736 15735
f 14825 14827 15737 15736
f 14827 14829 15738 15737
f 14829 14831 15739 15738
f 14831 14833 15740 15739
f 14833 14835 15741 15740
f 14835 14837 15742 15741
f 14837 14839 15743 15742
f 14839 14841 15744 15743
f 14841 14843 15745 15744
f 14843 14845 15746 15745
f 14845 14847 15747 15746
f 14847 14849 15748 15747
f 14849 14851 15749 15748
f 14851 14853 15750 15749
f 14853 14773 15710 15750
f 15323 15418 15417 15321
f 15383 15468 15472 15385
f 15083 15180 15176 15081
f 15357 15355 15354 15356
f 15350 15445 15447 15352
f 15504 15511 15510 15507 15503
f 15312 15409 15411 15314
f 15484 15485 15481 15480
f 15413 15520 15522 15415
f 15144 15149 15148 15143 15142
f 15652 15650 15649 15651
f 14990 14988 14987 14989
f 14977 15066 15068 14979
f 15002 15091 15089 15000
f 15043 15132 15134 15045
f 15192 15198 15197 15195 15191
f 15182 15183 15177 15176 15180
f 15078 15171 15174 15080
f 15114 15232 15236 15116
f 15120 15242 15245 15122
f 15297 15295 15294 15296
f 15237 15238 15235 15234
f 15422 15534 15531 15420
f 15303 15400 15398 15301
f 15293 15390 15388 15291
f 15395 15490 15494 15397
f 15409 15513 15516 15411
f 15435 15556 15559 15437
f 15378 15459 15586 15454
f 15638 15636 15635 15637
f 15562 15563 15566 15565
f 15658 15656 15655 15657
f 15032 15030 15029 15031
f 14994 14992 14991 14993
f 14998 14996 14995 14997
f 15020 15018 15017 15019
f 15050 15048 15047 15049
f 14991 15080 15082 14993
f 14973 15062 15063 14974
f 15013 15102 15104 15015
f 14993 15082 15084 14995
f 15174 15175 15179 15178
f 15073 15163 15159 15071
f 15221 15222 15226 15230 15229 15225
f 15227 15228 15224 15223
f 15146 15147 15275 15274 15277
f 15278 15375 15376 15279
f 15292 15389 15391 15294
f 15282 15379 15381 15284
f 15291 15388 15386 15289
f 15377 15458 15459 15378
f 15308 15405 15407 15310
f 15336 15431 15433 15338
f 15457 15367 15366 15469 15463
f 15465 15464 15467 15470 15471
f 15375 15455 15456 15376
f 15386 15474 15470 15384
f 15496 15495 15499 15501 15502
f 15392 15484 15480 15390
f 15650 15648 15647 15649
f 15557 15563 15562 15559 15556
f 15620 15618 15617 15619
f 15654 15652 15651 15653
f 15092 15195 15197 15094
f 15354 15449 15451 15356
f 15116 15236 15239 15118
f 14988 14986 14985 14987
f 15016 15014 15013 15015
f 14973 14974 14971 14972
f 14980 14978 14977 14979
f 14996 14994 14993 14995
f 14984 14982 14981 14983
f 15056 15209 15205 15198 15192 15189 15057
f 15012 15010 15009 15011
f 15027 15116 15118 15029
f 15028 15026 15025 15027
f 15034 15032 15031 15033
f 15368 15460 15465 15471 15475 15481 15485 15489 15369
f 14985 15074 15076 14987
f 15170 15169 15173 15176 15177
f 14980 15069 15067 14978
f 14979 15068 15070 14981
f 14995 15084 15086 14997
f 15001 15090 15092 15003
f 14990 15079 15077 14988
f 15019 15108 15110 15021
f 15022 15111 15109 15020
f 15024 15113 15111 15022
f 14997 15086 15088 14999
f 15046 15135 15133 15044
f 15067 15153 15150 15065
f 15065 15150 15145 15062
f 15087 15186 15182 15085
f 15081 15176 15173 15079
f 15186 15187 15183 15182
f 15540 15546 15545 15543 15539
f 15088 15188 15191 15090
f 15098 15204 15208 15100
f 15095 15199 15196 15093
f 15103 15213 15210 15101
f 15106 15218 15221 15108
f 15104 15214 15218 15106
f 15110 15225 15229 15112
f 15126 15253 15256 15128
f 15283 15280 15279 15282
f 15128 15256 15259 15130
f 15319 15317 15316 15318
f 15280 15281 15278 15279
f 15301 15299 15298 15300
f 15063 15146 15277 15141
f 15291 15289 15288 15290
f 15315 15313 15312 15314
f 15309 15307 15306 15308
f 15337 15335 15334 15336
f 15351 15349 15348 15350
f 15280 15377 15378 15281
f 15298 15395 15397 15300
f 15299 15396 15394 15297
f 15305 15402 15400 15303
f 15307 15404 15402 15305
f 15328 15423 15425 15330
f 15346 15441 15443 15348
f 15351 15446 15444 15349
f 15281 15378 15454 15359
f 15055 15226 15222 15215 15209 15056
f 15387 15476 15478 15389
f 15400 15499 15495 15398
f 15396 15492 15488 15394
f 15398 15495 15492 15396
f 15138 15272 15276 15140
f 15407 15510 15513 15409
f 15414 15521 15518 15412
f 15457 15463 15462 15456 15455
f 15408 15512 15508 15406
f 15118 15239 15242 15120
f 15420 15531 15528 15418
f 15053 15270 15263 15257 15250 15246 15054
f 15263 15270 15269 15266 15262
f 15419 15530 15532 15421
f 15547 15548 15542 15541 15544
f 15570 15571 15568 15567
f 15454 15586 15583 15452
f 15596 15594 15593 15595
f 15646 15644 15643 15645
f 15640 15638 15637 15639
f 15449 15578 15581 15451
f 14982 14980 14979 14981
f 14976 14973 14972 14975
f 14986 14984 14983 14985
f 15002 15000 14999 15001
f 15006 15004 15003 15005
f 15014 15012 15011 15013
f 15644 15642 15641 15643
f 15030 15028 15027 15029
f 15614 15612 15611 15613
f 15317 15315 15314 15316
f 15024 15022 15021 15023
f 15029 15118 15120 15031
f 15628 15626 15625 15627
f 15042 15040 15039 15041
f 15193 15194 15187 15186 15190
f 14989 15078 15080 14991
f 14978 15067 15065 14976
f 14972 15061 15064 14975
f 14976 15065 15062 14973
f 14994 15083 15081 14992
f 14986 15075 15073 14984
f 14999 15088 15090 15001
f 15006 15095 15093 15004
f 15007 15096 15098 15009
f 15021 15110 15112 15023
f 15020 15109 15107 15018
f 15009 15098 15100 15011
f 15026 15115 15113 15024
f 15032 15121 15119 15030
f 15052 15050 15049 15051
f 15030 15119 15117 15028
f 15039 15128 15130 15041
f 15036 15125 15123 15034
f 15033 15122 15124 15035
f 15050 15139 15137 15048
f 15051 15140 15060 14971
f 15148 15149 15155 15154 15152
f 15052 15141 15139 15050
f 15060 15142 15143 15061
f 15069 15156 15153 15067
f 15072 15161 15164 15074
f 15074 15164 15167 15076
f 15077 15169 15165 15075
f 15008 15006 15005 15007
f 15079 15173 15169 15077
f 15080 15174 15178 15082
f 15082 15178 15181 15084
f 15434 15554 15551 15432
f 15189 15192 15191 15188 15184 15185
f 15198 15205 15204 15201 15197
f 15370 15506 15509 15515 15519 15525 15371
f 15090 15191 15195 15092
f 15204 15205 15209 15208
f 15541 15542 15538 15535 15534 15537
f 15102 15212 15214 15104
f 15113 15231 15227 15111
f 15260 15261 15255 15254 15258
f 15243 15244 15238 15237 15241
f 15229 15230 15233 15232
f 15117 15237 15234 15115
f 15257 15263 15262 15259 15256
f 15491 15498 15497 15494 15490
f 15254 15255 15252 15248 15247 15251
f 15129 15258 15254 15127
f 15245 15246 15250 15249
f 15519 15518 15521 15524 15525
f 15517 15523 15522 15520 15516
f 15132 15262 15266 15134
f 15127 15254 15251 15125
f 15122 15245 15249 15124
f 15269 15270 15273 15272
f 14974 15063 15141 15052
f 15134 15266 15269 15136
f 15498 15504 15503 15500 15497
f 15289 15287 15286 15288
f 15299 15297 15296 15298
f 15321 15319 15318 15320
f 15313 15311 15310 15312
f 15357 15452 15450 15355
f 15323 15321 15320 15322
f 15331 15329 15328 15330
f 15347 15345 15344 15346
f 15349 15347 15346 15348
f 15355 15353 15352 15354
f 15364 15365 15366 15367 15360 15361 15362 15363
f 15473 15479 15478 15476 15472
f 15284 15381 15383 15286
f 15489 15485 15484 15488 15492 15493
f 15283 15380 15377 15280
f 15289 15386 15384 15287
f 15288 15385 15387 15290
f 15300 15397 15399 15302
f 15313 15410 15408 15311
f 15302 15399 15401 15304
f 15331 15426 15424 15329
f 15338 15433 15435 15340
f 15332 15427 15429 15334
f 15335 15430 15428 15333
f 15330 15425 15427 15332
f 15341 15436 15434 15339
f 15348 15443 15445 15350
f 15359 15454 15452 15357
f 15573 15579 15578 15575 15572
f 15380 15464 15458 15377
f 15379 15462 15466 15381
f 15381 15466 15468 15383
f 15369 15489 15493 15496 15502 15506 15370
f 15388 15477 15474 15386
f 15487 15491 15490 15486 15482 15483
f 15478 15479 15483 15482
f 15510 15511 15517 15516 15513
f 15286 15383 15385 15288
f 15393 15486 15490 15395
f 15325 15323 15322 15324
f 15310 15407 15409 15312
f 15281 15359 15358 15278
f 15402 15501 15499 15400
f 15401 15500 15503 15403
f 15560 15561 15555 15554 15558
f 15406 15508 15505 15404
f 15554 15555 15548 15547 15551
f 15410 15514 15512 15408
f 15634 15632 15631 15633
f 15059 15149 15144 15273 15270 15053
f 15412 15518 15514 15410
f 15112 15229 15232 15114
f 15240 15246 15245 15242 15239
f 15428 15544 15541 15426
f 15430 15547 15544 15428
f 15432 15551 15547 15430
f 15666 15664 15663 15665
f 15155 15162 15161 15158 15154
f 15151 15150 15153 15156 15157
f 15307 15305 15304 15306
f 15452 15583 15580 15450
f 15602 15600 15599 15601
f 15374 15577 15584 15461 15460 15368
f 15592 15589 15588 15591
f 15589 15590 15587 15588
f 15453 15585 15455 15375
f 15438 15560 15558 15436
f 15608 15606 15605 15607
f 15618 15616 15615 15617
f 15622 15620 15619 15621
f 15648 15646 15645 15647
f 15632 15630 15629 15631
f 15626 15624 15623 15625
f 15041 15130 15132 15043
f 15329 15327 15326 15328
f 14992 14990 14989 14991
f 15319 15416 15414 15317
f 15459 15461 15584 15583 15586
f 15038 15036 15035 15037
f 14974 15052 15051 14971
f 15026 15024 15023 15025
f 15018 15016 15015 15017
f 15010 15008 15007 15009
f 15022 15020 15019 15021
f 15000 14998 14997 14999
f 15048 15046 15045 15047
f 15044 15042 15041 15043
f 15036 15034 15033 15035
f 15040 15038 15037 15039
f 15023 15112 15114 15025
f 14981 15070 15072 14983
f 15028 15117 15115 15026
f 15577 15576 15580 15583 15584
f 15055 15056 15057 15058 15059 15053 15054
f 14975 15064 15066 14977
f 14971 15060 15061 14972
f 14988 15077 15075 14986
f 14987 15076 15078 14989
f 14996 15085 15083 14994
f 15017 15106 15108 15019
f 14992 15081 15079 14990
f 14983 15072 15074 14985
f 15566 15573 15572 15569 15565
f 14984 15073 15071 14982
f 15016 15105 15103 15014
f 15000 15089 15087 14998
f 15004 15093 15091 15002
f 15003 15092 15094 15005
f 15008 15097 15095 15006
f 15012 15101 15099 15010
f 15014 15103 15101 15012
f 15005 15094 15096 15007
f 15011 15100 15102 15013
f 15015 15104 15106 15017
f 15046 15044 15043 15045
f 15010 15099 15097 15008
f 15018 15107 15105 15016
f 14998 15087 15085 14996
f 15025 15114 15116 15027
f 14982 15071 15069 14980
f 15035 15124 15126 15037
f 15038 15127 15125 15036
f 15040 15129 15127 15038
f 15076 15167 15171 15078
f 15037 15126 15128 15039
f 15044 15133 15131 15042
f 15045 15134 15136 15047
f 15048 15137 15135 15046
f 15049 15138 15140 15051
f 15285 15283 15282 15284
f 15066 15152 15154 15068
f 15061 15143 15148 15064
f 15365 15487 15483 15479 15473 15469 15366
f 15064 15148 15152 15066
f 15169 15170 15166 15165
f 15165 15166 15160 15159 15163
f 15068 15154 15158 15070
f 15004 15002 15001 15003
f 15070 15158 15161 15072
f 15071 15159 15156 15069
f 15159 15160 15157 15156
f 15151 15157 15160 15166 15170 15177 15183 15187 15194 15200 15203 15207 15211 15217 15220 15224 15228 15235 15238 15244 15248 15252 15255 15261 15265 15268 15275 15147
f 15075 15165 15163 15073
f 15373 15561 15568 15571 15577 15374
f 15179 15185 15184 15181 15178
f 15062 15145 15146 15063
f 15054 15246 15240 15233 15230 15226 15055
f 15085 15182 15180 15083
f 15089 15190 15186 15087
f 15194 15193 15196 15199 15200
f 15111 15227 15223 15109
f 15093 15196 15193 15091
f 15100 15208 15212 15102
f 15084 15181 15184 15086
f 15203 15200 15199 15202 15206 15207
f 15031 15120 15122 15033
f 15091 15193 15190 15089
f 15216 15217 15211 15210 15213
f 15576 15577 15571 15570 15574
f 15099 15206 15202 15097
f 15094 15197 15201 15096
f 15107 15219 15216 15105
f 15096 15201 15204 15098
f 15097 15202 15199 15095
f 15101 15210 15206 15099
f 15333 15331 15330 15332
f 15233 15240 15239 15236 15232
f 15105 15216 15213 15103
f 15210 15211 15207 15206
f 15529 15528 15531 15534 15535
f 15371 15525 15529 15535 15538 15372
f 15223 15224 15220 15217 15216 15219
f 15115 15234 15231 15113
f 15360 15573 15566 15563 15557 15553 15361
f 15108 15221 15225 15110
f 15384 15470 15467 15382
f 15109 15223 15219 15107
f 15460 15461 15459 15458 15464 15465
f 15137 15271 15267 15135
f 15086 15184 15188 15088
f 14978 14976 14975 14977
f 15265 15261 15260 15264 15267 15268
f 15119 15241 15237 15117
f 15123 15247 15243 15121
f 15125 15251 15247 15123
f 15247 15248 15244 15243
f 15274 15275 15268 15267 15271
f 15133 15264 15260 15131
f 15131 15260 15258 15129
f 15124 15249 15253 15126
f 15130 15259 15262 15132
f 15135 15267 15264 15133
f 15139 15274 15271 15137
f 15141 15277 15274 15139
f 15140 15276 15142 15060
f 15656 15654 15653 15655
f 15372 15538 15542 15548 15555 15561 15373
f 15273 15144 15142 15276 15272
f 15287 15285 15284 15286
f 15295 15293 15292 15294
f 15506 15502 15501 15505 15508 15509
f 15404 15505 15501 15402
f 15311 15309 15308 15310
f 15305 15303 15302 15304
f 15327 15325 15324 15326
f 15345 15343 15342 15344
f 15136 15269 15272 15138
f 15343 15341 15340 15342
f 15335 15333 15332 15334
f 15341 15339 15338 15340
f 15339 15337 15336 15338
f 15353 15351 15350 15352
f 15359 15357 15356 15358
f 15279 15376 15379 15282
f 15285 15382 15380 15283
f 15518 15519 15515 15514
f 15290 15387 15389 15292
f 15355 15450 15448 15353
f 15287 15384 15382 15285
f 15296 15393 15395 15298
f 15353 15448 15446 15351
f 15316 15413 15415 15318
f 15304 15401 15403 15306
f 15301 15398 15396 15299
f 15315 15412 15410 15313
f 15306 15403 15405 15308
f 15297 15394 15392 15295
f 15317 15414 15412 15315
f 15311 15408 15406 15309
f 15309 15406 15404 15307
f 15294 15391 15393 15296
f 15349 15444 15442 15347
f 15325 15420 15418 15323
f 15047 15136 15138 15049
f 15326 15421 15423 15328
f 15337 15432 15430 15335
f 15334 15429 15431 15336
f 15329 15424 15422 15327
f 15333 15428 15426 15331
f 15390 15480 15477 15388
f 15340 15435 15437 15342
f 15344 15439 15441 15346
f 15343 15438 15436 15341
f 15342 15437 15439 15344
f 15345 15440 15438 15343
f 15347 15442 15440 15345
f 15327 15422 15420 15325
f 15321 15417 15416 15319
f 15314 15411 15413 15316
f 15356 15451 15453 15358
f 15295 15392 15390 15293
f 15358 15453 15375 15278
f 15249 15250 15257 15256 15253
f 15376 15456 15462 15379
f 15339 15434 15432 15337
f 15528 15529 15525 15524 15526
f 15468 15469 15473 15472
f 15382 15467 15464 15380
f 15324 15419 15421 15326
f 15474 15475 15471 15470
f 15385 15472 15476 15387
f 15533 15540 15539 15536 15532
f 15363 15523 15517 15511 15364
f 15389 15478 15482 15391
f 15394 15488 15484 15392
f 15391 15482 15486 15393
f 15480 15481 15475 15474 15477
f 15636 15634 15633 15635
f 15058 15172 15168 15162 15155 15149 15059
f 15495 15496 15493 15492
f 15397 15494 15497 15399
f 15463 15469 15468 15466 15462
f 15399 15497 15500 15401
f 15372 15373 15374 15368 15369 15370 15371
f 15403 15503 15507 15405
f 15509 15508 15512 15514 15515
f 15443 15569 15572 15445
f 15427 15543 15545 15429
f 15411 15516 15520 15413
f 15417 15526 15524 15416
f 15405 15507 15510 15407
f 15416 15524 15521 15414
f 15418 15528 15526 15417
f 15424 15537 15534 15422
f 15421 15532 15536 15423
f 15362 15540 15533 15527 15523 15363
f 15426 15541 15537 15424
f 15423 15536 15539 15425
f 15214 15215 15222 15221 15218
f 15425 15539 15543 15427
f 15553 15557 15556 15552 15549 15550
f 15545 15546 15550 15549
f 15429 15545 15549 15431
f 15121 15243 15241 15119
f 15436 15558 15554 15434
f 15433 15552 15556 15435
f 15437 15559 15562 15439
f 15567 15568 15561 15560 15564
f 15442 15567 15564 15440
f 15440 15564 15560 15438
f 15439 15562 15565 15441
f 15448 15576 15574 15446
f 15444 15570 15567 15442
f 15441 15565 15569 15443
f 15367 15457 15582 15579 15573 15360
f 15445 15572 15575 15447
f 15446 15574 15570 15444
f 15610 15608 15607 15609
f 15578 15579 15582 15581
f 15451 15581 15585 15453
f 15364 15511 15504 15498 15491 15487 15365
f 15450 15580 15576 15448
f 15612 15610 15609 15611
f 15447 15575 15578 15449
f 15598 15596 15595 15597
f 15147 15146 15145 15150 15151
f 15604 15602 15601 15603
f 15582 15457 15455 15585 15581
f 15600 15598 15597 15599
f 15606 15604 15603 15605
f 15594 15592 15591 15593
f 15616 15614 15613 15615
f 15630 15628 15627 15629
f 15352 15447 15449 15354
f 15624 15622 15621 15623
f 15431 15549 15552 15433
f 15642 15640 15639 15641
f 15361 15553 15550 15546 15540 15362
f 15660 15658 15657 15659
f 15664 15662 15661 15663
f 15590 15668 15667 15587
f 15668 15666 15665 15667
f 15303 15301 15300 15302
f 15293 15291 15290 15292
f 15234 15235 15228 15227 15231
f 15208 15209 15215 15214 15212
f 15034 15123 15121 15032
f 15172 15175 15174 15171 15167 15168
f 15042 15131 15129 15040
f 15162 15168 15167 15164 15161
f 15662 15660 15659 15661
f 15662 15664 15666 15668 15590 15589 15592 15594 15596 15598 15600 15602 15604 15606 15608 15610 15612 15614 15616 15618 15620 15622 15624 15626 15628 15630 15632 15634 15636 15638 15640 15642 15644 15646 15648 15650 15652 15654 15656 15658 15660
f 15057 15189 15185 15179 15175 15172 15058
